100060	Fida	0.6407233476638794
100060	Mujhe_Kucch_Kehna_Hai	0.17921674251556396
100060	Kareena	0.11581767350435257
100060	Mere_Jeevan_Saathi_(2006_film)	-0.8998963236808777
100060	Tashan_(film)	-1.0138593912124634
100060	Talaash:_The_Hunt_Begins...	-1.9912526607513428
100060	Gori_Tere_Pyaar_Mein	-2.0762314796447754
100060	Silver_Star_(charity)	-3.1248226165771484
100060	Ra1	-3.1734871864318848
100060	Love_U_Zindagi	-3.2738418579101562
100145	Silver_Surfer	5.554056167602539
100145	Silver_Surfer_(comic_book)	3.986389636993408
100145	Silver_Surfer_(disambiguation)	2.959352493286133
100145	Alicia_Masters	1.711057186126709
100145	Mephisto_(comics)	1.337293267250061
100145	Silver_Surfer_(TV_series)	0.6531006097793579
100145	Tyrant_(Marvel_Comics)	0.22141703963279724
100145	Silver_Surfer_(video_game)	-0.9030044078826904
100145	Ron_Lim	-1.1852281093597412
100145	Spinsterhood	-1.4484796524047852
100243	Kung_Fu_Panda	5.218395233154297
100243	Kung_Fu_Panda_2	3.1729040145874023
100243	List_of_Kung_Fu_Panda:_Legends_of_Awesomeness_episodes	1.2017364501953125
100243	Kung_Fu_Panda_(franchise)	-0.26104867458343506
100243	Jennifer_Yuh_Nelson	-1.6909008026123047
100243	Kung_Fu_Panda_World	-1.8818268775939941
100243	List_of_Kung_Fu_Panda_characters	-2.9506115913391113
100243	Kung_Fu_Panda:_Legendary_Warriors	-3.131911277770996
100243	Kung_Fu_Panda:_Secrets_of_the_Scroll	-3.181878089904785
100243	Master_Po	-4.735846042633057
100245	Julie_Bowen	9.223119735717773
100245	Andrea_Bowen	6.287348747253418
100245	Samantha_Bowen	3.9928975105285645
100245	Dennis_Bowen	2.6763882637023926
100245	Andrew_Bowen	2.106621026992798
100245	Stephen_Bowen_(astronaut)	0.8074672222137451
100245	Julie_Mayer_(Desperate_Housewives)	-0.6885254383087158
100245	David_Bowen	-3.4232664108276367
100245	Edward_Bowen	-3.6098289489746094
100245	Mark_Bowen	-4.234800338745117
100261	Mount_Hood,_Oregon	1.376399040222168
100261	Mount_Hood_(disambiguation)	1.0299495458602905
100261	Hood_River_Valley	0.2933230996131897
100261	Timberline_Trail	-0.777664065361023
100261	Elk_Cove_(Oregon)	-1.0757077932357788
100261	Hood_River_(Oregon)	-1.1865777969360352
100261	Badger_Creek_Wilderness	-1.4609817266464233
100261	Mount_Mitchell_(Oregon)	-2.4290828704833984
100261	Lost_Lake_(Hood_River_County,_Oregon)	-2.478935480117798
100261	Mount_Hood_Parkdale,_Oregon	-3.027815580368042
100271	Sarah_Hyland	8.598007202148438
100271	Ann_Hyland	2.262106418609619
100271	Paul_Hyland	0.3290040194988251
100271	See_You_in_Valhalla	-0.4605860114097595
100271	Pat_Hyland_(jockey)	-0.47865211963653564
100271	Willie_Hyland	-0.8747400045394897
100271	XOXO_(2016_film)	-1.5682111978530884
100271	Hyland's	-2.0369255542755127
100271	The_Audrey_Hepburn_Story	-2.1523241996765137
100271	Hyland_Airport	-7.147749423980713
100318	Southern_Hospitality_(song)	6.42342472076416
100318	Sleep_Walk	-5.356527805328369
100318	List_of_Adult_Top_40_number-one_songs_of_the_2010s	-5.718775272369385
100318	Lovesick_(EliZe_song)	-6.134165287017822
100318	List_of_Billboard_Mainstream_Top_40_number-one_songs_of_2005	-6.175175189971924
100318	List_of_number-one_singles_of_the_2010s_(Hungary)	-6.71235990524292
100318	Here_Is_Gone	-6.775609016418457
100318	Driving_Under_the_Influence_(song)	-7.187760353088379
100318	Say_It_with_Love	-7.725210666656494
100318	Mikaila_(album)	-8.955440521240234
100320	John_S._McCain_Jr.	4.236026763916016
100320	John_S._McCain_Sr.	2.4784293174743652
100320	USS_John_S._McCain_(DDG-56)	0.6859519481658936
100320	Faith_of_My_Fathers	0.53924959897995
100320	USS_John_S._McCain_(DL-3)	0.30445078015327454
100320	Roberta_McCain	0.11302049458026886
100320	USS_John_S._McCain	-0.04757881909608841
100320	Black_McCains	-1.6070821285247803
100320	McCain	-3.162968397140503
100320	USS_Dentuda_(SS-335)	-5.103863716125488
100446	Shomu_Mukherjee	5.24296760559082
100446	Eric_Chia	-2.5630362033843994
100446	Alfred_W._Toone	-3.1600394248962402
100446	Deb_Mukherjee	-3.6551876068115234
100446	Saleh_Morsi	-4.228615760803223
100446	Pathar_Ke_Insan	-4.472179412841797
100446	Nanha_Shikari	-4.486255645751953
100446	Mukherjee-Samarth_family	-4.718612194061279
100446	Lover_Boy_(1985_film)	-5.144692420959473
100446	David_P._Richardson_(Pennsylvania_politician)	-5.245185375213623
100467	Philtrum_Press	0.793876588344574
100467	Books_about_Stephen_King	0.4390982985496521
100467	Revival_(novel)	-0.6244505643844604
100467	The_Monkey	-0.6683274507522583
100467	Unpublished_and_uncollected_works_by_Stephen_King	-0.7603412866592407
100467	Quitters,_Inc.	-0.7937915325164795
100467	Mile_81	-1.5226014852523804
100467	The_Woman_in_the_Room	-1.5811885595321655
100467	The_New_Lieutenant's_Rap	-2.1943259239196777
100467	Storm_of_the_Century	-2.935481548309326
100487	Miss_Baltic_Sea	5.791225433349609
100487	Baltic_Uplands	4.709864139556885
100487	Estonia–Russia_border	4.385042190551758
100487	Nasva_(stream)	1.756279706954956
100487	1938_Baltic_Cup	-1.1479151248931885
100487	Governor-General_of_Baltic_provinces	-1.2765369415283203
100487	1931_Baltic_Cup	-1.8662352561950684
100487	Estonia_national_football_team_1991	-2.064321994781494
100487	Baltic_League_(ice_hockey)	-2.13474440574646
100487	2001_Baltic_Cup	-2.1828110218048096
10051	Stomp_the_Yard	9.676919937133789
10051	Stomp_the_Yard_(soundtrack)	8.829998970031738
10051	Stomp_the_Yard:_Homecoming	8.812506675720215
10051	Trouble_Sleeping_(film)	7.610018730163574
10051	Gregory_Anderson_(screenwriter)	4.430214881896973
10051	Poppin'_(song)	0.11085938662290573
10051	Bristol_Stomp	-1.7867079973220825
10051	Luke_Cresswell	-1.814741611480713
10051	Stomp_rocket	-2.1380863189697266
10051	Andhra_Kesari	-9.937786102294922
10052	Stomp_the_Yard	2.639096736907959
10052	Stomp_the_Yard_(soundtrack)	2.462517261505127
10052	Stomp_the_Yard:_Homecoming	0.8964179754257202
10052	Trouble_Sleeping_(film)	-0.9067175984382629
10052	Stomp_rocket	-1.9349993467330933
10052	Gregory_Anderson_(screenwriter)	-2.5178682804107666
10052	Poppin'_(song)	-2.706665515899658
10052	Luke_Cresswell	-3.6080496311187744
10052	Bristol_Stomp	-3.913205146789551
10052	Scotland_Yard_(board_game)	-6.8685760498046875
100615	Team_Fortress_2	7.346427917480469
100615	Robin_Walker_(game_designer)	6.784358024597168
100615	Robin_Walker_(disambiguation)	3.8566105365753174
100615	Team_Fortress_Classic	1.6795260906219482
100615	Gang_Garrison_2	1.1363780498504639
100615	Fortress_Forever	0.12085063010454178
100615	TF2	-0.6304834485054016
100615	Fortress_2	-2.5752639770507812
100615	GameSurge	-5.347336769104004
100615	The_Heavy	-5.390316009521484
100617	Floyd_Mayweather_Jr.	6.977774620056152
100617	Tony_Pep	3.8990981578826904
100617	Floyd_Mayweather_Jr._vs._Marcos_Maidana_II	3.3099727630615234
100617	Floyd_Mayweather_Jr._vs._Juan_Manuel_Márquez	3.2741730213165283
100617	Roger_Mayweather	3.0352375507354736
100617	Floyd_Mayweather_Jr._vs._Marcos_Maidana	2.363231658935547
100617	Floyd_Mayweather_Jr._vs._Ricky_Hatton	2.338959217071533
100617	Carlos_Rios	1.9146182537078857
100617	Mayweather	0.5924670100212097
100617	Mayweather_Promotions	-0.06916257739067078
100659	The_Last_of_the_Jedi:_A_Tangled_Web	3.1166181564331055
100659	Tangled_(disambiguation)	2.3491227626800537
100659	With_a_Tangled_Skein	1.9744936227798462
100659	The_Tangled_Skein	1.0516397953033447
100659	Wycliffe_and_the_Tangled_Web	0.881291925907135
100659	Tangled:_The_Video_Game	0.46095603704452515
100659	Tangled_Wool	-1.4404252767562866
100659	Tangled_Hearts	-1.4629067182540894
100659	Tangled_Trails	-2.4659857749938965
100659	Grevillea_flexuosa	-5.871948719024658
100781	Efron	5.434003829956055
100781	Leslie_Wing	-1.2811976671218872
100781	The_Derby_Stallion	-1.7537164688110352
100781	17_Again_(film)	-2.256713390350342
100781	Beanie_Feldstein	-2.498530626296997
100781	Abby_Walker	-2.5331907272338867
100781	Melinda's_World	-3.619682788848877
100781	That_Awkward_Moment	-4.153581142425537
100781	The_Greatest_Showman	-4.338937759399414
100781	Miracle_Run	-4.5663652420043945
100785	Book_of_Mormon_(disambiguation)	0.0880713015794754
100785	The_Book_of_Mormon_and_the_King_James_Bible	-2.1250860691070557
100785	Outline_of_the_Book_of_Mormon	-2.4746408462524414
100785	Book_of_Mormon_witnesses	-2.6916561126708984
100785	Proposed_Book_of_Mormon_geographical_setting	-2.882514238357544
100785	Book_of_Mormon_characters	-4.27516508102417
100785	Waters_of_Mormon	-4.525840759277344
100785	List_of_Book_of_Mormon_groups	-4.856605529785156
100785	Shiz	-4.921072959899902
100785	Hill_Shim	-6.701047897338867
100788	Sky_UK	6.523077011108398
100788	Sky_plc	5.673834800720215
100788	Sky_News	1.9490411281585693
100788	Acetrax	1.3491742610931396
100788	Sky_News_Radio	1.2442715167999268
100788	Freesat_from_Sky	0.19564124941825867
100788	Sky_Midnight_News	-4.933424472808838
100788	Victor_Adebodun	-6.092733860015869
100788	Daniel_Pinto_(financier)	-8.82242488861084
100788	Borland's_Trustee_v_Steel_Bros_&_Co_Ltd	-10.019575119018555
100795	Eurotas_(river)	9.315980911254883
100795	Evrotas_(municipality)	3.2733120918273926
100795	Eurotas	0.13056792318820953
100795	Černý_potok	-1.1848640441894531
100795	Cauquenes_River	-4.101429462432861
100795	Yambou_River	-5.48600959777832
100795	Sellasia	-6.030725479125977
100795	Homathko_River	-6.86384916305542
100795	Barak_River	-7.994784355163574
100795	River_dragonet	-9.034876823425293
100852	Emmanuel_Macron	5.2465057373046875
100852	Jean-Michel_Macron	-1.814798355102539
100852	Brigitte_Macron	-2.1035966873168945
100852	Macron	-3.1455135345458984
100852	Emmanuel_Macron,_les_coulisses_d’une_victoire	-3.315187454223633
100852	List_of_international_presidential_trips_made_by_Emmanuel_Macron	-3.923133373260498
100852	Laurence_Auzière-Jourdan	-4.361081123352051
100852	Authie,_Somme	-4.91649055480957
100852	Philippe_Government	-5.861968994140625
100852	List_of_spouses_or_partners_of_the_President_of_France	-5.942948818206787
100893	ARMZ_Uranium_Holding	-0.809838056564331
100893	Bohodou	-3.5983998775482178
100893	Uranium_sulfate	-3.8936927318573
100893	Uranium(III)_chloride	-3.9111595153808594
100893	Uranium_monophosphide	-4.327003479003906
100893	Uranium_hexachloride	-4.700288772583008
100893	Uranium_borohydride	-4.821279525756836
100893	Uranium_phosphate	-5.172582626342773
100893	Martin_Lake_(Saskatchewan)	-5.585934638977051
100893	Uranium_disilicide	-5.807464599609375
101008	Camp_Flog_Gnaw	7.745508193969727
101008	Odd_Future	6.731428146362305
101008	Tyler,_The_Creator	5.485340118408203
101008	MellowHigh_(album)	4.137277126312256
101008	Earl_Sweatshirt	2.9093780517578125
101008	Odd_Future_Records	2.569791555404663
101008	The_Odd_Future_Tape	2.495018482208252
101008	Bastard_(Tyler,_The_Creator_album)	2.2265076637268066
101008	Gnaw	2.027693748474121
101008	Marriage_Boot_Camp	-4.440958023071289
101014	Emperor_Norton	2.9103543758392334
101014	Emperor_Norton_in_popular_culture	0.8933826684951782
101014	The_Cat_Who_Went_to_Paris	-0.08916912972927094
101014	The_Emperor's_Bridge_Campaign	-1.326829195022583
101014	L'Empereur_Smith	-1.8567432165145874
101014	Frederick_Coombs	-2.264988422393799
101014	The_Cat_Who'll_Live_Forever	-2.3657314777374268
101014	David_Lester_Richardson	-6.656704902648926
101014	Krushna_Chandra_Kar	-6.860693454742432
101014	Pestilence_(comics)	-7.382222652435303
101017	The_Punisher_(2004_film)	6.92886209487915
101017	The_Punisher_(1990_video_game)	5.278950214385986
101017	The_Punisher_(1990_computer_game)	5.090517997741699
101017	The_Punisher_(2004_series)	2.8314719200134277
101017	The_Punisher_(comics)	1.4721465110778809
101017	The_Punisher_War_Zone	0.9625975489616394
101017	Punisher_(disambiguation)	0.6468528509140015
101017	The_Punisher_(2004_score)	0.31531792879104614
101017	Punisher:_War_Zone_(2012_series)	0.24846836924552917
101017	Lady_Punisher	-0.7126282453536987
101027	California_League	5.646722793579102
101027	Mexican_League	3.200312376022339
101027	Interleague_Minor_League_Postseason_Series	1.549062967300415
101027	Baseball_America_Minor_League_Player_of_the_Year_Award	-0.0032016970217227936
101027	Monterey_Amberjacks	-4.290693283081055
101027	Tucson_Saguaros	-4.333108901977539
101027	Bakersfield_Train_Robbers	-4.917679786682129
101027	Douglas_Diablos	-5.087157726287842
101027	Prescott_Montezuma_Federals	-5.090372562408447
101027	Laredo_Broncos	-5.9029541015625
101062	Temple_Grandin_(film)	6.633598327636719
101062	Claire_Danes	4.360223770141602
101062	Grandin	-1.1596043109893799
101062	The_Rainmaker_(1997_film)	-1.7984824180603027
101062	The_Flock_(film)	-2.3019862174987793
101062	Brigsby_Bear	-2.4929146766662598
101062	U_Turn_(1997_film)	-3.3202052116394043
101062	Hug_machine	-4.867430686950684
101062	Animals_in_Translation	-5.147328853607178
101062	Nick_Steele_(fashion_stylist)	-6.642830848693848
101111	Gangsta_Rap_(album)	7.314126968383789
101111	Ice-T's_Rap_School	6.716578483581543
101111	Evil_E	6.304657459259033
101111	I_Ain't_New_Ta_This	5.406485080718994
101111	New_Jack_Hustler_(Nino's_Theme)	3.544931411743164
101111	Aechmea_'Ice-T'	1.0406438112258911
101111	The_Wrecking_Crew_(2000_film)	0.4236384630203247
101111	Lethal_Weapon_(song)	0.04484812542796135
101111	Greatest_Hits:_The_Evidence	-0.39665257930755615
101111	Corrupt_(1999_film)	-0.879974365234375
101118	Sabbir_Khan	9.07827377319336
101118	Kambakkht_Ishq	8.373187065124512
101118	Munna_Michael	7.570148944854736
101118	Baaghi_(2016_film)	6.709412097930908
101118	Heropanti	6.500232696533203
101118	Karar:_The_Deal	6.131694793701172
101118	Sabir_Khan_(disambiguation)	4.552416801452637
101118	Hello_Brother_(1999_film)	3.2305409908294678
101118	V._I._P._(1988_film)	2.06955885887146
101118	Sabbir_Khan_(cricketer)	-1.3448692560195923
101125	(85989)_1999_JD6	1.3489618301391602
101125	(8014)_1990_MF	0.7277287244796753
101125	HD_202206_b	-2.7296676635742188
101125	2015_KH162	-3.708116292953491
101125	Quadrature_(astronomy)	-3.7308642864227295
101125	PSR_B1620-26_b	-4.245613098144531
101125	(444030)_2004_NT33	-4.444411277770996
101125	PSR_B1257+12_A	-5.292098522186279
101125	50000_Quaoar	-5.540011405944824
101125	Sphere_of_influence_(astrodynamics)	-6.092043876647949
101142	Balibo_Five	1.82658052444458
101142	Balibo	0.6335940957069397
101142	Brothers_(1982_film)	-0.7533880472183228
101142	Sexual_Offences_Act_1993	-9.295130729675293
101142	Diurnea	-9.449258804321289
101142	Fluzone	-9.910934448242188
101142	Endoxyla_amphiplecta	-10.336796760559082
101142	Taking_Sides_(play)	-10.339351654052734
101142	Smooth_infinitesimal_analysis	-10.54456615447998
101142	Operation_Weeting	-10.668262481689453
10117	Barbarella_(film)	10.565027236938477
10117	Barbarella	9.01878547668457
10117	Barbarella_(musical)	4.868989944458008
10117	Barbarella:_the_80's_Musical	4.666202068328857
10117	Barbarella_(comics)	3.5252809524536133
10117	On_a_Mission_(song)	2.4277098178863525
10117	Barbarella_(rocket)	1.6688265800476074
10117	Barbarella_(song)	1.4138290882110596
10117	Tommy_Barbarella	-0.17711111903190613
10117	Andhra_Kesari	-10.313562393188477
101176	I_Want_to_Know_What_Love_Is	5.522021770477295
101176	Let's_Do_It_Again_(Leela_James_album)	-1.2966954708099365
101176	I_Want_You_to_Know	-4.42173433303833
101176	I_Know_What_Love_Isn't	-4.752100944519043
101176	If_You_Want_My_Love_(disambiguation)	-5.956506729125977
101176	You_Know_I_Love_You	-7.761752605438232
101176	I_Don't_Know_What_You_Want_But_I_Can't_Give_It_Any_More	-8.097957611083984
101176	I_Know_You_Want_Me	-8.931364059448242
101176	I_Don't_Know_What_It_Is	-10.003403663635254
101176	This_Is_What_I_Know_About_Being_Gigantic	-11.31441593170166
10118	Barbarella_(film)	10.293497085571289
10118	Barbarella	9.06697940826416
10118	Barbarella_(musical)	4.927261829376221
10118	Barbarella:_the_80's_Musical	4.570217609405518
10118	Barbarella_(comics)	3.455699920654297
10118	Barbarella's	3.1849467754364014
10118	Barbarella_(rocket)	1.4835902452468872
10118	Barbarella_(song)	1.4141192436218262
10118	Tommy_Barbarella	-0.1139148473739624
10118	Francis_Duehay	-10.974199295043945
101224	The_Maze_(2010_film)	4.194928169250488
101224	The_Maze_Runner_(disambiguation)	-1.4736461639404297
101224	Maze_(band)	-5.380232334136963
101224	Maze_Featuring_Frankie_Beverly_(album)	-6.450613021850586
101224	Maze:_Secret_Love	-7.004395484924316
101224	Maze_(surname)	-7.387921333312988
101224	The_Man_in_the_Maze	-7.844036102294922
101224	Al_Rostamani_Maze_Tower	-8.250041961669922
101224	Maze_River	-8.284109115600586
101224	Love_in_a_Maze_(disambiguation)	-10.022700309753418
101300	San_Francisco_Bay_Area_Council	0.45157110691070557
101300	Bay_Area_(disambiguation)	0.0861998051404953
101300	List_of_Michelin_starred_restaurants_in_the_San_Francisco_Bay_Area	-0.0960153341293335
101300	Lists_of_San_Francisco_Bay_Area_topics	-0.870097815990448
101300	Sikh_Center_of_San_Francisco_Bay_Area	-2.663212776184082
101300	List_of_bands_from_the_San_Francisco_Bay_Area	-3.3661532402038574
101300	San_Francisco_Bay_Ferry	-4.056583881378174
101300	List_of_San_Francisco_Bay_Area_writers	-4.5014142990112305
101300	NBC_Sports_Bay_Area	-5.185907363891602
101300	Lynette_Sweet	-6.684401035308838
101462	The_Invisible_Man_(film)	10.535365104675293
101462	The_Invisible_Man's_Revenge	9.607244491577148
101462	Abbott_and_Costello_Meet_the_Invisible_Man	9.357685089111328
101462	Invisible_Agent	7.837307453155518
101462	Griffin_(The_Invisible_Man)	6.755315780639648
101462	The_Invisible_Man	5.711322784423828
101462	Shock_Theater	5.635097503662109
101462	The_Invisible_Woman_(1940_film)	5.613385200500488
101462	The_Invisible_Man_(TV_series)	4.474521160125732
101462	Memoirs_of_an_Invisible_Man	3.142591953277588
101473	Lucy_Hale	6.571538925170898
101473	Lucy_Lambert_Hale	3.083414077758789
101473	Road_Between	1.266347885131836
101473	Caitlin_Hale	1.1220011711120605
101473	Ruth_Hale_(feminist)	1.0785033702850342
101473	Sorority_Wars	-1.6743488311767578
101473	Aria_Montgomery	-2.7759451866149902
101473	Hale_(given_name)	-3.2468249797821045
101473	Dude_(film)	-3.363892078399658
101473	Samuel_Hale	-5.578105449676514
10151	Mobile_operating_system	-1.0143266916275024
10151	Wink_toolkit	-3.757251262664795
10151	Symobi	-4.268291473388672
10151	OpenZaurus	-7.3280229568481445
10151	Operating_context	-7.3519487380981445
10151	MicroB	-7.676817417144775
10151	Nokia_6233	-8.140069961547852
10151	JY-8_Radar	-8.237689971923828
10151	Foodie.fm	-10.003032684326172
10151	Operational_context	-10.145395278930664
101528	Guthrie_Theater	7.793910980224609
101528	Balfour–Guthrie_Building	-3.802319049835205
101528	Carnegie_Library_(Guthrie,_Oklahoma)	-5.100171089172363
101528	Guthrie,_Angus	-5.5646491050720215
101528	Guthrie_rolling_bridge	-6.618752479553223
101528	So_Long,_It's_Been_Good_to_Know_Yuh	-8.851943969726562
101528	South_Guthrie,_Tennessee	-8.921664237976074
101528	Rolling_bridge	-9.083799362182617
101528	Guthrie_Common_School_District	-9.304079055786133
101528	Thinking_of_Woody_Guthrie	-9.681302070617676
101552	List_of_awards_and_nominations_received_by_Scott_Rudin	5.100028991699219
101552	Larry_Hochman	3.7701611518859863
101552	Book_of_Mormon_(disambiguation)	0.8723158836364746
101552	The_Book_of_Mormon_and_the_King_James_Bible	-2.9730520248413086
101552	Book_of_Mormon_witnesses	-3.01216983795166
101552	Waters_of_Mormon	-5.0882415771484375
101552	List_of_Book_of_Mormon_groups	-5.8788347244262695
101552	Amoron	-5.958269119262695
101552	Jared_(disambiguation)	-8.177812576293945
101552	Lehi	-8.219715118408203
101553	Science,_Liberty_and_Peace	7.63670539855957
101553	Ends_and_Means	7.4660539627075195
101553	Time_Must_Have_a_Stop	6.743096828460693
101553	Beyond_the_Mexique_Bay	6.522202014923096
101553	Literature_and_Science	6.258199691772461
101553	Point_Counter_Point	5.721009254455566
101553	Dana_Sawyer	5.227808952331543
101553	Two_or_Three_Graces	3.606762647628784
101553	The_Art_of_Seeing	3.0245161056518555
101553	Huxley_on_Huxley	1.6428804397583008
101565	Dilkash_Pakistan	-4.436244964599609
101565	UTV_Pakistan	-5.092545986175537
101565	UrduPoint	-5.451199531555176
101565	Pakistan_Refinery	-6.099784851074219
101565	Pakistan_Cycling_Federation	-6.157927513122559
101565	2017_Census_in_Pakistan	-6.941211223602295
101565	All_Pakistan_Textile_Mills_Association	-6.991950988769531
101565	Jinnah_Naval_Base	-7.183934211730957
101565	Tamgha-e-Imtiaz	-7.273611068725586
101565	Felis_margarita_scheffeli	-9.07284927368164
101619	List_of_international_goals_scored_by_Ronaldinho	7.797922134399414
101619	Ronaldinho	5.291461944580078
101619	Ronaldo_Rodrigues_de_Jesus	4.456152439117432
101619	List_of_international_goals_scored_by_Zico	2.7722737789154053
101619	List_of_international_goals_scored_by_Neymar	1.9162956476211548
101619	Joaquim_Dinis	1.6227807998657227
101619	Cássio_Barros	1.2411532402038574
101619	Ronaldinho_Gaucho's_Team	-1.405692458152771
101619	List_of_Japan_national_football_team_hat-tricks	-6.834429740905762
101619	List_of_Italy_national_football_team_hat-tricks	-6.930184841156006
101638	GLOW_(TV_series)	6.141765594482422
101638	Greenville_Light_Opera_Works	-3.235136032104492
101638	Generative_Linguistics_in_the_Old_World	-3.384748935699463
101638	Ladies_Professional_Wrestling_Association	-4.106879234313965
101638	Olmos_y_Robles	-9.572470664978027
101638	Norfolk_SharX	-10.126363754272461
101638	San_Marino_women's_national_football_team	-10.573386192321777
101638	List_of_streams_of_Antigua_and_Barbuda	-11.073867797851562
101638	Public_Forces_of_Costa_Rica	-11.180654525756836
101638	List_of_wadis_of_the_United_Arab_Emirates	-11.238517761230469
101656	Tony_Award_for_Best_Book_of_a_Musical	3.2928004264831543
101656	Tony_Award_for_Best_Author	1.5869299173355103
101656	Robert_Lopez	1.2892632484436035
101656	Anne_Garefino	1.1461600065231323
101656	Book_of_Mormon_(disambiguation)	0.10282430797815323
101656	List_of_awards_and_nominations_received_by_Scott_Rudin	-0.09161065518856049
101656	Mark_Bramble	-0.15982213616371155
101656	Lisa_Kron	-0.8285268545150757
101656	Harvey_Fierstein	-1.3430254459381104
101656	Tony_Award_for_Best_Director	-1.7467151880264282
101668	Brent_Mydland	9.035992622375488
101668	The_Grateful_Dead_Family_Album	6.372069358825684
101668	Go_to_Heaven	6.053926467895508
101668	Bobby_and_the_Midnites_(album)	6.027750015258789
101668	Go_Ahead_(band)	5.2530035972595215
101668	Live_at_Hampton_Coliseum	4.019040107727051
101668	Bob_Bralove	3.6763627529144287
101668	Dick's_Picks_Volume_5	3.256138801574707
101668	Postcards_of_the_Hanging	2.5596489906311035
101668	Garcia_Plays_Dylan	1.122509479522705
101680	Sandy_(Grease_song)	0.8001570105552673
101680	Grease_(lubricant)	-5.076982498168945
101680	Not_out	-5.1215081214904785
101680	Grease	-5.1362762451171875
101680	Scarce_Grease,_Alabama	-6.309635639190674
101680	Grease_Creek	-7.923444747924805
101680	Paul_Cronin	-8.989785194396973
101680	Supernatural	-10.339932441711426
101680	List_of_Reading_F.C._seasons	-10.430912017822266
101680	Burundi_at_the_Paralympics	-10.664434432983398
101702	Jamie_Lee_Curtis	7.859652519226074
101702	Love_Letters_(1984_film)	3.646139144897461
101702	Perfect_(film)	2.5663886070251465
101702	Terror_Train	2.2670557498931885
101702	Laurie_Strode	2.1719679832458496
101702	Nicholas'_Gift	1.700716495513916
101702	My_Girl_(film)	1.4646141529083252
101702	The_Fog	0.924373984336853
101702	Amazing_Grace_and_Chuck	0.8206073641777039
101702	Jamie_Lloyd	0.3709985613822937
101795	Donald_Duck	3.771141529083252
101795	The_Oregon_Duck	-1.0265673398971558
101795	Donald_Duck_(disambiguation)	-2.2879700660705566
101795	The_Autograph_Hound	-3.5581772327423096
101795	List_of_Donald_Duck_universe_characters	-4.070539474487305
101795	Officer_Duck	-4.246111869812012
101795	Donald_Duck_Adventures	-4.610113143920898
101795	Donald's_Happy_Birthday	-5.0462822914123535
101795	Lucky_Number_(Disney)	-5.124603271484375
101795	Donald_Duck_and_the_Gorilla	-5.446335315704346
101808	Granite_(disambiguation)	8.977721214294434
101808	Granite,_Montana	3.2913033962249756
101808	GMC_Granite	0.01866331323981285
101808	Granite,_Wyoming	-0.06030847877264023
101808	Kashmir_white_granite	-0.2105443775653839
101808	Granite_Peak-Northwest_Peak	-2.6870603561401367
101808	Granite_Creek_townsite,_British_Columbia	-2.8445396423339844
101808	The_Granite_Tower	-4.733921051025391
101808	Granite_Mountain_Air_Station	-6.3986287117004395
101808	Lincoln_Place_(Granite_City)	-6.590834617614746
101821	Daenerys_Targaryen	5.927395820617676
101821	Viserys_Targaryen	2.827427387237549
101821	Missandei	-0.3202463686466217
101821	Rosie_Mac	-2.1098148822784424
101821	List_of_A_Song_of_Ice_and_Fire_characters	-2.896320343017578
101821	First_of_His_Name	-3.6698527336120605
101821	Olenna_Tyrell	-3.726945400238037
101821	Dothraki_language	-4.396964073181152
101821	Themes_in_A_Song_of_Ice_and_Fire	-8.094223976135254
101821	A_Scholar's_Feast	-9.667898178100586
101845	Richard_Kuklinski	6.257411479949951
101845	Kuklinski	4.464619159698486
101845	The_Iceman_(film)	3.3599166870117188
101845	Actual_innocence	-5.3853278160095215
101845	The_Last_Outlaw_(1927_film)	-6.094719886779785
101845	Eight_O'Clock_Walk	-6.822540283203125
101845	6,000_Enemies	-6.911771774291992
101845	Concerning_Mr._Martin	-8.921212196350098
101845	Sawan_Biang	-9.446098327636719
101845	Hogan's_Alley_(video_game)	-10.40756607055664
101883	Robert_Singer_(producer)	8.987051010131836
101883	Robert_Singer	7.122779369354248
101883	Dark_Ride_(film)	1.1938555240631104
101883	Robert_Singer_(Jewish_leader)	1.0104848146438599
101883	Gary_Singer	-3.3629374504089355
101883	Singer_(disambiguation)	-4.978360176086426
101883	Şaban_Özdemir	-5.573850631713867
101883	L.A._Hair	-9.003623962402344
101883	Seven_Deadly_Arts_with_Akshay_Kumar	-9.97092342376709
101883	Spirit_Television	-9.987833023071289
101906	F.C._United_of_Manchester	4.106493949890137
101906	Manchester_United_F.C._Reserves_and_Academy	2.9052553176879883
101906	Manchester_United_F.C._league_record_by_opponent	1.9101827144622803
101906	1983_FA_Cup_Final	-0.8450765013694763
101906	1956_FA_Charity_Shield	-0.9868890047073364
101906	1967–68_Football_League_First_Division	-2.5775599479675293
101906	2008_FINA_World_Swimming_Championships_(25_m)	-4.067865371704102
101906	List_of_companies_based_in_Greater_Manchester	-4.158042907714844
101906	Mohammed_Yasser	-7.217941761016846
101906	Manchester_Township,_Freeborn_County,_Minnesota	-8.830244064331055
101932	FireFTP	0.6592401266098022
101932	Swiftfox	0.5382135510444641
101932	Firefox_Sync	-0.5784043073654175
101932	Firefox_3.6	-0.8542654514312744
101932	Tab_Mix_Plus	-1.941993236541748
101932	Netstep	-2.233367919921875
101932	XUL	-2.8767573833465576
101932	GNU_IceCat	-3.1098055839538574
101932	Timberwolf_(web_browser)	-3.624715805053711
101932	Firefox_Down	-4.811103343963623
101985	Vashon_Glaciation	3.766354560852051
101985	Glacial_Lake_Columbia	-1.0060303211212158
101985	Patagonian_Ice_Sheet	-2.333845615386963
101985	Nansen_Ice_Sheet	-2.7011818885803223
101985	The_Ice_Sheet_at_Ogden	-3.5350613594055176
101985	Withrow,_Washington	-3.7442548274993896
101985	Kamb_Ice_Stream	-4.79432487487793
101985	MacAyeal_Ice_Stream	-5.853521347045898
101985	Corner_Glacier	-6.013797283172607
101985	Dorthe_Dahl-Jensen	-9.35701847076416
102003	The_Last_Song_(film)	4.151510715484619
102003	The_Last_Outlaw_(1919_film)	-2.4807043075561523
102003	Last_Song_(Edward_Bear_song)	-3.8429102897644043
102003	Clock_Without_Hands	-6.100389003753662
102003	Heavy_Music	-6.868088722229004
102003	Yu_Yunwen	-7.397122383117676
102003	The_Last_Sontaran	-7.6034040451049805
102003	Avatar:_The_Last_Airbender_–_The_Rift	-8.281730651855469
102003	Avatar:_The_Last_Airbender_–_The_Promise	-8.455636024475098
102003	Shakespeare_and_the_Goddess_of_Complete_Being	-10.833463668823242
102019	International_medical_graduate	4.434239387512207
102019	Faculty_of_Medicine,_Diponegoro_University	-0.9840800762176514
102019	University_of_Liverpool_School_of_Medicine	-1.7760616540908813
102019	Medical_centers_in_the_United_States	-1.988591194152832
102019	UBC_Faculty_of_Medicine	-2.030287027359009
102019	Korea_University_College_of_Medicine	-3.7276458740234375
102019	Siberian_State_Medical_University	-4.100216865539551
102019	UC_San_Diego_School_of_Medicine	-5.222681045532227
102019	University_of_Saskatchewan_College_of_Medicine	-5.678346633911133
102019	Leonard_M._Miller_School_of_Medicine	-6.460962772369385
102020	Mount_Hood_(disambiguation)	2.9694371223449707
102020	Mount_Hood,_Oregon	2.110246181488037
102020	Hood_River_Valley	1.8916059732437134
102020	Timberline_Trail	0.6714825630187988
102020	Hood_River_(Oregon)	0.38107573986053467
102020	Elk_Cove_(Oregon)	0.038024019449949265
102020	Mount_Mitchell_(Oregon)	-0.1644682139158249
102020	Badger_Creek_Wilderness	-0.4424467086791992
102020	Lost_Lake_(Hood_River_County,_Oregon)	-0.94759202003479
102020	Mount_Hood_Parkdale,_Oregon	-1.716793179512024
102038	Aesthetic_Theory	3.1142702102661133
102038	Everyday_Aesthetics	-0.15046831965446472
102038	Applied_aesthetics	-0.9584798812866211
102038	Experimental_aesthetics	-3.255169153213501
102038	Raunch_aesthetics	-4.31529426574707
102038	Artmedia	-4.635303020477295
102038	Yuly_Aykhenvald	-5.254752159118652
102038	Populist_(disambiguation)	-6.322150230407715
102038	Free_trade_debate	-7.553945064544678
102038	Apollo_archetype	-8.90654182434082
102079	Zoey_Deutch	7.319565773010254
102079	Vampire_Academy	4.767230033874512
102079	Vampire_Academy_(film)	3.6649630069732666
102079	Vampire_Academy_(novel)	2.525604009628296
102079	Last_Sacrifice	2.16514253616333
102079	Breanna_Yde	1.2248497009277344
102079	Madelyn_Deutch	-0.04577747732400894
102079	Deutch	-1.7059965133666992
102079	The_Year_Of_Spectacular_Men	-2.246943712234497
102079	Vincent-N-Roxxy	-3.234027147293091
102120	Night_of_the_Living_Dead:_Darkest_Dawn	7.759941101074219
102120	Night_of_the_Living_Dead_(film_series)	6.777620315551758
102120	Birth_of_the_Living_Dead	6.7309722900390625
102120	Night_of_the_Living_Dead:_Resurrection	6.009310722351074
102120	Jeff_Broadstreet	5.809408664703369
102120	Night_of_the_Living_Bread	5.5810394287109375
102120	Survival_of_the_Dead	3.7016825675964355
102120	Night_of_the_Living_Dead_3D:_Re-Animation	3.153233289718628
102120	Escape_of_the_Living_Dead	1.0245977640151978
102120	Night_of_the_Nearly_Dead	0.4777735471725464
102161	Shannon_Lee	7.886868953704834
102161	Shannon_Lee_Dawdy	7.496002197265625
102161	Shannon,_Mississippi	1.2077152729034424
102161	Enter_the_Eagles	1.1010208129882812
102161	Private_Obsession	-0.23864680528640747
102161	I_Am_Bruce_Lee	-0.8018811941146851
102161	Robert_Shannon_(disambiguation)	-0.9423351287841797
102161	High_Voltage_(1997_film)	-3.665729284286499
102161	The_Bazura_Project	-4.24005126953125
102161	Lee_County_School_District_(Mississippi)	-4.740598678588867
102173	Tom_Constanten	8.15787410736084
102173	Dave's_Picks_Volume_6	5.309261322021484
102173	Embryonic_Journey_(album)	4.821132659912109
102173	Embryonic_Journey	3.502089500427246
102173	Bob_Bralove	1.2678279876708984
102173	Deadhead	0.5867407917976379
102173	The_White_EP_(Pop-O-Pies_EP)	-0.7877873182296753
102173	Gram_Parsons_Archives_Vol.1:_Live_at_the_Avalon_Ballroom_1969	-1.4719728231430054
102173	Heroes_of_Woodstock_Tour	-3.1630373001098633
102173	Pickin'_on_the_Grateful_Dead:_A_Tribute	-3.4833226203918457
102297	Exotic_Birds	4.4680094718933105
102297	Exotic_Birds_and_Fruit	-2.2987515926361084
102297	The_Innocent_(band)	-4.358552932739258
102297	Phantasy_Theater	-4.943634986877441
102297	Andy_Kubiszewski	-7.536948204040527
102297	Burlesque_Hall_of_Fame	-8.176565170288086
102297	The_Alter_Boys	-9.03536605834961
102297	Miss_Exotic_World_Pageant	-9.414152145385742
102297	Journal_of_Exotic_Pet_Medicine	-10.110471725463867
102297	Fungal_Genetics_Stock_Center	-10.570013046264648
102303	Bank_of_America	4.47416877746582
102303	Merrill_Edge	1.83420729637146
102303	Bank_of_America_Merrill_Lynch	0.381987988948822
102303	Electronic_Recording_Machine,_Accounting	-2.1270885467529297
102303	Bank_of_Holland	-3.1944875717163086
102303	NatWest	-4.925950527191162
102303	P&N_Bank	-5.8041090965271
102303	Jamuna_Bank	-6.436858654022217
102303	Liberty_Bell_Bank	-6.689457893371582
102303	Piraeus_Bank_Beograd	-10.440451622009277
102417	The_Hunger_Games_(disambiguation)	9.227836608886719
102417	The_Hunger_Games	8.159647941589355
102417	List_of_accolades_received_by_The_Hunger_Games_film_series	6.6372294425964355
102417	The_Hunger_Games:_Mockingjay	6.527149677276611
102417	Fictional_universe_of_The_Hunger_Games	4.694911479949951
102417	List_of_The_Hunger_Games_characters	4.622599124908447
102417	Mockingjay_(disambiguation)	4.553389549255371
102417	Color_Force	3.883284330368042
102417	Mockingjay	3.669262170791626
102417	Peeta_Mellark	-1.7868295907974243
102418	The_Hunger_Games_(disambiguation)	7.69172477722168
102418	The_Hunger_Games	6.2476887702941895
102418	The_Hunger_Games:_Mockingjay	4.968558311462402
102418	List_of_accolades_received_by_The_Hunger_Games_film_series	4.595581531524658
102418	Fictional_universe_of_The_Hunger_Games	3.2047104835510254
102418	Mockingjay_(disambiguation)	2.6638426780700684
102418	List_of_The_Hunger_Games_characters	2.603527307510376
102418	Mockingjay	2.12168025970459
102418	Color_Force	1.874503493309021
102418	Peeta_Mellark	-3.0044403076171875
102523	Grease_(song)	3.752701759338379
102523	Sandy_(Grease_song)	1.3912273645401
102523	Grease_(video_game)	0.2274383306503296
102523	Grease_Dance	0.0432010143995285
102523	Grease_(lubricant)	-4.012993812561035
102523	Grease	-6.451190948486328
102523	Grease_trucks	-7.067021369934082
102523	Grease_Creek	-8.877456665039062
102523	Grease_monkey	-9.340373039245605
102523	Sierra_Leone_at_the_Commonwealth_Games	-11.069674491882324
102528	Personality_development_disorder	-1.7599616050720215
102528	Personality_(disambiguation)	-4.167531490325928
102528	Journal_of_Personality	-4.295790672302246
102528	European_Journal_of_Personality	-5.611860752105713
102528	Kalka	-9.091839790344238
102528	Journal_of_Personality_Assessment	-9.203608512878418
102528	Personality_Plus_(novel)	-9.693490982055664
102528	Personality_of_the_year	-9.809972763061523
102528	Social_Psychological_and_Personality_Science	-9.909978866577148
102528	Swedish_Universities_Scales_of_Personality	-10.508062362670898
102540	Annabelle:_Creation	5.171258449554443
102540	Annabelle_(doll)	3.792508602142334
102540	Annabelle_Serpentine_Dance	0.36489900946617126
102540	U-No_Bar	-2.2374510765075684
102540	Artemus_James	-2.406391143798828
102540	Rose,_Nebraska	-7.882045745849609
102540	Raven-Symoné_(album)	-8.039529800415039
102540	Railserve_Leaf	-9.638322830200195
102540	Thurgood_Marshall_Academy	-9.717819213867188
102540	Édouard_Séguin	-10.118560791015625
102583	2013_Africa_Cup_of_Nations	8.821578979492188
102583	Africa_Cup_of_Nations	8.458819389343262
102583	Africa_U-17_Cup_of_Nations	6.878691673278809
102583	Africa_Futsal_Cup_of_Nations	6.430767059326172
102583	1988_African_Cup_of_Nations	5.413331985473633
102583	2019_Africa_Cup_of_Nations	5.377260684967041
102583	2023_Africa_Cup_of_Nations	5.322647571563721
102583	Cup_of_Nations	4.758267402648926
102583	2015_Africa_Cup_of_Nations_Final	3.634066104888916
102583	Equatorial_Guinea_national_football_team	-1.9325404167175293
102594	Musala	5.010257244110107
102594	Evolution_Skateboarding	-10.058514595031738
102594	Translation_operator_(quantum_mechanics)	-11.002457618713379
102594	Solar_map	-11.062360763549805
102594	DTIME	-11.082717895507812
102594	Inkjet_refill_kit	-11.198888778686523
102594	Likelemba	-11.228633880615234
102594	Fuel_Direct	-11.236878395080566
102594	Sum_certain	-11.249364852905273
102594	Periodic_point	-11.2832670211792
102600	Wiggle_(song)	3.1099650859832764
102600	Sausage_(album)	1.2186657190322876
102600	Sausage_(band)	0.15563160181045532
102600	FrameGang	-1.761932134628296
102600	Lone_Sausage	-3.7035107612609863
102600	Sausage_(disambiguation)	-4.896305084228516
102600	Labour_Leave	-6.373651027679443
102600	Sausage_Race	-6.4439897537231445
102600	HotDog	-7.311293601989746
102600	Sausage_factory	-8.898958206176758
10261	English_Wikipedia	10.20193099975586
10261	German_Wikipedia	7.057297229766846
10261	Dutch_Wikipedia	6.670108795166016
10261	Catalan_Wikipedia	5.282867431640625
10261	Spanish_Wikipedia	4.857173919677734
10261	Latvian_Wikipedia	4.535874366760254
10261	Polish_Wikipedia	4.324249744415283
10261	Georgian_Wikipedia	3.9760448932647705
10261	Macedonian_Wikipedia	3.1061861515045166
10261	Vietnamese_Wikipedia	2.684983730316162
10262	English_Wikipedia	5.057404518127441
10262	German_Wikipedia	1.5462204217910767
10262	Dutch_Wikipedia	0.5937954187393188
10262	Catalan_Wikipedia	-0.23255014419555664
10262	Spanish_Wikipedia	-0.426422119140625
10262	Georgian_Wikipedia	-0.8310339450836182
10262	Latvian_Wikipedia	-0.9155640602111816
10262	Polish_Wikipedia	-0.9769513607025146
10262	Macedonian_Wikipedia	-1.4120690822601318
10262	Vietnamese_Wikipedia	-2.325500011444092
102636	Hollow_Tree	0.8458806276321411
102636	Stanley_Park_Aerodrome	-3.464939594268799
102636	Stanley_Park_(disambiguation)	-3.8916897773742676
102636	Stanley_Island	-4.341678619384766
102636	Third_Beach	-4.676690101623535
102636	Stanley_Park_Ecology_Society	-5.100399017333984
102636	Beaver_Lake_(Vancouver)	-5.442166328430176
102636	Stanley_Greyhound_Stadium	-5.488816738128662
102636	Stanley_station	-7.059330940246582
102636	Windstorm_inspection	-9.455078125
102741	Two_and_a_Half_Men_(season_8)	7.510651588439941
102741	Nice_to_Meet_You,_Walden_Schmidt	6.985209941864014
102741	Two_and_a_Half_Men_(season_5)	6.64341402053833
102741	Fish_in_a_Drawer	5.587926387786865
102741	Bowling_shirt	4.449542045593262
102741	Charlie_Harper	3.9471096992492676
102741	Nangnangnangnang	2.911421775817871
102741	Two_and_a_Half_Men_(season_6)	2.2481462955474854
102741	Two_and_a_Half_Men_(season_3)	2.211998462677002
102741	Alan_Harper	-2.830737590789795
102745	Uganda_(Commonwealth_realm)	5.995367050170898
102745	Bank_of_Uganda	-1.1701115369796753
102745	Uganda_at_the_1976_Summer_Paralympics	-2.5907225608825684
102745	Malaysia–Uganda_relations	-3.075774669647217
102745	List_of_governors_of_Uganda	-3.634049654006958
102745	Buvuma_District	-4.320598602294922
102745	Steven_Kavuma	-5.508957862854004
102745	List_of_roads_in_Uganda	-5.886409759521484
102745	Ecobank_Uganda	-6.503349304199219
102745	Total_M&S_Uganda	-6.600126266479492
102784	Zoey_Deutch	6.366436004638672
102784	Why_Him?	1.6807136535644531
102784	Madelyn_Deutch	-0.4830589294433594
102784	Deutch	-1.7455517053604126
102784	The_Year_Of_Spectacular_Men	-2.587636947631836
102784	The_Great_Outdoors_(film)	-2.699263572692871
102784	Flower_(film)	-3.2321341037750244
102784	Good_Kids	-3.5808491706848145
102784	Vincent-N-Roxxy	-3.832873821258545
102784	Yosef_Eliyahu_Deutch	-6.835511684417725
102789	Burj_Khalifa	2.941829204559326
102789	The_Mansion_at_Burj_Khalifa	-0.08696852624416351
102789	The_Grand_Boulevard_Tower	-2.845097780227661
102789	Downtown_Dubai	-2.9408302307128906
102789	Boulevard_Plaza	-3.625124931335449
102789	List_of_future_tallest_buildings	-4.049711227416992
102789	Computers_and_Structures	-4.192727088928223
102789	The_Needle	-4.786616325378418
102789	Azerbaijan_Tower	-5.699662685394287
102789	Paul_Marantz	-7.816775321960449
102797	Pegg	4.288581848144531
102797	Simon_Bisley	2.4872660636901855
102797	David_Pegg_(disambiguation)	2.3051671981811523
102797	Shaun_of_the_Dead	0.8367142677307129
102797	Run_Fatboy_Run	-0.29773852229118347
102797	Man_Up_(film)	-0.602423906326294
102797	Benji_Dunn	-1.058458924293518
102797	Terminal_(upcoming_film)	-2.9725053310394287
102797	Voices_(Murray_Head_album)	-5.098300933837891
102797	List_of_Spaced_episodes	-5.260847091674805
102872	Molecular_Pharmacology	3.521879196166992
102872	Behavioural_Pharmacology_(journal)	3.001842737197876
102872	Pharmacology_&_Therapeutics	2.2614502906799316
102872	Vascular_Pharmacology	1.7219104766845703
102872	The_Journal_of_Clinical_Pharmacology	1.5639793872833252
102872	Master's_in_Pharmacology	0.6232154369354248
102872	Pulmonary_Pharmacology_&_Therapeutics	-0.5512534379959106
102872	Gerald_Muench	-1.0664983987808228
102872	Annette_Dolphin	-1.880484700202942
102872	Richmond_Pharmacology	-3.1907224655151367
102876	Julie_Lund	1.5410213470458984
102876	Julie_Miller_(harness_racing)	0.9569794535636902
102876	Julie_Harris_(cricketer)	0.7383490800857544
102876	Julie_Houmann	0.44936907291412354
102876	Julie_Wendel_Lundholdt	0.03518185764551163
102876	Julie_Blaise	-0.22803303599357605
102876	The_Julie_Andrews_Show	-5.354666709899902
102876	The_Wonderful_World_of_Julie_London	-5.54500675201416
102876	Julie_Dozier	-6.066339015960693
102876	Julie's_Wolf_Pack	-9.459505081176758
102884	See_You_on_the_Other_Side_World_Tour	0.5349670052528381
102884	See_You_on_the_Other_Side_(Mercury_Rev_album)	0.46585750579833984
102884	See_You_on_the_Other_Side	0.17125146090984344
102884	Coming_Undone	-2.1186416149139404
102884	Ozzmosis	-2.752349853515625
102884	Powertrip	-2.9010350704193115
102884	Twisted_Transistor	-3.0619335174560547
102884	WOW_Worship:_Green	-4.814750671386719
102884	Hold_Your_Fire_(FireHouse_album)	-5.880423545837402
102884	Ne-Yo_discography	-7.2309889793396
102911	Reanimation_(Linkin_Park_album)	6.722413063049316
102911	Reanimation	4.9096879959106445
102911	Pts.OF.Athrty	4.344947338104248
102911	Runaway_(Linkin_Park_song)	4.060712814331055
102911	A_Place_for_My_Head	3.730231285095215
102911	Points_of_Authority	3.667459487915039
102911	Meteora_(album)	3.61769437789917
102911	One_Step_Closer_(Linkin_Park_song)	3.310319423675537
102911	Road_to_Revolution:_Live_at_Milton_Keynes	2.552009105682373
102911	Reanimatsioon	-1.7858433723449707
102986	Hannah_and_Her_Sisters	7.779544353485107
102986	Stuart_Wurtzel	2.4249138832092285
102986	Susan_E._Morse	2.172773599624634
102986	Carol_Joffe	1.578237771987915
102986	Christian_Clemenson	-2.43814754486084
102986	Summer_Lovers	-2.592128276824951
102986	Hannah_Franklin	-4.912287712097168
102986	Adèle_Geras	-5.484357833862305
102986	Stacy_Haiduk	-5.9965596199035645
102986	Hannah_Black	-6.3236308097839355
102990	Quay_(disambiguation)	0.26916128396987915
102990	Britain_Quay	-2.3363938331604004
102990	Matthew_Quay	-4.024309158325195
102990	Gallery_Hotel	-4.598204612731934
102990	FC_Nomads_of_Connah's_Quay	-4.632633686065674
102990	Victoria_Quay,_Fremantle	-4.937609672546387
102990	Ormond_Quay_Presbyterian_church	-5.849852085113525
102990	Queens_Quay	-7.171872615814209
102990	New_Quay_(disambiguation)	-7.544386863708496
102990	Victoria_Quay	-7.557668685913086
10300	Hendrix_(disambiguation)	-2.1119542121887207
10300	West_Coast_Seattle_Boy:_The_Jimi_Hendrix_Anthology	-4.916645050048828
10300	Lifelines:_The_Jimi_Hendrix_Story	-5.291769981384277
10300	Experience_Hendrix:_The_Best_of_Jimi_Hendrix	-5.8109283447265625
10300	Fire_(The_Jimi_Hendrix_Experience_song)	-6.294393539428711
10300	The_Essential_Jimi_Hendrix_Volume_Two	-6.52719259262085
10300	Power_of_Soul:_A_Tribute_to_Jimi_Hendrix	-6.793086051940918
10300	Freedom:_Atlanta_Pop_Festival	-7.078770637512207
10300	Castles_Made_of_Sand_(song)	-7.560084819793701
10300	Greenwood_Memorial_Park_(Renton,_Washington)	-8.308185577392578
103003	Kate_Walsh_(presenter)	9.697809219360352
103003	Kate_Walsh	7.722375392913818
103003	Addison_Montgomery	5.835481643676758
103003	Kathleen_Walsh	4.7680983543396
103003	The_Sweetest_Thing	1.8764004707336426
103003	Mark_Walsh_(businessman)	0.6622301936149597
103003	Sister_Kate	-0.47546154260635376
103003	Veritas,_Prince_of_Truth	-0.6909511685371399
103003	Brittany_Lo	-6.127317428588867
103003	Seven_Deadly_Arts_with_Akshay_Kumar	-9.243971824645996
103040	Pilot_(Designated_Survivor)	5.216826438903809
103040	Natascha_McElhone	0.863319456577301
103040	Maggie_Q	0.7310738563537598
103040	Ashley_Zukerman	0.45282670855522156
103040	Malik_Yoba	-0.12957409024238586
103040	Adan_Canto	-1.5784295797348022
103040	Reed_Diamond	-2.2287681102752686
103040	Chernow	-2.5140151977539062
103040	Brandon_Richardson	-9.850838661193848
103040	Seeds_of_Yesterday_(film)	-10.507354736328125
103050	General_Motors	5.351956367492676
103050	General_Motors_India	1.4235323667526245
103050	GMC_(automobile)	1.1776673793792725
103050	Delta_Motor_Corporation	-0.46554267406463623
103050	General_Motors_India_(disambiguation)	-1.9030835628509521
103050	Fisher_Body	-3.706862211227417
103050	Wayne_Cherry	-3.80161190032959
103050	GMF	-4.15718412399292
103050	Buick_Enclave	-5.760895729064941
103050	General_Motors_Vortec_engine	-6.405774116516113
103051	Floyd_Mayweather_Sr.	6.281895160675049
103051	Roger_Mayweather	4.547603607177734
103051	Mayweather	4.095292091369629
103051	Floyd_Mayweather_Jr._vs._Andre_Berto	3.6924116611480713
103051	Check_hook	2.438671112060547
103051	Chris_Pearson_(boxer)	2.086138963699341
103051	Serafim_Todorov	1.4318273067474365
103051	Floyd_Mayweather_Jr._vs._Ricky_Hatton	0.22160634398460388
103051	Al_Haymon	-0.7813905477523804
103051	Mayweather_Promotions	-0.8563036918640137
103063	Hermit_crab	7.745604991912842
103063	King_crab	3.2812302112579346
103063	Kermit_the_Hermit	1.8136160373687744
103063	Hermit_(disambiguation)	-0.1486126035451889
103063	Gecarcinidae	-0.29750943183898926
103063	Fiddler_crab	-1.8662667274475098
103063	Xanthidae	-2.0712404251098633
103063	Majoidea	-2.691257953643799
103063	List_of_people_known_as_the_Hermit	-5.625540733337402
103063	Hermit_Island	-5.71897029876709
103084	Zoe_Saldana	3.5907399654388428
103084	Colombiana	0.2518988847732544
103084	Beto_Benites	-3.4398856163024902
103084	I_Kill_Giants_(film)	-3.496318817138672
103084	Temptation_(2004_film)	-3.7782397270202637
103084	Snipes	-3.8035120964050293
103084	Infinitely_Polar_Bear	-4.040152549743652
103084	Haven_(soundtrack)	-4.348038196563721
103084	The_Words_(film)	-4.950786113739014
103084	Ted_Gibson	-6.866549968719482
103116	Jack_Dylan_Grazer	10.661846160888672
103116	Grazer_(surname)	3.611401081085205
103116	Me,_Myself_&_I_(TV_series)	1.1460864543914795
103116	Justin_Walker_(Brothers_&_Sisters)	-3.4574570655822754
103116	The_Heart_of_Ezra_Greer	-4.075102806091309
103116	Dylan_Thomas_(film)	-6.005009651184082
103116	Lord_Protect_My_Child	-6.916201591491699
103116	Franz_Almer	-7.04842472076416
103116	A_Child's_Christmas_in_Wales	-8.885564804077148
103116	Wild_child	-10.923845291137695
103154	Sky_UK	10.595600128173828
103154	Sky_plc	7.577773094177246
103154	Sky_and_Space_Global	5.767587661743164
103154	Sky_Sports	4.9810991287231445
103154	Sky_News_Radio	4.179301738739014
103154	Sky_News	3.1884000301361084
103154	Freesat_from_Sky	2.6849818229675293
103154	Nickelodeon_(UK_and_Ireland)	0.5739938020706177
103154	Audi_Channel	0.1336568295955658
103154	Danny_Fairbrass	-1.3363674879074097
103167	The_Love_Club_(song)	5.768274784088135
103167	At_the_Love_Library	4.843883991241455
103167	I_Believe_in_a_Thing_Called_Love_(EP)	4.812176704406738
103167	The_Honest_Love	3.480198383331299
103167	Dollhouse_(Melanie_Martinez_EP)	3.365584135055542
103167	Mellow_Drama_(EP)	3.0028319358825684
103167	Songs_from_Another_Love	2.8101179599761963
103167	The_Last_Laff_EP	1.9490351676940918
103167	The_Mooney_Suzuki_(EP)	1.8490211963653564
103167	Freewave_(EP)	1.8167383670806885
1032	Yin_and_yang	6.590147018432617
1032	Yin_yang_(disambiguation)	2.7364039421081543
1032	Yin	-2.742546558380127
1032	Urinary_bladder_(Chinese_medicine)	-3.244929313659668
1032	Yin_yoga	-6.352351188659668
1032	Yin_yang_fried_rice	-7.464723587036133
1032	Maximal_element	-8.095526695251465
1032	Isotope	-9.704854965209961
1032	List_of_Dungeons_&_Dragons_nonhuman_deities	-10.456258773803711
1032	Transport_category	-10.688223838806152
