100060	Kareena_Kapoor_filmography	1.7550668716430664
100060	Kareena_Kapoor	1.716390609741211
100060	Randhir_Kapoor	1.6494969129562378
100060	Karisma_Kapoor	1.6440452337265015
100060	Karisma_Kapoor_filmography	1.613553762435913
100060	Kajal_Kiran	1.5854203701019287
100060	List_of_awards_and_nominations_received_by_Kareena_Kapoor	1.5818040370941162
100060	Kareena_Kareena	1.5678942203521729
100060	Vaani_Kapoor	1.5632541179656982
100060	Kajol_filmography	1.554997205734253
100145	Silver_Surfer	1.6275995969772339
100145	Silver_Surfer_(comic_book)	1.52547287940979
100145	Silver_Surfer_(TV_series)	1.4419357776641846
100145	Silver_Surfer_(disambiguation)	1.4368503093719482
100145	Esad_Ribić	1.3941243886947632
100145	Einar_Kárason	1.393606185913086
100145	Guðmundur_G._Hagalín	1.3928219079971313
100145	Fantastic_Four:_Rise_of_the_Silver_Surfer	1.3667943477630615
100145	Guðrún_Kristín_Magnúsdóttir	1.3648955821990967
100145	Doomsday_Man	1.3524408340454102
100243	Kung_Fu_Panda	1.821543574333191
100243	Kung_Fu_Panda_2	1.6760947704315186
100243	Kung_Fu_Panda_3	1.6083725690841675
100243	Kung_Fu_Panda_Holiday	1.5545125007629395
100243	Kung_Fu_Hustle	1.5295615196228027
100243	Kung_Fu_Panda:_Legends_of_Awesomeness_(season_1)	1.4617719650268555
100243	Kung_Fu_Panda:_Showdown_of_Legendary_Legends	1.4612467288970947
100243	Kung_Fu_Panda:_Secrets_of_the_Masters	1.4550632238388062
100243	Kung_Fu_Panda_(franchise)	1.444805383682251
100243	Kung_Fu_Panda:_Legends_of_Awesomeness	1.4404733180999756
100245	Julie_Bowen	1.9344550371170044
100245	Andrea_Bowen	1.75645911693573
100245	Dennis_Bowen	1.590470314025879
100245	Julie_Cobb	1.5903334617614746
100245	Rachel_Ames	1.5842444896697998
100245	Julie_Vega	1.5702934265136719
100245	Sarah_Bowen	1.5626531839370728
100245	Lindsay_Bowen	1.557289719581604
100245	Gail_Bowen	1.5474332571029663
100245	Margaret_Davis_Bowen	1.5343800783157349
100261	Mount_Hood_Wilderness	1.6124392747879028
100261	Mount_Hood	1.5353186130523682
100261	Mount_Hood_National_Recreation_Area	1.5295742750167847
100261	Mount_Hood_Skibowl	1.501637578010559
100261	Mount_Hood_(California)	1.4846230745315552
100261	Mount_Hood_(disambiguation)	1.47833251953125
100261	Mount_Hood_Meadows	1.4708681106567383
100261	Mount_Hood_Express	1.4661463499069214
100261	Mount_Hood_National_Forest	1.4661173820495605
100261	Mount_Hood,_Oregon	1.461716890335083
100271	Sarah_Hyland	1.8054441213607788
100271	Jackie_Hyland	1.6174877882003784
100271	Sarah_Hoyt	1.5929887294769287
100271	Sarah_Nicole_Prickett	1.5231313705444336
100271	Sarah_Lyall	1.5224385261535645
100271	Bob_Hyland	1.5175755023956299
100271	M._J._Hyland	1.4981334209442139
100271	William_F._Hyland	1.4973797798156738
100271	Sarah_Graves	1.491047978401184
100271	Sarah_Kate_Ellis	1.4860649108886719
100318	Southern_Hospitality_(song)	2.088761806488037
100318	Southern_Hospitality_(album)	2.0849881172180176
100318	Southern_Hospitality/Jeri_Gently_Jumps	1.8599035739898682
100318	Southern_hospitality_(disambiguation)	1.7208006381988525
100318	The_Southern_Harmony_and_Musical_Companion	1.6963207721710205
100318	Southern_Comfort_(Anthony_Hamilton_album)	1.6167933940887451
100318	Southern_hospitality	1.5961414575576782
100318	The_Southern_Comfort	1.5875853300094604
100318	Southern_Accents	1.5511095523834229
100318	Small_Town_Southern_Man	1.535792350769043
100320	John_S._McCain_Jr.	1.6765447854995728
100320	Early_life_and_military_career_of_John_McCain	1.6437358856201172
100320	John_S._McCain_Sr.	1.6299104690551758
100320	John_McCain	1.586897850036621
100320	House_and_Senate_career_of_John_McCain,_until_2000	1.5649083852767944
100320	Faith_of_My_Fathers	1.4916874170303345
100320	USS_John_S._McCain_(DDG-56)	1.4733623266220093
100320	McCain_Institute	1.4636346101760864
100320	William_David_McCain	1.4601521492004395
100320	List_of_St._John's_College_(Annapolis/Santa_Fe)_people	1.4478920698165894
100446	Shomu_Mukherjee	1.9363268613815308
100446	Bela_Mukherjee	1.5655978918075562
100446	Sarashi_Ranjan_Mukherjee	1.5610675811767578
100446	Shyam_Lal_Tabdar	1.5010467767715454
100446	Saroj_Mukherjee	1.4942306280136108
100446	Yunus_Parvez	1.490628957748413
100446	Shibaji_Banerjee	1.487928867340088
100446	Murari_Mohan_Mukherjee	1.481212854385376
100446	Death_of_Sudipto_Gupta	1.4696472883224487
100446	Nihar_Mukherjee	1.4590623378753662
100467	Stephen_King's_F13	1.7266162633895874
100467	Stephen_King_bibliography	1.696913242340088
100467	Stephen_King	1.632523775100708
100467	List_of_awards_and_nominations_received_by_Stephen_King	1.6202906370162964
100467	Jeff_King_(author)	1.5695085525512695
100467	King_Games	1.5010998249053955
100467	King_Art_Games	1.498762607574463
100467	Stephen_King_short_fiction_bibliography	1.4924631118774414
100467	King_(company)	1.4911041259765625
100467	The_Bachman_Books	1.4788143634796143
100487	Estonia–Russia_border	1.5960490703582764
100487	Geography_of_Estonia	1.5382776260375977
100487	Baltic_Proper	1.5226470232009888
100487	Baltic_Sea	1.4833015203475952
100487	Koidula_railway_station	1.4802088737487793
100487	Miss_Baltic_Sea	1.4499831199645996
100487	List_of_companies_of_Estonia	1.438405990600586
100487	List_of_islands_in_the_Baltic_Sea	1.4380061626434326
100487	Territorial_issues_between_Estonia_and_Russia	1.4329442977905273
100487	Estonia–Latvia_relations	1.4183690547943115
10051	Stomp_the_Yard	2.072946786880493
10051	Stomp_the_Yard_(soundtrack)	2.011970281600952
10051	Stomp_the_Yard:_Homecoming	1.9823954105377197
10051	Trouble_Sleeping_(film)	1.6451305150985718
10051	The_Yards	1.6290146112442017
10051	Stomp_Out_Loud	1.5951412916183472
10051	Stomp!_Shout!_Scream!	1.5848219394683838
10051	The_Yard_(2011_TV_series)	1.5679869651794434
10051	The_Backyard_(2002_film)	1.4606282711029053
10051	The_Longest_Yard_(1974_film)	1.4462053775787354
10052	Stomp_the_Yard	1.8514883518218994
10052	Stomp_the_Yard:_Homecoming	1.757455587387085
10052	Stomp_the_Yard_(soundtrack)	1.7486622333526611
10052	Stomp_(God's_Property_song)	1.5380765199661255
10052	Bad_Yard_Club	1.476860523223877
10052	Golf_Wang	1.4702006578445435
10052	Back_Yard_Recordings	1.4693002700805664
10052	Stomp_Off	1.4484091997146606
10052	East_Bay_FC_Stompers	1.44287109375
10052	Stomp_(strike)	1.417413592338562
100615	Robin_Walker_(game_designer)	2.123828411102295
100615	Robin_Walker_(disambiguation)	1.6980037689208984
100615	Team_Fortress_2	1.6970112323760986
100615	TF2	1.5637184381484985
100615	Fortress_2:_Re-Entry	1.5543146133422852
100615	Fortress_2_(video_game)	1.5385491847991943
100615	Gang_Garrison_2	1.5110857486724854
100615	Team_Fortress_Classic	1.5099568367004395
100615	Mike_Ambinder	1.4738272428512573
100615	Fortress_2	1.4631108045578003
100617	Floyd_Mayweather_Jr.	1.82499098777771
100617	Oscar_De_La_Hoya_vs._Floyd_Mayweather_Jr.	1.6350958347320557
100617	Richel_Hersisia	1.6021422147750854
100617	Billy_Graham_(boxer)	1.5980901718139648
100617	Floyd_Mayweather_Sr.	1.5955772399902344
100617	Mike_Tyson	1.5895960330963135
100617	Floyd_Mayweather_Jr._vs._Juan_Manuel_Márquez	1.5801769495010376
100617	List_of_current_world_boxing_champions	1.5731122493743896
100617	Floyd_Favors	1.5696181058883667
100617	Robert_Daniels	1.565354824066162
100659	Tangled_Ever_After	1.5147002935409546
100659	With_a_Tangled_Skein	1.4847456216812134
100659	Tangled_(2001_film)	1.4749983549118042
100659	Tangled_(disambiguation)	1.4715840816497803
100659	Tangled	1.4706729650497437
100659	Tangled_(franchise)	1.4590147733688354
100659	The_Book_of_Knots	1.4517877101898193
100659	Tangled:_The_Series	1.4499590396881104
100659	The_Tangle_Box	1.4478788375854492
100659	Tangled:_The_Video_Game	1.4429539442062378
100781	Zac_Efron	1.6564640998840332
100781	Efron	1.5454658269882202
100781	Zac_MacGuire	1.4823732376098633
100781	Zac	1.4648138284683228
100781	Zac_Zorn	1.4083250761032104
100781	Zac_Fox	1.394517183303833
100781	Pino_Zac	1.389022946357727
100781	Zac_Posen	1.3633534908294678
100781	Marshall_Efron	1.3573710918426514
100781	Maggie_Renfro	1.350623607635498
100785	Whitney_Awards	1.6065969467163086
100785	Marilyn_Brown_Novel_Award	1.5803496837615967
100785	AML_Awards	1.537806749343872
100785	Louise_Plummer	1.4320600032806396
100785	The_Book_of_Mormon_(musical)	1.4261728525161743
100785	Criticism_of_the_Book_of_Mormon	1.3964691162109375
100785	Boston_Globe–Horn_Book_Award	1.3960734605789185
100785	National_Outdoor_Book_Award	1.395590901374817
100785	Jennie_Hansen	1.3942325115203857
100785	Book_of_Mormon_(disambiguation)	1.3939212560653687
100788	Sky_UK	1.7655065059661865
100788	Sky_plc	1.6790459156036377
100788	European_Skytime	1.6112744808197021
100788	Sky_Digital	1.5696755647659302
100788	Sky_Broadband	1.5470361709594727
100788	Sky_Service_(Kazakhstan)	1.54610013961792
100788	Sky_Ireland	1.539077639579773
100788	Sky_1_(Germany_&_Austria)	1.5345491170883179
100788	Russian_Sky_Airlines	1.5298093557357788
100788	Sky_1	1.528254747390747
100795	Eurotas_(river)	2.0153214931488037
100795	Eurotas	1.699463963508606
100795	Kanianitis	1.5943639278411865
100795	Sarantaporos_(Epirus)	1.5583102703094482
100795	Metsovitikos_river	1.5497628450393677
100795	Angitis	1.5300246477127075
100795	Sarantaporos_(Thessaly)	1.5209457874298096
100795	Pineios_(Peloponnese)	1.508084774017334
100795	Pleistos	1.5014915466308594
100795	Erythropotamos	1.5010613203048706
100852	Emmanuel_Macron	1.5673508644104004
100852	Emmanuel_Farhi	1.4518405199050903
100852	Édouard_Carmignac	1.4489489793777466
100852	Michel_Albert	1.4488779306411743
100852	Dominique_Strauss-Kahn	1.441125512123108
100852	Cyril_Benoit	1.4355441331863403
100852	Political_positions_of_Marine_Le_Pen	1.425112009048462
100852	Ericq_Pierre	1.3965282440185547
100852	Christine_Lagarde	1.388314127922058
100852	Jacques_Attali	1.3833609819412231
100893	List_of_uranium_projects	1.5826783180236816
100893	Uranium_mining	1.5235909223556519
100893	Uranium_One	1.518568992614746
100893	List_of_countries_by_uranium_production	1.514747977256775
100893	Uranium_in_Africa	1.5139477252960205
100893	Uranium_mining_by_country	1.4694801568984985
100893	List_of_countries_by_uranium_reserves	1.4534868001937866
100893	Uranium_mining_in_Kakadu_National_Park	1.42611825466156
100893	Uranium_mining_in_Australia	1.4194508790969849
100893	Uranium_market	1.417607307434082
101008	Camp_Flog_Gnaw	2.584700584411621
101008	Tyler,_The_Creator	2.3214988708496094
101008	Odd_Future	2.1535747051239014
101008	Loiter_Squad	1.7281079292297363
101008	The_Odd_Future_Tape	1.6922006607055664
101008	Camp_Takota	1.648129940032959
101008	Future-Worm!	1.5907626152038574
101008	Camp_Lazlo	1.5876519680023193
101008	List_of_Camp_Lazlo_characters	1.5520659685134888
101008	Summer_Camp_Island	1.547079086303711
101014	Emperor_Norton_in_popular_culture	1.7773354053497314
101014	Emperor_Norton	1.7525014877319336
101014	Emperor_of_America	1.6207799911499023
101014	Emperor_Norton_Records	1.5172033309936523
101014	The_Emperor's_Bridge_Campaign	1.4973726272583008
101014	Joshua_Norton_(artist)	1.4327805042266846
101014	The_Emperor_Jones	1.4108961820602417
101014	L'Empereur_Smith	1.4010565280914307
101014	Emperor_(novel_series)	1.4002755880355835
101014	Andre_Norton_bibliography	1.3851816654205322
101017	The_Punisher_(1989_film)	1.5855045318603516
101017	The_Punisher_(2004_film)	1.578087568283081
101017	The_Punisher_(TV_series)	1.4918346405029297
101017	Punisher:_War_Zone	1.4851653575897217
101017	Punisher_in_film	1.4719905853271484
101017	Jonathan_Hensleigh	1.4700390100479126
101017	American_Violence	1.4363800287246704
101017	The_Punisher_(1993_video_game)	1.4325802326202393
101017	American_Crime_(film)	1.4295578002929688
101017	The_Punisher:_Dirty_Laundry	1.428443431854248
101027	Minor_League_Baseball	1.5491137504577637
101027	Minor_league	1.5388282537460327
101027	Greater_Brisbane_League	1.4881209135055542
101027	Triple-A_(baseball)	1.4767361879348755
101027	Gulf_Coast_League	1.4691510200500488
101027	Junior,_Senior_&_Big_League_Baseball	1.4505085945129395
101027	List_of_top_level_minor_league_sports_teams_in_the_United_States_by_city	1.4480164051055908
101027	California_League	1.434058666229248
101027	New_South_Wales_Major_League	1.4238474369049072
101027	List_of_Minor_League_Baseball_leagues_and_teams	1.4137027263641357
101062	Temple_Grandin_(film)	2.1858906745910645
101062	Claire_Danes	1.8578379154205322
101062	Claire_Temple_(Marvel_Cinematic_Universe)	1.6215819120407104
101062	Claire_Temple	1.6063653230667114
101062	S.S._Doomtrooper	1.5516865253448486
101062	Temple_Grandin	1.5493731498718262
101062	Brigitte_Kahn	1.5392612218856812
101062	Knight_and_Day	1.5245280265808105
101062	Super_Troopers	1.5036970376968384
101062	James_Frain	1.495743751525879
101111	Ice-T	1.7700953483581543
101111	Evil_E	1.6557977199554443
101111	Ice-T_discography	1.655390739440918
101111	Ice-T's_Rap_School	1.6180273294448853
101111	Just-Ice	1.6031625270843506
101111	Ice_Cube	1.6017048358917236
101111	Home_Invasion_(album)	1.596397876739502
101111	Gangsta_Rap_(album)	1.5962151288986206
101111	Ice_One	1.589276909828186
101111	O.G._Original_Gangster	1.5620068311691284
101118	Sabbir_Khan	2.0497868061065674
101118	Sabita_Devi	1.7864036560058594
101118	Bibbo_(actress)	1.7203030586242676
101118	The_Desire	1.7200801372528076
101118	Saad_Khan	1.7192760705947876
101118	Zareen_Khan	1.7191128730773926
101118	Climax_(2013_film)	1.7075185775756836
101118	Gunga_Jumna	1.6772054433822632
101118	Kambakkht_Ishq	1.6767884492874146
101118	Asha_Posley	1.674534559249878
101125	Near-Earth_object	1.5882549285888672
101125	(85989)_1999_JD6	1.4725968837738037
101125	Extrasolar_object	1.455012559890747
101125	Earth_analog	1.4405299425125122
101125	Near-equatorial_orbit	1.422794222831726
101125	2003_YN107	1.410621166229248
101125	(434326)_2004_JG6	1.409257411956787
101125	2012_VP113	1.408259630203247
101125	List_of_hypothetical_Solar_System_objects	1.4075310230255127
101125	NEAR_Shoemaker	1.4061729907989502
101142	Balibo_(film)	1.6725584268569946
101142	Balibo_Five	1.4994969367980957
101142	Brothers_(1982_film)	1.441898226737976
101142	40_Years_of_Silence:_An_Indonesian_Tragedy	1.4416614770889282
101142	Death_in_Buenos_Aires	1.4398516416549683
101142	Pixote	1.4124246835708618
101142	Ginostra	1.4099292755126953
101142	Ciutat_morta	1.3925622701644897
101142	Balibo	1.3894236087799072
101142	Long_Road_to_Heaven	1.3822853565216064
10117	Barbarella_(film)	2.145803928375244
10117	Barbarella_(musical)	1.8330464363098145
10117	Barbarella	1.7374157905578613
10117	Barbarella:_the_80's_Musical	1.7328557968139648
10117	Barbarella_(comics)	1.7327616214752197
10117	Arabella_(film)	1.6899935007095337
10117	Barbarosa	1.686703085899353
10117	Barbarella_(song)	1.6347935199737549
10117	México_Bárbaro	1.6184171438217163
10117	Barbarella_(nightclub)	1.5976455211639404
101176	I_Want_to_Know_What_Love_Is	1.6170337200164795
101176	Billboard_Top_Rock'n'Roll_Hits:_1964	1.4160453081130981
101176	Billboard_Top_Rock'n'Roll_Hits:_1966	1.4087568521499634
101176	The_Rolling_Stones,_Now!	1.4028258323669434
101176	Love_(Inhabited_album)	1.3795006275177002
101176	The_Rolling_Stones_discography	1.373523235321045
101176	I_Never_Knew_Love	1.3731688261032104
101176	Rolling_Stone_100_Best_Songs_of_the_Decade	1.371073603630066
101176	It's_Only_Rock_'n_Roll_(But_I_Like_It)	1.369829773902893
101176	More_Love_(album)	1.3605518341064453
10118	Barbarella_(film)	2.1729705333709717
10118	Barbarella_(musical)	1.846720576286316
10118	Barbarella:_the_80's_Musical	1.8065228462219238
10118	Barbarella	1.7660424709320068
10118	Barbarella_(comics)	1.7483494281768799
10118	Arabella_(film)	1.7091724872589111
10118	Barbarella_(song)	1.6977057456970215
10118	Barbarella_(nightclub)	1.6921203136444092
10118	Barbarosa	1.6849433183670044
10118	Barbarella's	1.6678839921951294
101224	The_Maze_Runner_(film)	1.834545373916626
101224	The_Maze_(2010_film)	1.7361433506011963
101224	Maze_Runner_(film_series)	1.6546624898910522
101224	Maze_Runner:_The_Scorch_Trials	1.5668684244155884
101224	Labyrinth_(film)	1.4660286903381348
101224	The_Maze_(1953_film)	1.4451353549957275
101224	Maze_Runner:_The_Death_Cure	1.4268853664398193
101224	Maze_(film)	1.4255794286727905
101224	The_Maze_Runner	1.4049372673034668
101224	Scott_Pilgrim_vs._the_World	1.3987149000167847
101300	List_of_cities_and_towns_in_the_San_Francisco_Bay_Area	1.528902292251587
101300	San_Francisco_Bay_Area	1.3710483312606812
101300	North_Bay_(San_Francisco_Bay_Area)	1.3688175678253174
101300	East_Bay_(San_Francisco_Bay_Area)	1.343000888824463
101300	Noe_Valley,_San_Francisco	1.331093430519104
101300	Demographics_of_San_Francisco	1.3022559881210327
101300	Japantown,_San_Francisco	1.3011444807052612
101300	San_Francisco_Peninsula	1.2919166088104248
101300	Golden_Gate_National_Recreation_Area	1.2904911041259766
101300	Sports_in_the_San_Francisco_Bay_Area	1.287901520729065
101462	The_Invisible_Man_Returns	1.8059282302856445
101462	The_Invisible_Man_(film)	1.7725211381912231
101462	The_Invisible_Man's_Revenge	1.6545045375823975
101462	The_Invisible_Woman_(1940_film)	1.6396580934524536
101462	The_Invisible_Avenger	1.6027534008026123
101462	Invisible_Agent	1.5942656993865967
101462	The_Invisible_(film)	1.5937035083770752
101462	Abbott_and_Costello_Meet_the_Invisible_Man	1.5908586978912354
101462	The_Invisible_Man_(1984_TV_series)	1.5831336975097656
101462	Invisible_Man:_Rape!	1.575946569442749
101473	Lucy_Hale	1.7984391450881958
101473	American_Juniors_(album)	1.6556836366653442
101473	American_Juniors_(group)	1.5722391605377197
101473	American_Juniors	1.5006673336029053
101473	Shannon_Hale	1.4714651107788086
101473	Chauncey_Matthews	1.408524751663208
101473	Lucy_Li	1.404022216796875
101473	Hale_America_National_Open_Golf_Tournament	1.373708963394165
101473	Dominique_Moceanu	1.3571372032165527
101473	Distinguished_Young_Women	1.35040283203125
10151	IOS_4	1.5977779626846313
10151	IPhone_4S	1.5519750118255615
10151	IPhone_OS_1	1.5146883726119995
10151	IOS_5	1.5124399662017822
10151	IPhone	1.4981504678726196
10151	IPhone_4	1.4924596548080444
10151	IOS	1.477333903312683
10151	IPhone_OS_3	1.4682559967041016
10151	Apple_A4	1.435312032699585
10151	IOS_7	1.4307341575622559
101528	Guthrie_Theater	1.8160505294799805
101528	Orpheum_Theatre_(Wichita,_Kansas)	1.6208094358444214
101528	Guthrie_Theater_production_history	1.6132621765136719
101528	Chateau_Theatre	1.6040337085723877
101528	State_Theatre_(Minneapolis)	1.5743052959442139
101528	Hyart_Theater	1.566713571548462
101528	Rialto_Theater_(Tacoma,_Washington)	1.55071222782135
101528	Pioneer_Center_for_the_Performing_Arts	1.5369350910186768
101528	Midwest_Theater	1.5351735353469849
101528	Amphitheatre_Auditorium	1.5303516387939453
101552	The_Book_of_Mormon:_Original_Broadway_Cast_Recording	1.6771259307861328
101552	The_Book_of_Mormon_(musical)	1.6664609909057617
101552	Tony_Award_for_Best_Book_of_a_Musical	1.5982004404067993
101552	Drama_Desk_Award_for_Outstanding_Book_of_a_Musical	1.554239273071289
101552	Book_of_Mormon_(disambiguation)	1.5426691770553589
101552	Andrew_Rannells	1.501778483390808
101552	Tony_Award_for_Best_Author	1.4928792715072632
101552	Anne_Garefino	1.4635170698165894
101552	List_of_awards_and_nominations_for_the_musical_South_Pacific	1.4538240432739258
101552	Christopher_John_O'Neill	1.4529166221618652
101553	Aldous_Huxley	1.666196346282959
101553	Science,_Liberty_and_Peace	1.5305979251861572
101553	Dana_Sawyer	1.520249843597412
101553	Leonard_Huxley_(writer)	1.5110819339752197
101553	Collected_Short_Stories_(Huxley)	1.4819743633270264
101553	The_Genius_and_the_Goddess	1.4802179336547852
101553	Laura_Huxley	1.4365923404693604
101553	Huxley_on_Huxley	1.4328899383544922
101553	The_Doors_of_Perception	1.4311984777450562
101553	Literature_and_Science	1.4308372735977173
101565	Islam_at_the_Crossroads	1.4808093309402466
101565	Paramount_Crossroads	1.4516416788101196
101565	M2_motorway_(Pakistan)	1.432391881942749
101565	Chauraha	1.4321132898330688
101565	Crossroads_International	1.4250489473342896
101565	Chowrangi	1.417688012123108
101565	Pakistan	1.40998375415802
101565	Hassan_Nisar	1.3914554119110107
101565	Pakistan_Monument	1.3892642259597778
101565	Crossroads_Mall_(Mumbai)	1.3844271898269653
101619	List_of_international_goals_scored_by_Ronaldinho	1.811194658279419
101619	List_of_international_goals_scored_by_Ronaldo	1.71405827999115
101619	List_of_international_goals_scored_by_Cristiano_Ronaldo	1.7111942768096924
101619	Juninho_Pernambucano	1.6809401512145996
101619	Luís_Mesquita_de_Oliveira	1.6502115726470947
101619	Marcelinho_Carioca	1.6439281702041626
101619	Luiz_Bombonato_Goulart	1.6067125797271729
101619	Ronaldo_(Brazilian_footballer)	1.6049020290374756
101619	Ronaldinho	1.5989742279052734
101619	Romário	1.5912874937057495
101638	GLOW_(TV_series)	1.7241369485855103
101638	Shimmer_and_Shine	1.451161503791809
101638	Gorgeous_Ladies_of_Wrestling	1.4135100841522217
101638	The_Haves_and_the_Have_Nots_(TV_series)	1.410182237625122
101638	The_Glow_(film)	1.3905320167541504
101638	All_That_(season_7)	1.3772575855255127
101638	List_of_Shimmer_and_Shine_episodes	1.3722648620605469
101638	Glow	1.369922161102295
101638	Friday_Night_Lights_(season_2)	1.369041085243225
101638	All_That_(season_2)	1.3658300638198853
101656	The_Book_of_Mormon:_Original_Broadway_Cast_Recording	1.7722795009613037
101656	The_Book_of_Mormon_(musical)	1.7721643447875977
101656	Tony_Award_for_Best_Book_of_a_Musical	1.6604690551757812
101656	Drama_Desk_Award_for_Outstanding_Book_of_a_Musical	1.606874942779541
101656	Book_of_Mormon_(disambiguation)	1.5820517539978027
101656	List_of_awards_and_nominations_for_the_musical_South_Pacific	1.5509512424468994
101656	Andrew_Rannells	1.48954439163208
101656	63rd_Tony_Awards	1.4865045547485352
101656	Erik_Orton	1.4858025312423706
101656	Tony_Award_for_Best_Musical	1.4775359630584717
101668	Brent_Mydland	2.413682460784912
101668	Go_Ahead_(band)	1.6135549545288086
101668	The_Dead_(band)	1.500836730003357
101668	Built_to_Last	1.4898014068603516
101668	Go_to_Heaven	1.4694896936416626
101668	Grateful_Dead	1.460710048675537
101668	The_Grateful_Dead_Family_Album	1.4324957132339478
101668	Tom_Constanten	1.427844524383545
101668	Dead_&_Company	1.4233664274215698
101668	The_Grateful_Dead_(album)	1.3963745832443237
101680	Grease_(film)	1.7283848524093628
101680	Grease_2	1.6393985748291016
101680	Grease_(musical)	1.6241064071655273
101680	The_Grease_Megamix	1.6007370948791504
101680	Grease_(song)	1.5052123069763184
101680	Greased_Lightnin'_(song)	1.502464771270752
101680	Greased	1.485737919807434
101680	Grease:_You're_the_One_That_I_Want!	1.4750896692276
101680	Grease_2_(soundtrack)	1.4736686944961548
101680	Grease:_The_Original_Soundtrack_from_the_Motion_Picture	1.4647095203399658
101702	Jamie_Lee_Curtis	1.9893462657928467
101702	Kelly_Curtis	1.7518165111541748
101702	Love_Letters_(1984_film)	1.698788046836853
101702	Janet_Leigh	1.6960468292236328
101702	Lee_Grant	1.596578598022461
101702	Melanie_Griffith	1.5838513374328613
101702	Donna_Wilkes	1.5716328620910645
101702	Angie_Dickinson	1.5482457876205444
101702	Tony_Curtis	1.546902060508728
101702	Jamie_Lloyd	1.5468147993087769
101795	Wonder_Woman's_bracelets	1.3198717832565308
101795	Donald_Duck	1.3192591667175293
101795	Donald's_Tire_Trouble	1.3108439445495605
101795	Donald_Duck_Finds_Pirate_Gold	1.2985434532165527
101795	Daisy_Duck	1.2944228649139404
101795	Donald_Duck_Presents	1.2925524711608887
101795	Flintheart_Glomgold	1.2884700298309326
101795	Donald_Duck_(disambiguation)	1.2839959859848022
101795	Donald_Duck_(Dutch_comic_book)	1.2802109718322754
101795	List_of_Donald_Duck_universe_characters	1.2771556377410889
101808	Granite_(Stifter)	1.6407268047332764
101808	Granite	1.6357587575912476
101808	Granite_(disambiguation)	1.6060432195663452
101808	Granite_Mountain_(Utah)	1.5040570497512817
101808	Alkali_feldspar_granite	1.49746572971344
101808	Black_granite	1.4851858615875244
101808	A-type_granite	1.4791796207427979
101808	Rock_(geology)	1.4586961269378662
101808	Granite_dome	1.453670620918274
101808	Decomposed_granite	1.45294189453125
101821	A_Feast_for_Crows	1.728302240371704
101821	Daenerys_Targaryen	1.691833734512329
101821	Cersei_Lannister	1.583214521408081
101821	Bran_Stark	1.554526925086975
101821	Brienne_of_Tarth	1.5463670492172241
101821	Daario_Naharis	1.5370234251022339
101821	High_Sparrow	1.515265703201294
101821	Baelor	1.5088822841644287
101821	Viserys_Targaryen	1.5083338022232056
101821	Ramsay_Bolton	1.4995431900024414
101845	Richard_Kuklinski	1.8892416954040527
101845	Kuklinski	1.7155708074569702
101845	The_Iceman_(film)	1.5870640277862549
101845	The_Innocent_Man:_Murder_and_Injustice_in_a_Small_Town	1.5812077522277832
101845	Richard_Orlinski	1.5802119970321655
101845	An_Innocent_Man_(film)	1.5714881420135498
101845	Theodore_Streleski	1.5516822338104248
101845	Eric_Naposki	1.5446155071258545
101845	Ken_Wyniemko	1.5358469486236572
101845	Daniel_Wozniak_(murderer)	1.5339112281799316
101883	Robert_Singer_(producer)	1.8424451351165771
101883	Robert_Borden_(TV_producer)	1.729539155960083
101883	Robert_Cochran_(TV_producer)	1.6832354068756104
101883	Robert_Wells_(songwriter)	1.6821725368499756
101883	Robert_Singer	1.6426246166229248
101883	Robert_K._Weiss	1.6200648546218872
101883	Bob_DeLaurentis	1.6150097846984863
101883	Josh_Singer	1.593921422958374
101883	Bob_Tischler	1.5748543739318848
101883	Robert_Cohen_(writer)	1.5662778615951538
101906	City_of_Manchester_Stadium	1.67535400390625
101906	Manchester_United_F.C._Reserves_and_Academy	1.635087490081787
101906	Old_Trafford	1.626693844795227
101906	Sport_in_Manchester	1.6231447458267212
101906	List_of_Premier_League_stadiums	1.6157145500183105
101906	Moss_Lane	1.5789886713027954
101906	Home_Park	1.565861463546753
101906	Manchester_derby	1.5502119064331055
101906	Early_grounds_of_Manchester_City_F.C.	1.5466294288635254
101906	Ewen_Fields	1.5398118495941162
101932	Firefox_Portable	1.614264726638794
101932	Firefox_OS	1.5945425033569336
101932	Firefox	1.5411123037338257
101932	Firefox_for_iOS	1.5290160179138184
101932	Comparison_of_Firefox_OS_devices	1.5177711248397827
101932	Firefox_(disambiguation)	1.5107218027114868
101932	Light_(web_browser)	1.5082075595855713
101932	Swiftfox	1.4960174560546875
101932	TenFourFox	1.4957221746444702
101932	Firefox_3.0	1.480898380279541
101985	Cordilleran_Ice_Sheet	1.8250229358673096
101985	Patagonian_Ice_Sheet	1.6373355388641357
101985	Barents–Kara_Ice_Sheet	1.5268642902374268
101985	Vashon_Glaciation	1.522464394569397
101985	Pacific_Cordillera_(Canada)	1.4839069843292236
101985	Ice_sheet	1.4810575246810913
101985	Arctic_Cordillera	1.4756883382797241
101985	Laurentide_Ice_Sheet	1.4296520948410034
101985	Greenland_ice_sheet	1.4234329462051392
101985	West_Antarctic_Ice_Sheet	1.4216456413269043
102003	The_Last_Song_(film)	1.7680342197418213
102003	Battle_at_Bloody_Beach	1.591524600982666
102003	The_Kid's_Last_Fight	1.568540334701538
102003	The_Last_Song_(novel)	1.5583398342132568
102003	The_Last_Fight_(Velvet_Revolver_song)	1.5203584432601929
102003	The_Last_Battle_(band)	1.518358826637268
102003	The_Last_Fight	1.496559739112854
102003	Fight_On	1.4957889318466187
102003	Four_Last_Songs_(film)	1.475839376449585
102003	The_Last_Fight_(album)	1.4709864854812622
102019	List_of_medical_schools	1.5524873733520508
102019	Medical_school_in_the_United_Kingdom	1.5386433601379395
102019	Medical_school	1.5297255516052246
102019	Medical_school_in_Canada	1.526257872581482
102019	International_medical_graduate	1.512839674949646
102019	Offshore_medical_school	1.5021309852600098
102019	Medical_school_in_the_United_States	1.4935301542282104
102019	List_of_medical_schools_in_the_Caribbean	1.4916820526123047
102019	UCLA_IMG_Program	1.4820693731307983
102019	World_Directory_of_Medical_Schools	1.462270736694336
102020	Mount_Hood	1.6731232404708862
102020	Mount_Hood_Wilderness	1.6332056522369385
102020	Mount_Hood_(disambiguation)	1.6143885850906372
102020	Mount_Hood_(California)	1.5908074378967285
102020	Tumala_Mountain	1.5659263134002686
102020	Mount_Hood_Skibowl	1.5522005558013916
102020	Mount_Hood_National_Recreation_Area	1.5329549312591553
102020	Mount_Hood_National_Forest	1.4923441410064697
102020	Lookout_Mountain_(Oregon)	1.4743130207061768
102020	Mount_Defiance_(Oregon)	1.4596045017242432
102038	Aestheticism	1.6460931301116943
102038	Marxist_aesthetics	1.4905705451965332
102038	Aesthetics	1.4818565845489502
102038	Aestheticization_of_politics	1.470954179763794
102038	Feminist_aesthetics	1.449162483215332
102038	Evolutionary_aesthetics	1.4346818923950195
102038	Art_&_Aesthetics	1.407638430595398
102038	Aesthetic_Theory	1.391486406326294
102038	The_New_Aesthetics	1.384922981262207
102038	Theological_aesthetics	1.3803629875183105
102079	Zoey_Deutch	2.143761157989502
102079	Vampire_Academy_(novel)	2.0246951580047607
102079	Vampire_Academy	1.9653122425079346
102079	Vampire_Academy_(film)	1.9362635612487793
102079	Last_Sacrifice	1.5588346719741821
102079	Shadow_Kiss	1.5356287956237793
102079	Spirit_Bound	1.5135846138000488
102079	List_of_Vampire_Academy_characters	1.4913005828857422
102079	Blood_Promise_(novel)	1.4485750198364258
102079	Coralie_Rose	1.4391348361968994
102120	Night_of_the_Living_Dead	1.7695038318634033
102120	Night_of_the_Living_Dead_(1990_film)	1.7514339685440063
102120	Night_of_the_Living_Dead_(film_series)	1.7187880277633667
102120	Dawn_of_the_Dead_(1978_film)	1.7097188234329224
102120	Night_of_the_Living_Dead_3D	1.6899046897888184
102120	Survival_of_the_Dead	1.6653554439544678
102120	Jeff_Broadstreet	1.645737648010254
102120	Night_of_the_Ghouls	1.6432914733886719
102120	Erotic_Nights_of_the_Living_Dead	1.6428173780441284
102120	Night_Life_(film)	1.6350581645965576
102161	Shannon_Lee	1.6507503986358643
102161	Shannon_Emerick	1.512976884841919
102161	Shannon_(British_singer)	1.5119984149932861
102161	Shannon_Elizabeth	1.5014106035232544
102161	Shannon_Lee_Dawdy	1.473025918006897
102161	Euna_Lee	1.4594107866287231
102161	Kristine_Y._Lee	1.4543637037277222
102161	Diane_Lee	1.4407627582550049
102161	Greta_Lee	1.4208064079284668
102161	Shannon_Sanderford	1.4149316549301147
102173	Tom_Constanten	2.0215706825256348
102173	Dave's_Picks_Volume_6	1.632798671722412
102173	Dick_Latvala	1.484639286994934
102173	Grateful_Dead	1.4777870178222656
102173	Grateful_Dead_discography	1.4620124101638794
102173	Ron_"Pigpen"_McKernan	1.460353970527649
102173	The_Grateful_Dead_(album)	1.4442349672317505
102173	Gram_Parsons_Archives_Vol.1:_Live_at_the_Avalon_Ballroom_1969	1.4421268701553345
102173	Grateful_Dead_(album)	1.4314442873001099
102173	Brent_Mydland	1.4245927333831787
102297	Exotic_Birds	1.5931330919265747
102297	Birdland_(Hamburg_jazz_club)	1.3723522424697876
102297	Birdland_(New_York_jazz_club)	1.3474996089935303
102297	Cuckoo's_Nest_(nightclub)	1.3384093046188354
102297	Thee_Image_Club	1.3254294395446777
102297	Condor_Club	1.3215022087097168
102297	Wild_Bird_Society_of_Japan	1.3161394596099854
102297	Exotic	1.3134703636169434
102297	Bird_City_(wildfowl_refuge)	1.3075350522994995
102297	Culture_Club_(box_set)	1.2771059274673462
102303	Bank_of_America	1.5213009119033813
102303	Online_banking	1.4415805339813232
102303	Wingspan_Bank	1.4381834268569946
102303	Bank_of_America_Canada	1.4014352560043335
102303	American_Plus_Bank	1.3874931335449219
102303	Security_First_Network_Bank	1.3857488632202148
102303	American_River_Bank	1.3804811239242554
102303	Young_Americans_Bank	1.3796039819717407
102303	I-Bankers_Direct	1.379408597946167
102303	Bank_of_America_Home_Loans	1.3766779899597168
102417	The_Hunger_Games_(novel)	1.786482334136963
102417	The_Hunger_Games	1.7773300409317017
102417	The_Hunger_Games_(disambiguation)	1.6985408067703247
102417	Fictional_universe_of_The_Hunger_Games	1.6825454235076904
102417	The_Hunger_Games_(film_series)	1.6760811805725098
102417	The_Hunger_Games_(film)	1.6231131553649902
102417	The_Hunger_Pains	1.5462932586669922
102417	The_Hunger_Games:_Mockingjay_–_Part_1	1.540366530418396
102417	Mockingjay	1.5361300706863403
102417	List_of_accolades_received_by_The_Hunger_Games_film_series	1.5309478044509888
102418	The_Hunger_Games	1.7687580585479736
102418	The_Hunger_Games_(novel)	1.764066457748413
102418	The_Hunger_Games_(disambiguation)	1.6637566089630127
102418	The_Hunger_Games_(film_series)	1.6514394283294678
102418	Fictional_universe_of_The_Hunger_Games	1.6475188732147217
102418	The_Hunger_Games_(film)	1.6012344360351562
102418	The_Hunger_Games:_Mockingjay_–_Part_1	1.5332854986190796
102418	List_of_accolades_received_by_The_Hunger_Games_film_series	1.5274100303649902
102418	Mockingjay	1.5145900249481201
102418	The_Hunger_Pains	1.5130393505096436
102523	Grease_2_(soundtrack)	1.7537485361099243
102523	Grease:_The_Original_Soundtrack_from_the_Motion_Picture	1.7116261720657349
102523	Grease_(film)	1.627021312713623
102523	Grease_(video_game)	1.5329488515853882
102523	Grease_2	1.5179510116577148
102523	Grease_(song)	1.5160096883773804
102523	The_Grease_Megamix	1.5106055736541748
102523	Grease_Dance	1.4958465099334717
102523	Grease_(musical)	1.493213176727295
102523	Greased	1.4728442430496216
102528	Personality_development	1.5412827730178833
102528	Personality	1.5117874145507812
102528	Personality_pathology	1.4533478021621704
102528	Character_structure	1.4379947185516357
102528	Subsolid_personality	1.4368562698364258
102528	Personality_changes	1.4320917129516602
102528	Temperament_Isolation_Theory	1.411095380783081
102528	Development_of_Personality	1.3985381126403809
102528	Personality_disorder	1.3931974172592163
102528	Personality_theories_of_addiction	1.391129493713379
102540	Annabelle_Candy_Company	1.6638089418411255
102540	USS_Annabelle_(SP-1206)	1.6269547939300537
102540	Annabelle's	1.6034042835235596
102540	Annabelle_(film)	1.5906739234924316
102540	Annabelle_(magazine)	1.5884690284729004
102540	Annabelle_(doll)	1.57916259765625
102540	Annabelle:_Creation	1.5071896314620972
102540	Annabel	1.4982588291168213
102540	Annabelle_Moore	1.4911367893218994
102540	Annabelle_(singer)	1.469599723815918
102583	Africa_Cup_of_Nations	1.8958351612091064
102583	2012_Africa_Cup_of_Nations	1.7648136615753174
102583	2023_Africa_Cup_of_Nations	1.751683235168457
102583	2013_Africa_Cup_of_Nations	1.7500247955322266
102583	2010_Africa_Cup_of_Nations	1.7402830123901367
102583	2015_Africa_Cup_of_Nations	1.7357569932937622
102583	2019_Africa_Cup_of_Nations	1.732734203338623
102583	2021_Africa_Cup_of_Nations	1.706429123878479
102583	Africa_Women_Cup_of_Nations	1.7052912712097168
102583	2017_Africa_Cup_of_Nations	1.704789638519287
102594	Musala	1.7390501499176025
102594	Musa_ka_Musala	1.733176827430725
102594	Musa_ingens	1.5909208059310913
102594	Musa_(robot)	1.5373531579971313
102594	3776	1.4915425777435303
102594	Musalla	1.485630989074707
102594	Rila	1.4822890758514404
102594	Maja_Harapit	1.450795292854309
102594	Musa_Dağı_(Antalya_Province)	1.4348366260528564
102594	Musa_Qala	1.4280157089233398
102600	Sausage_Party	2.1624417304992676
102600	Sausage_(band)	1.6453120708465576
102600	Everybody_Loves_Sausages	1.612831950187683
102600	Dog_Party_(band)	1.5671167373657227
102600	Sausage_(album)	1.5629527568817139
102600	Purgatory_Dance_Party	1.560555338859558
102600	Party_Animals_(album)	1.5558485984802246
102600	Attitude_City	1.5414156913757324
102600	Party_Monster_(song)	1.5254614353179932
102600	Partyline	1.4959533214569092
10261	English_Wikipedia	1.8297653198242188
10261	Online_encyclopedia	1.6698592901229858
10261	Simple_English_Wikipedia	1.6388732194900513
10261	Wikipedia	1.6200937032699585
10261	Outline_of_Wikipedia	1.6042749881744385
10261	Wikipedia_(disambiguation)	1.5564649105072021
10261	Dutch_Wikipedia	1.5465763807296753
10261	Japanese_Wikipedia	1.5342576503753662
10261	German_Wikipedia	1.5254449844360352
10261	Spanish_Wikipedia	1.516493797302246
10262	English_Wikipedia	1.687291145324707
10262	Simple_English_Wikipedia	1.568690299987793
10262	Wikipedia	1.5514672994613647
10262	Online_encyclopedia	1.5426584482192993
10262	Outline_of_Wikipedia	1.5309618711471558
10262	Wikipedia_(disambiguation)	1.501232624053955
10262	Dutch_Wikipedia	1.457450270652771
10262	German_Wikipedia	1.457106113433838
10262	Spanish_Wikipedia	1.4525668621063232
10262	Japanese_Wikipedia	1.4464069604873657
102636	2008_Vancouver_tornado	1.443552017211914
102636	2006_storms_in_Vancouver	1.40729558467865
102636	February_13,_1979_windstorm	1.4056117534637451
102636	Stanley_Park_(TV_series)	1.3897786140441895
102636	Stanley_Park	1.3447906970977783
102636	Stanley_Park_Loop	1.3382306098937988
102636	Hollow_Tree	1.3219950199127197
102636	Hanukkah_Eve_windstorm_of_2006	1.3193228244781494
102636	2016–17_UK_and_Ireland_windstorm_season	1.3178622722625732
102636	Southern_Ontario_tornado_outbreak_of_2005	1.3143088817596436
102741	List_of_awards_and_nominations_received_by_Two_and_a_Half_Men	1.9220426082611084
102741	Two_and_a_Half_Men	1.8610491752624512
102741	Two_and_a_Half_Men_(season_9)	1.818372368812561
102741	Two_and_a_Half_Men_(season_8)	1.7646996974945068
102741	Charlie_Sheen	1.7622299194335938
102741	Two_and_a_Half_Men_(season_5)	1.7146319150924683
102741	Nice_to_Meet_You,_Walden_Schmidt	1.710204005241394
102741	List_of_Two_and_a_Half_Men_characters	1.6436989307403564
102741	Two_and_a_Half_Men_(season_11)	1.6385722160339355
102741	Alan_Harper_(Two_and_a_Half_Men)	1.6358393430709839
102745	Uganda_Protectorate	1.8367208242416382
102745	Uganda_(Commonwealth_realm)	1.6679720878601074
102745	Queen_of_Uganda	1.588270664215088
102745	East_Africa_Protectorate	1.5528544187545776
102745	Uganda	1.544712781906128
102745	Kahaya_II	1.5192184448242188
102745	History_of_Uganda_(1962–71)	1.51643967628479
102745	Postage_stamps_and_postal_history_of_East_Africa_and_Uganda_Protectorates	1.5010418891906738
102745	Early_history_of_Uganda	1.4830787181854248
102745	Uganda–Tanzania_War	1.478811502456665
102784	Zoey_Deutch	1.628103256225586
102784	Why_Him?	1.5266276597976685
102784	Stephanie_Plum	1.4077304601669312
102784	Zoe_Hanna	1.3341150283813477
102784	Ross_Butler_(actor)	1.3333898782730103
102784	Stephanie_Wilkins	1.3333146572113037
102784	Stephanie_Scully	1.3254445791244507
102784	Zack_Loveday	1.3083170652389526
102784	Mary_Mouser	1.3048806190490723
102784	Stephanie_(film)	1.3017728328704834
102789	Burj_Khalifa/Dubai_Mall_(Dubai_Metro)	1.5357258319854736
102789	Central–Mid-Levels_escalator_and_walkway_system	1.4950928688049316
102789	Burj_Khalifa	1.473888635635376
102789	Huangguan_Escalator	1.4462555646896362
102789	Burj_Mubarak_al-Kabir	1.4355957508087158
102789	The_Mansion_at_Burj_Khalifa	1.419514536857605
102789	Burj_Al_Alam	1.4013347625732422
102789	Al-Asmakh_Tower	1.3989945650100708
102789	Dubai_Mixed-Use_Towers	1.3963528871536255
102789	Burj_Al_Anoud	1.3864219188690186
102797	Simon_Pegg	1.8926957845687866
102797	Simon_Neil	1.6375139951705933
102797	Simon_Thoumire	1.6321063041687012
102797	Duncan_Pegg	1.6251428127288818
102797	Mark_Pegg	1.5943694114685059
102797	Simon_Grigg	1.5829744338989258
102797	Simon_Willis	1.5822802782058716
102797	Simon_R._Taylor	1.5761451721191406
102797	Mark_Pegg_(actor)	1.5725364685058594
102797	Simon_Stagg	1.5695902109146118
102872	Pharmacology	1.6944793462753296
102872	Biochemical_pharmacology	1.626253366470337
102872	Pharmacognosy	1.5922980308532715
102872	Clinical_pharmacology	1.5683612823486328
102872	Systems_pharmacology	1.555065631866455
102872	Pharmaconomy	1.553786039352417
102872	Pharmacotoxicology	1.5509778261184692
102872	Biochemical_Pharmacology_(journal)	1.5449713468551636
102872	Dental_pharmacology	1.518326759338379
102872	Institute_of_Pharmacology_of_the_Polish_Academy_of_Sciences	1.513590931892395
102876	Julie_Bowen	1.9124748706817627
102876	Andrea_Bowen	1.6389542818069458
102876	Debra_Bowen	1.6082029342651367
102876	Julie_Payne_(actress,_born_1940)	1.520923137664795
102876	November_3	1.5162972211837769
102876	Julie_Harris_(actress)	1.511474609375
102876	November_4	1.50795316696167
102876	Julie_Cobb	1.506111741065979
102876	November_2	1.5029640197753906
102876	Julie_Pinson	1.4924843311309814
102884	See_You_on_the_Other_Side_(Mercury_Rev_album)	1.7911021709442139
102884	See_You_on_the_Other_Side_(Korn_album)	1.764712929725647
102884	The_Other_Sides_–_Elvis_Worldwide_Gold_Award_Hits_Vol._2	1.7338671684265137
102884	See_You_on_the_Other_Side	1.7278345823287964
102884	The_Other_Side_of_the_Mirror_(album)	1.6603472232818604
102884	The_Other_Side_(Wynonna_Judd_album)	1.6522207260131836
102884	The_Other_Side_of_Something	1.6303201913833618
102884	See_You_on_the_Other_Side_World_Tour	1.6061735153198242
102884	The_Other_Side_(Billy_Ray_Cyrus_album)	1.6003341674804688
102884	The_Other_Side_of_Time	1.5984296798706055
102911	Reanimation_(Linkin_Park_album)	1.9699804782867432
102911	Reanimation_(Lights_&_Motion_album)	1.6387147903442383
102911	Reanimation	1.6380867958068848
102911	One_Step_Closer_(Linkin_Park_song)	1.5911973714828491
102911	List_of_songs_recorded_by_Linkin_Park	1.5499939918518066
102911	Live_in_Texas_(Linkin_Park_album)	1.532340168952942
102911	Pts.OF.Athrty	1.5220229625701904
102911	Runaway_(Linkin_Park_song)	1.5200023651123047
102911	In_the_End	1.4989893436431885
102911	Final_Masquerade	1.4731247425079346
102986	Hannah_and_Her_Sisters	1.8944354057312012
102986	Hannah_and_Her_Brothers	1.7172470092773438
102986	Perfect_Sisters	1.6062787771224976
102986	The_Sisters_Brothers	1.5754109621047974
102986	The_Sisters_(2005_film)	1.5494924783706665
102986	An_American_Tragedy_(film)	1.5208311080932617
102986	The_Twa_Sisters	1.5196352005004883
102986	Sisters_(1973_film)	1.5137012004852295
102986	Hannah's_Law	1.4952727556228638
102986	Sisters_(Steel_novel)	1.4934195280075073
102990	Quay_(film)	1.7180390357971191
102990	Quay_Bar	1.4865152835845947
102990	The_Quay_Arts	1.4625450372695923
102990	Baltic_Quay	1.4481903314590454
102990	Red_Quay	1.4367575645446777
102990	Elizabeth_Quay	1.4345698356628418
102990	Quay_Valley,_California	1.4204906225204468
102990	Waterfront_(1950_film)	1.3881579637527466
102990	Riverside_Museum	1.3854261636734009
102990	Corus_Quay	1.3647499084472656
10300	Air_Assault_Badge	1.609071969985962
10300	United_States_Army_Air_Assault_School	1.5983446836471558
10300	Luftsturmregiment_40	1.5783483982086182
10300	Air_Assault_Task_Force	1.5252766609191895
10300	Air_assault	1.5083924531936646
10300	229th_Aviation_Regiment_(United_States)	1.4999257326126099
10300	119th_Assault_Helicopter_Company	1.4880825281143188
10300	Charles_Larimore_Jones	1.4814473390579224
10300	Aggressive_Christianity_Missionary_Training_Corps	1.4694081544876099
10300	Benjamin_Harrison_(major_general)	1.4658277034759521
103003	Kate_Walsh_(actress)	1.7045267820358276
103003	Kate_Walsh_(presenter)	1.679846167564392
103003	Kate_Walsh	1.5507677793502808
103003	The_Kate_Smith_Show	1.4899590015411377
103003	Kate_Botello	1.4822288751602173
103003	Kate_Walsh_(singer)	1.481802225112915
103003	Kate_Gosselin	1.4808579683303833
103003	Kathleen_Walsh	1.4538946151733398
103003	Kate_McShane	1.4465210437774658
103003	Kate_Richardson-Walsh	1.4428791999816895
103040	Designated_Survivor_(TV_series)	1.8925282955169678
103040	Pilot_(Designated_Survivor)	1.7760252952575684
103040	Survivor_(U.S._TV_series)	1.5452858209609985
103040	Survivor_(film)	1.544212818145752
103040	Survivor_(Israel)	1.5355746746063232
103040	Survivor_(UK_TV_series)	1.527901291847229
103040	Survivor_(Japanese_TV_series)	1.5143784284591675
103040	The_Survivor_(1995_film)	1.492106556892395
103040	Survivors_(1975_TV_series)	1.4787381887435913
103040	Sole_Survivor_(novel)	1.4761669635772705
103050	List_of_General_Motors_factories	1.5967563390731812
103050	General_Motors	1.5770652294158936
103050	History_of_General_Motors	1.5738810300827026
103050	Detroit/Hamtramck_Assembly	1.5590565204620361
103050	Flint_Truck_Assembly	1.5545151233673096
103050	Norwood_Assembly	1.5316035747528076
103050	Baltimore_Assembly	1.5302119255065918
103050	General_Motors_Fairfax_Assembly_Plant	1.5230774879455566
103050	Lansing_Craft_Center	1.5090208053588867
103050	Janesville_Assembly_Plant	1.4924803972244263
103051	Floyd_Mayweather_Sr.	1.67966890335083
103051	Floyd_Mayweather_Jr.	1.5629372596740723
103051	Floyd_Mayweather_Jr._vs._Miguel_Cotto	1.5032883882522583
103051	Floyd_Mayweather_Jr._vs._Marcos_Maidana_II	1.4999969005584717
103051	Roger_Mayweather	1.4983545541763306
103051	Floyd_Mayweather_Jr._vs._Marcos_Maidana	1.4910356998443604
103051	Floyd_Mayweather_Jr._vs._Andre_Berto	1.4854339361190796
103051	Floyd_Mayweather_Jr._vs._Carlos_Baldomir	1.4774231910705566
103051	Floyd_Mayweather_Jr._vs._Robert_Guerrero	1.46888267993927
103051	Floyd_Mayweather_Jr._vs._Shane_Mosley	1.467775583267212
103063	Hermit_crab	1.673927664756775
103063	Caribbean_hermit_crab	1.6302815675735474
103063	Pylochelidae	1.6148009300231934
103063	Crab	1.6111271381378174
103063	Anomura	1.5779390335083008
103063	Pagurus_pollicaris	1.5772169828414917
103063	Australian_land_hermit_crab	1.5585780143737793
103063	Pagurus_samuelis	1.552529215812683
103063	Paguristes_ulreyi	1.5397666692733765
103063	King_crab	1.5374943017959595
103084	Zoe_Saldana	1.6827030181884766
103084	Margaret_Sullavan	1.5200194120407104
103084	Zoe_Ducós	1.4640183448791504
103084	Zoë_Lund	1.4562885761260986
103084	Mercedes_Salisachs	1.4485833644866943
103084	Zoe_Rae	1.4382771253585815
103084	Theresa_Saldana	1.4278045892715454
103084	Loredana_Nusciak	1.4180954694747925
103084	Zoé_Valdés	1.403218150138855
103084	Zoe_Akins	1.396275520324707
103116	Jack_Dylan_Grazer	2.345463752746582
103116	Max_Thieriot	1.7685571908950806
103116	Dylan_Bluestone	1.7091420888900757
103116	Andrew_Trischitta	1.6941699981689453
103116	Dylan_Cash	1.6895794868469238
103116	Asa_Butterfield	1.654573678970337
103116	Whitney_Dylan	1.6366724967956543
103116	Dylan_Vox	1.6365811824798584
103116	Dylan_O'Brien	1.634544014930725
103116	Jacob_Tremblay	1.627024531364441
103154	Sky_UK	1.9344372749328613
103154	Sky_plc	1.7546695470809937
103154	Sky_Broadband	1.6634266376495361
103154	UKCloud	1.6466562747955322
103154	Sky_Digital	1.6343075037002563
103154	Sky_Ireland	1.6216206550598145
103154	Sky_Television	1.604253888130188
103154	Sky_and_Space_Global	1.5935547351837158
103154	Sky_Television_plc	1.5899720191955566
103154	Sky_1	1.5731844902038574
103167	The_Love_Club_EP	1.959731101989746
103167	The_Love_Club_(song)	1.7253316640853882
103167	Club_Test_02	1.7047924995422363
103167	Club_Test_01	1.686913251876831
103167	Club_Single	1.6725244522094727
103167	Singles_Club_(EP)	1.6378980875015259
103167	Azealia_Banks_discography	1.6262528896331787
103167	Sex_(The_1975_EP)	1.612184762954712
103167	Love_in_This_Club	1.5788238048553467
103167	1991_(EP)	1.5680603981018066
1032	Yin_and_yang	1.7847096920013428
1032	Yin_yang_(disambiguation)	1.6228381395339966
1032	I_Ching_divination	1.6052403450012207
1032	The_body_in_traditional_Chinese_medicine	1.5937230587005615
1032	Enantiodromia	1.5440036058425903
1032	Three_Pure_Ones	1.511345624923706
1032	School_of_Naturalists	1.5011318922042847
1032	Metal_(Wu_Xing)	1.4877805709838867
1032	Wu_Xing	1.4862256050109863
1032	The_Book_of_Balance_and_Harmony	1.4464151859283447
