100060	Fida	0.9051322937011719
100060	Tashan_(film)	0.8487918376922607
100060	Mujhe_Kucch_Kehna_Hai	0.8428041934967041
100060	Mere_Jeevan_Saathi_(2006_film)	0.8250980973243713
100060	Silver_Star_(charity)	0.7661970257759094
100060	Kareena	0.7378768920898438
100060	Gori_Tere_Pyaar_Mein	0.7256942987442017
100060	Talaash:_The_Hunt_Begins...	0.7217118144035339
100060	Love_U_Zindagi	0.7012547850608826
100060	Ra1	0.6741626858711243
100145	Silver_Surfer	0.9422412514686584
100145	Silver_Surfer_(comic_book)	0.9121618270874023
100145	Mephisto_(comics)	0.8529040217399597
100145	Tyrant_(Marvel_Comics)	0.8486948609352112
100145	Silver_Surfer_(disambiguation)	0.8411232829093933
100145	Alicia_Masters	0.7994683384895325
100145	Ron_Lim	0.7814212441444397
100145	Silver_Surfer_(TV_series)	0.7784674167633057
100145	Spinsterhood	0.7765911817550659
100145	Silver_Surfer_(video_game)	0.6302198171615601
100243	Kung_Fu_Panda	1.1301984786987305
100243	Kung_Fu_Panda_2	1.0137724876403809
100243	Kung_Fu_Panda_(franchise)	0.7875670194625854
100243	Jennifer_Yuh_Nelson	0.7337442636489868
100243	List_of_Kung_Fu_Panda:_Legends_of_Awesomeness_episodes	0.7245892882347107
100243	Kung_Fu_Panda_World	0.721842885017395
100243	Kung_Fu_Panda:_Secrets_of_the_Scroll	0.6771167516708374
100243	List_of_Kung_Fu_Panda_characters	0.670254111289978
100243	Kung_Fu_Panda:_Legendary_Warriors	0.6650857925415039
100243	Master_Po	0.5953003764152527
100245	Julie_Bowen	1.0609928369522095
100245	Andrea_Bowen	1.0407886505126953
100245	Samantha_Bowen	0.924138605594635
100245	Andrew_Bowen	0.8869696259498596
100245	Stephen_Bowen_(astronaut)	0.8805750012397766
100245	Dennis_Bowen	0.8772561550140381
100245	Julie_Mayer_(Desperate_Housewives)	0.7750861644744873
100245	David_Bowen	0.7075991034507751
100245	Mark_Bowen	0.6962478160858154
100245	Edward_Bowen	0.6880978941917419
100261	Mount_Hood,_Oregon	1.0243360996246338
100261	Mount_Hood_(disambiguation)	1.0059216022491455
100261	Hood_River_Valley	0.9957572817802429
100261	Mount_Mitchell_(Oregon)	0.9580110311508179
100261	Timberline_Trail	0.9278573989868164
100261	Mount_Hood_Parkdale,_Oregon	0.9003742337226868
100261	Elk_Cove_(Oregon)	0.8851602673530579
100261	Hood_River_(Oregon)	0.8808130025863647
100261	Badger_Creek_Wilderness	0.8707405924797058
100261	Lost_Lake_(Hood_River_County,_Oregon)	0.7974625825881958
100271	Sarah_Hyland	1.0570025444030762
100271	See_You_in_Valhalla	0.6820783615112305
100271	Ann_Hyland	0.6611117124557495
100271	Paul_Hyland	0.6289051175117493
100271	The_Audrey_Hepburn_Story	0.6270435452461243
100271	XOXO_(2016_film)	0.6246979832649231
100271	Willie_Hyland	0.6193731427192688
100271	Pat_Hyland_(jockey)	0.5797846913337708
100271	Hyland's	0.5338608622550964
100271	Hyland_Airport	0.40646520256996155
100318	Southern_Hospitality_(song)	0.9841679334640503
100318	Sleep_Walk	0.6820048093795776
100318	Here_Is_Gone	0.6606073379516602
100318	List_of_Billboard_Mainstream_Top_40_number-one_songs_of_2005	0.6314186453819275
100318	Driving_Under_the_Influence_(song)	0.6230664849281311
100318	List_of_number-one_singles_of_the_2010s_(Hungary)	0.6135833263397217
100318	List_of_Adult_Top_40_number-one_songs_of_the_2010s	0.5891956090927124
100318	Say_It_with_Love	0.5798542499542236
100318	Lovesick_(EliZe_song)	0.572925865650177
100318	Mikaila_(album)	0.5545514225959778
100320	John_S._McCain_Jr.	0.6938909292221069
100320	John_S._McCain_Sr.	0.645510733127594
100320	USS_John_S._McCain_(DDG-56)	0.6064437031745911
100320	USS_John_S._McCain_(DL-3)	0.6057078242301941
100320	Faith_of_My_Fathers	0.5671812891960144
100320	Black_McCains	0.5333126187324524
100320	USS_John_S._McCain	0.5216906666755676
100320	Roberta_McCain	0.485735684633255
100320	USS_Dentuda_(SS-335)	0.45799410343170166
100320	McCain	0.45058003067970276
100446	Shomu_Mukherjee	0.8211545944213867
100446	Alfred_W._Toone	0.6388106346130371
100446	Saleh_Morsi	0.6138939261436462
100446	Eric_Chia	0.6017874479293823
100446	Deb_Mukherjee	0.5623111128807068
100446	Pathar_Ke_Insan	0.551136314868927
100446	David_P._Richardson_(Pennsylvania_politician)	0.548666775226593
100446	Nanha_Shikari	0.5451738238334656
100446	Mukherjee-Samarth_family	0.5405598282814026
100446	Lover_Boy_(1985_film)	0.4822286069393158
100467	Books_about_Stephen_King	0.9005542993545532
100467	Unpublished_and_uncollected_works_by_Stephen_King	0.8809106945991516
100467	Philtrum_Press	0.8466317653656006
100467	The_Monkey	0.8064422011375427
100467	Revival_(novel)	0.7777359485626221
100467	Mile_81	0.7577915787696838
100467	The_New_Lieutenant's_Rap	0.7514801025390625
100467	The_Woman_in_the_Room	0.7280337810516357
100467	Quitters,_Inc.	0.7206363677978516
100467	Storm_of_the_Century	0.7160997986793518
100487	Miss_Baltic_Sea	0.978420615196228
100487	Estonia–Russia_border	0.9712972044944763
100487	Baltic_Uplands	0.9560229778289795
100487	Nasva_(stream)	0.8831425309181213
100487	Baltic_League_(ice_hockey)	0.7369831204414368
100487	Estonia_national_football_team_1991	0.7225282192230225
100487	1931_Baltic_Cup	0.7176716327667236
100487	1938_Baltic_Cup	0.7162961959838867
100487	2001_Baltic_Cup	0.6777151823043823
100487	Governor-General_of_Baltic_provinces	0.6533600687980652
10051	Stomp_the_Yard	1.2652218341827393
10051	Stomp_the_Yard_(soundtrack)	1.1898928880691528
10051	Stomp_the_Yard:_Homecoming	1.1841791868209839
10051	Trouble_Sleeping_(film)	1.0999436378479004
10051	Gregory_Anderson_(screenwriter)	0.9684407711029053
10051	Poppin'_(song)	0.819730818271637
10051	Bristol_Stomp	0.7127737402915955
10051	Luke_Cresswell	0.7103153467178345
10051	Stomp_rocket	0.7006252408027649
10051	Andhra_Kesari	0.6200533509254456
10052	Stomp_the_Yard	0.8481171727180481
10052	Stomp_the_Yard_(soundtrack)	0.7865183353424072
10052	Stomp_rocket	0.7319724559783936
10052	Stomp_the_Yard:_Homecoming	0.7288060188293457
10052	Trouble_Sleeping_(film)	0.6676846146583557
10052	Luke_Cresswell	0.6628290414810181
10052	Poppin'_(song)	0.6596089005470276
10052	Bristol_Stomp	0.6397982239723206
10052	Scotland_Yard_(board_game)	0.5530976057052612
10052	Gregory_Anderson_(screenwriter)	0.5407767295837402
100615	Robin_Walker_(game_designer)	0.9745096564292908
100615	Robin_Walker_(disambiguation)	0.7918667197227478
100615	Team_Fortress_2	0.7720996141433716
100615	Team_Fortress_Classic	0.6531790494918823
100615	Fortress_Forever	0.6263478398323059
100615	Gang_Garrison_2	0.624354898929596
100615	TF2	0.48180097341537476
100615	Fortress_2	0.43736425042152405
100615	GameSurge	0.4301496744155884
100615	The_Heavy	0.3766322731971741
100617	Floyd_Mayweather_Jr.	1.0430740118026733
100617	Carlos_Rios	0.8887839317321777
100617	Tony_Pep	0.8781507611274719
100617	Floyd_Mayweather_Jr._vs._Marcos_Maidana_II	0.8375531435012817
100617	Floyd_Mayweather_Jr._vs._Juan_Manuel_Márquez	0.8222841024398804
100617	Roger_Mayweather	0.7974308729171753
100617	Mayweather_Promotions	0.7780250310897827
100617	Floyd_Mayweather_Jr._vs._Marcos_Maidana	0.7662092447280884
100617	Floyd_Mayweather_Jr._vs._Ricky_Hatton	0.7327785491943359
100617	Mayweather	0.6378802061080933
100659	The_Last_of_the_Jedi:_A_Tangled_Web	1.4023405313491821
100659	With_a_Tangled_Skein	1.3550658226013184
100659	Wycliffe_and_the_Tangled_Web	1.2994548082351685
100659	Tangled_(disambiguation)	1.2924461364746094
100659	The_Tangled_Skein	1.2883678674697876
100659	Tangled_Wool	1.2200323343276978
100659	Tangled:_The_Video_Game	1.2177900075912476
100659	Tangled_Hearts	1.1349999904632568
100659	Tangled_Trails	1.083391785621643
100659	Grevillea_flexuosa	0.9061441421508789
100781	Efron	0.8628758788108826
100781	Leslie_Wing	0.7249725461006165
100781	Beanie_Feldstein	0.6893361210823059
100781	17_Again_(film)	0.6812122464179993
100781	The_Derby_Stallion	0.6776067614555359
100781	Abby_Walker	0.6480576992034912
100781	That_Awkward_Moment	0.6410165429115295
100781	Melinda's_World	0.629757821559906
100781	Miracle_Run	0.5828893780708313
100781	The_Greatest_Showman	0.5686989426612854
100785	Book_of_Mormon_(disambiguation)	0.6230483651161194
100785	Book_of_Mormon_witnesses	0.5834288001060486
100785	Proposed_Book_of_Mormon_geographical_setting	0.514998197555542
100785	Hill_Shim	0.5077863335609436
100785	The_Book_of_Mormon_and_the_King_James_Bible	0.4985746145248413
100785	Shiz	0.48350760340690613
100785	Outline_of_the_Book_of_Mormon	0.4796275794506073
100785	Waters_of_Mormon	0.44798311591148376
100785	Book_of_Mormon_characters	0.41409561038017273
100785	List_of_Book_of_Mormon_groups	0.38722214102745056
100788	Sky_plc	0.8687862157821655
100788	Sky_UK	0.8555617928504944
100788	Acetrax	0.7461007237434387
100788	Sky_News	0.7381220459938049
100788	Freesat_from_Sky	0.7288669943809509
100788	Sky_News_Radio	0.6983867287635803
100788	Sky_Midnight_News	0.6252394914627075
100788	Victor_Adebodun	0.5117381811141968
100788	Daniel_Pinto_(financier)	0.5032704472541809
100788	Borland's_Trustee_v_Steel_Bros_&_Co_Ltd	0.3911448121070862
100795	Eurotas_(river)	1.162278175354004
100795	Evrotas_(municipality)	0.9349948763847351
100795	Eurotas	0.8477121591567993
100795	Černý_potok	0.7755302786827087
100795	Cauquenes_River	0.7267052531242371
100795	Sellasia	0.681203305721283
100795	Homathko_River	0.6676155924797058
100795	River_dragonet	0.6651266813278198
100795	Yambou_River	0.6476761102676392
100795	Barak_River	0.6120282411575317
100852	Emmanuel_Macron	0.8385399580001831
100852	Laurence_Auzière-Jourdan	0.5839218497276306
100852	Jean-Michel_Macron	0.5581147074699402
100852	Authie,_Somme	0.5109418034553528
100852	Brigitte_Macron	0.5061730742454529
100852	List_of_international_presidential_trips_made_by_Emmanuel_Macron	0.49997109174728394
100852	Emmanuel_Macron,_les_coulisses_d’une_victoire	0.49572113156318665
100852	Macron	0.49373358488082886
100852	Philippe_Government	0.48109057545661926
100852	List_of_spouses_or_partners_of_the_President_of_France	0.4385703504085541
100893	ARMZ_Uranium_Holding	1.214377760887146
100893	Uranium_monophosphide	1.0931496620178223
100893	Uranium_hexachloride	1.0512795448303223
100893	Uranium(III)_chloride	1.043872594833374
100893	Bohodou	1.0360691547393799
100893	Uranium_phosphate	1.0301743745803833
100893	Uranium_disilicide	1.0204505920410156
100893	Uranium_sulfate	1.0125401020050049
100893	Uranium_borohydride	1.0036035776138306
100893	Martin_Lake_(Saskatchewan)	0.9679591059684753
101008	Camp_Flog_Gnaw	1.1571072340011597
101008	Tyler,_The_Creator	1.0502947568893433
101008	Odd_Future	1.0135372877120972
101008	MellowHigh_(album)	0.7502536773681641
101008	Gnaw	0.7420740723609924
101008	Earl_Sweatshirt	0.7272138595581055
101008	The_Odd_Future_Tape	0.7139713168144226
101008	Odd_Future_Records	0.7042537927627563
101008	Bastard_(Tyler,_The_Creator_album)	0.6894123554229736
101008	Marriage_Boot_Camp	0.6316354274749756
101014	Emperor_Norton	0.9550928473472595
101014	The_Cat_Who_Went_to_Paris	0.8340438008308411
101014	The_Cat_Who'll_Live_Forever	0.7988695502281189
101014	Emperor_Norton_in_popular_culture	0.7893439531326294
101014	L'Empereur_Smith	0.7861397862434387
101014	The_Emperor's_Bridge_Campaign	0.7326342463493347
101014	Frederick_Coombs	0.7182707190513611
101014	David_Lester_Richardson	0.6990619897842407
101014	Krushna_Chandra_Kar	0.688552737236023
101014	Pestilence_(comics)	0.5975267291069031
101017	The_Punisher_(2004_film)	1.3256378173828125
101017	The_Punisher_(1990_video_game)	1.1852022409439087
101017	The_Punisher_(1990_computer_game)	1.1648846864700317
101017	The_Punisher_(2004_series)	1.040990948677063
101017	The_Punisher_(2004_score)	1.0166515111923218
101017	Lady_Punisher	0.9960757493972778
101017	The_Punisher_(comics)	0.9905519485473633
101017	Punisher_(disambiguation)	0.9825924634933472
101017	The_Punisher_War_Zone	0.9380452632904053
101017	Punisher:_War_Zone_(2012_series)	0.8934817910194397
101027	California_League	0.8845241665840149
101027	Mexican_League	0.8059878945350647
101027	Interleague_Minor_League_Postseason_Series	0.738491415977478
101027	Baseball_America_Minor_League_Player_of_the_Year_Award	0.7265000343322754
101027	Monterey_Amberjacks	0.6501981019973755
101027	Tucson_Saguaros	0.6448240280151367
101027	Douglas_Diablos	0.63505619764328
101027	Bakersfield_Train_Robbers	0.6268121004104614
101027	Prescott_Montezuma_Federals	0.6254752278327942
101027	Laredo_Broncos	0.6070123910903931
101062	Temple_Grandin_(film)	0.7630376219749451
101062	Claire_Danes	0.6978477835655212
101062	The_Rainmaker_(1997_film)	0.5372172594070435
101062	U_Turn_(1997_film)	0.5063912868499756
101062	Brigsby_Bear	0.49053314328193665
101062	The_Flock_(film)	0.49018344283103943
101062	Grandin	0.4649619460105896
101062	Hug_machine	0.4235035479068756
101062	Nick_Steele_(fashion_stylist)	0.3994618058204651
101062	Animals_in_Translation	0.3527432680130005
101111	Gangsta_Rap_(album)	1.2063086032867432
101111	Evil_E	1.2056623697280884
101111	Ice-T's_Rap_School	1.1918742656707764
101111	I_Ain't_New_Ta_This	1.148077368736267
101111	New_Jack_Hustler_(Nino's_Theme)	1.0069859027862549
101111	Aechmea_'Ice-T'	0.9060543179512024
101111	Lethal_Weapon_(song)	0.9002029299736023
101111	Corrupt_(1999_film)	0.8675710558891296
101111	The_Wrecking_Crew_(2000_film)	0.8418896794319153
101111	Greatest_Hits:_The_Evidence	0.7826746702194214
101118	Sabbir_Khan	0.8608877062797546
101118	Kambakkht_Ishq	0.8362468481063843
101118	Munna_Michael	0.8243330121040344
101118	Heropanti	0.8028814792633057
101118	Baaghi_(2016_film)	0.7921401262283325
101118	Karar:_The_Deal	0.7354180216789246
101118	Sabir_Khan_(disambiguation)	0.7130030393600464
101118	Hello_Brother_(1999_film)	0.6501169800758362
101118	V._I._P._(1988_film)	0.6243294477462769
101118	Sabbir_Khan_(cricketer)	0.5473548173904419
101125	(8014)_1990_MF	0.8701600432395935
101125	(85989)_1999_JD6	0.8475385904312134
101125	2015_KH162	0.7579230070114136
101125	50000_Quaoar	0.7511301636695862
101125	(444030)_2004_NT33	0.7408798336982727
101125	PSR_B1620-26_b	0.7161051034927368
101125	PSR_B1257+12_A	0.7029000520706177
101125	Quadrature_(astronomy)	0.6923990249633789
101125	HD_202206_b	0.6904740333557129
101125	Sphere_of_influence_(astrodynamics)	0.6476606130599976
101142	Balibo_Five	0.8340854048728943
101142	Balibo	0.7432734966278076
101142	Brothers_(1982_film)	0.7239440083503723
101142	Taking_Sides_(play)	0.5822298526763916
101142	Diurnea	0.5173469185829163
101142	Operation_Weeting	0.502677857875824
101142	Fluzone	0.49858251214027405
101142	Sexual_Offences_Act_1993	0.47070133686065674
101142	Endoxyla_amphiplecta	0.4616130590438843
101142	Smooth_infinitesimal_analysis	0.447517991065979
10117	Barbarella_(film)	1.3019670248031616
10117	Barbarella	1.1794655323028564
10117	Barbarella_(musical)	1.1244311332702637
10117	Barbarella_(song)	1.0347424745559692
10117	Barbarella:_the_80's_Musical	1.0308235883712769
10117	Barbarella_(comics)	1.0106641054153442
10117	Barbarella_(rocket)	0.9145854711532593
10117	On_a_Mission_(song)	0.8774086236953735
10117	Tommy_Barbarella	0.796447217464447
10117	Andhra_Kesari	0.7298914194107056
101176	I_Want_to_Know_What_Love_Is	0.8372210264205933
101176	Let's_Do_It_Again_(Leela_James_album)	0.7315277457237244
101176	I_Know_What_Love_Isn't	0.6277028918266296
101176	If_You_Want_My_Love_(disambiguation)	0.5475625395774841
101176	I_Don't_Know_What_It_Is	0.5174984335899353
101176	You_Know_I_Love_You	0.5010070204734802
101176	I_Don't_Know_What_You_Want_But_I_Can't_Give_It_Any_More	0.4961273670196533
101176	I_Want_You_to_Know	0.4260668456554413
101176	I_Know_You_Want_Me	0.37085607647895813
101176	This_Is_What_I_Know_About_Being_Gigantic	0.3375228941440582
10118	Barbarella_(film)	1.2123843431472778
10118	Barbarella	1.0982012748718262
10118	Barbarella_(musical)	0.9642081260681152
10118	Barbarella's	0.9060783982276917
10118	Barbarella_(comics)	0.8985726237297058
10118	Barbarella:_the_80's_Musical	0.8910255432128906
10118	Barbarella_(song)	0.8814539909362793
10118	Barbarella_(rocket)	0.8588020205497742
10118	Tommy_Barbarella	0.7648751139640808
10118	Francis_Duehay	0.34292590618133545
101224	The_Maze_(2010_film)	0.9062848091125488
101224	Maze:_Secret_Love	0.4618445038795471
101224	Maze_(band)	0.4471699297428131
101224	The_Maze_Runner_(disambiguation)	0.4332340359687805
101224	The_Man_in_the_Maze	0.42664632201194763
101224	Maze_River	0.42350873351097107
101224	Maze_(surname)	0.38182148337364197
101224	Love_in_a_Maze_(disambiguation)	0.34723421931266785
101224	Maze_Featuring_Frankie_Beverly_(album)	0.3442945182323456
101224	Al_Rostamani_Maze_Tower	0.32753902673721313
101300	San_Francisco_Bay_Area_Council	0.9623458981513977
101300	List_of_Michelin_starred_restaurants_in_the_San_Francisco_Bay_Area	0.9187383055686951
101300	Bay_Area_(disambiguation)	0.8784252405166626
101300	Lists_of_San_Francisco_Bay_Area_topics	0.8730337619781494
101300	List_of_bands_from_the_San_Francisco_Bay_Area	0.8067310452461243
101300	Sikh_Center_of_San_Francisco_Bay_Area	0.7906768918037415
101300	San_Francisco_Bay_Ferry	0.7634698748588562
101300	List_of_San_Francisco_Bay_Area_writers	0.7082661986351013
101300	NBC_Sports_Bay_Area	0.6690791845321655
101300	Lynette_Sweet	0.6478664875030518
101462	The_Invisible_Man_(film)	1.2979429960250854
101462	The_Invisible_Man's_Revenge	1.232412338256836
101462	Invisible_Agent	1.2324005365371704
101462	Abbott_and_Costello_Meet_the_Invisible_Man	1.22017240524292
101462	The_Invisible_Woman_(1940_film)	1.1664440631866455
101462	The_Invisible_Man	1.0880169868469238
101462	Shock_Theater	1.0728535652160645
101462	Griffin_(The_Invisible_Man)	1.0270332098007202
101462	The_Invisible_Man_(TV_series)	1.0244488716125488
101462	Memoirs_of_an_Invisible_Man	0.9588819146156311
101473	Lucy_Hale	0.9828581213951111
101473	Lucy_Lambert_Hale	0.7746583819389343
101473	Caitlin_Hale	0.7030577659606934
101473	Sorority_Wars	0.6464347839355469
101473	Ruth_Hale_(feminist)	0.6463638544082642
101473	Aria_Montgomery	0.6275144815444946
101473	Road_Between	0.6273729801177979
101473	Dude_(film)	0.6083017587661743
101473	Hale_(given_name)	0.4734669625759125
101473	Samuel_Hale	0.4176526963710785
10151	Mobile_operating_system	0.5826091170310974
10151	JY-8_Radar	0.48288995027542114
10151	Operating_context	0.47670239210128784
10151	Wink_toolkit	0.47614985704421997
10151	Symobi	0.4572586119174957
10151	Nokia_6233	0.4547845125198364
10151	Operational_context	0.4381130337715149
10151	OpenZaurus	0.43791553378105164
10151	Foodie.fm	0.43184101581573486
10151	MicroB	0.392055869102478
101528	Guthrie_Theater	1.0182639360427856
101528	Carnegie_Library_(Guthrie,_Oklahoma)	0.6237282156944275
101528	Guthrie_rolling_bridge	0.6010521650314331
101528	Balfour–Guthrie_Building	0.5812788605690002
101528	Guthrie,_Angus	0.5738481283187866
101528	Guthrie_Common_School_District	0.5012832880020142
101528	Rolling_bridge	0.4847329258918762
101528	South_Guthrie,_Tennessee	0.4714370667934418
101528	So_Long,_It's_Been_Good_to_Know_Yuh	0.39588895440101624
101528	Thinking_of_Woody_Guthrie	0.37818190455436707
101552	List_of_awards_and_nominations_received_by_Scott_Rudin	0.8666048645973206
101552	Larry_Hochman	0.8228344321250916
101552	Book_of_Mormon_(disambiguation)	0.647602379322052
101552	Book_of_Mormon_witnesses	0.5935983061790466
101552	The_Book_of_Mormon_and_the_King_James_Bible	0.5527856945991516
101552	Amoron	0.5151647925376892
101552	Waters_of_Mormon	0.4415797293186188
101552	Lehi	0.42989882826805115
101552	List_of_Book_of_Mormon_groups	0.4016090929508209
101552	Jared_(disambiguation)	0.39894160628318787
101553	Science,_Liberty_and_Peace	1.3143703937530518
101553	Ends_and_Means	1.277186393737793
101553	Time_Must_Have_a_Stop	1.2264944314956665
101553	Beyond_the_Mexique_Bay	1.1970263719558716
101553	Point_Counter_Point	1.178566336631775
101553	Literature_and_Science	1.1774919033050537
101553	Two_or_Three_Graces	1.146045207977295
101553	Dana_Sawyer	1.14180588722229
101553	The_Art_of_Seeing	1.0920628309249878
101553	Huxley_on_Huxley	0.9382756948471069
101565	UrduPoint	1.1646193265914917
101565	Dilkash_Pakistan	1.1571922302246094
101565	Pakistan_Cycling_Federation	1.1248998641967773
101565	Pakistan_Refinery	1.1203687191009521
101565	UTV_Pakistan	1.069518804550171
101565	Jinnah_Naval_Base	1.0674431324005127
101565	All_Pakistan_Textile_Mills_Association	1.0495597124099731
101565	Tamgha-e-Imtiaz	1.030527114868164
101565	2017_Census_in_Pakistan	0.9903773069381714
101565	Felis_margarita_scheffeli	0.92026287317276
101619	List_of_international_goals_scored_by_Ronaldinho	1.1682376861572266
101619	Ronaldinho	1.0806468725204468
101619	Ronaldo_Rodrigues_de_Jesus	1.0280004739761353
101619	Cássio_Barros	1.0090234279632568
101619	Joaquim_Dinis	1.0028624534606934
101619	List_of_international_goals_scored_by_Zico	0.9908263087272644
101619	List_of_international_goals_scored_by_Neymar	0.9637293815612793
101619	List_of_Japan_national_football_team_hat-tricks	0.7574230432510376
101619	Ronaldinho_Gaucho's_Team	0.7470530271530151
101619	List_of_Italy_national_football_team_hat-tricks	0.7011492252349854
101638	GLOW_(TV_series)	1.0210418701171875
101638	Greenville_Light_Opera_Works	0.7577788829803467
101638	Generative_Linguistics_in_the_Old_World	0.68429034948349
101638	Ladies_Professional_Wrestling_Association	0.6276388764381409
101638	Norfolk_SharX	0.5829299092292786
101638	Olmos_y_Robles	0.565980851650238
101638	List_of_wadis_of_the_United_Arab_Emirates	0.5060811638832092
101638	San_Marino_women's_national_football_team	0.4983084499835968
101638	List_of_streams_of_Antigua_and_Barbuda	0.4966965615749359
101638	Public_Forces_of_Costa_Rica	0.44579455256462097
101656	Tony_Award_for_Best_Book_of_a_Musical	0.9140092134475708
101656	Robert_Lopez	0.8596038818359375
101656	Tony_Award_for_Best_Author	0.8368871808052063
101656	Harvey_Fierstein	0.8112960457801819
101656	Lisa_Kron	0.8017269372940063
101656	Anne_Garefino	0.7914915084838867
101656	Mark_Bramble	0.7885174751281738
101656	Tony_Award_for_Best_Director	0.774466335773468
101656	List_of_awards_and_nominations_received_by_Scott_Rudin	0.7385609149932861
101656	Book_of_Mormon_(disambiguation)	0.6477546095848083
101668	Brent_Mydland	1.1225600242614746
101668	Go_Ahead_(band)	1.0710855722427368
101668	Bobby_and_the_Midnites_(album)	1.0297516584396362
101668	The_Grateful_Dead_Family_Album	1.0070141553878784
101668	Go_to_Heaven	0.9666957855224609
101668	Bob_Bralove	0.9650994539260864
101668	Dick's_Picks_Volume_5	0.9612199068069458
101668	Live_at_Hampton_Coliseum	0.9420705437660217
101668	Postcards_of_the_Hanging	0.9157698154449463
101668	Garcia_Plays_Dylan	0.8316160440444946
101680	Sandy_(Grease_song)	0.7554470300674438
101680	Grease_(lubricant)	0.6636331677436829
101680	Grease	0.5942957401275635
101680	Scarce_Grease,_Alabama	0.5827253460884094
101680	Not_out	0.5543552041053772
101680	Grease_Creek	0.5056732296943665
101680	List_of_Reading_F.C._seasons	0.5052910447120667
101680	Supernatural	0.4893801510334015
101680	Paul_Cronin	0.4247179329395294
101680	Burundi_at_the_Paralympics	0.312867134809494
101702	Jamie_Lee_Curtis	0.9247815012931824
101702	My_Girl_(film)	0.7569131255149841
101702	Perfect_(film)	0.7540825605392456
101702	Love_Letters_(1984_film)	0.7151718139648438
101702	Laurie_Strode	0.7077756524085999
101702	Nicholas'_Gift	0.6938572525978088
101702	Amazing_Grace_and_Chuck	0.6862366795539856
101702	The_Fog	0.6735763549804688
101702	Jamie_Lloyd	0.6692801117897034
101702	Terror_Train	0.6591542959213257
101795	Donald_Duck	0.9069061279296875
101795	The_Oregon_Duck	0.8269590139389038
101795	The_Autograph_Hound	0.7542812824249268
101795	List_of_Donald_Duck_universe_characters	0.7021480202674866
101795	Donald's_Happy_Birthday	0.6765506863594055
101795	Donald_Duck_and_the_Gorilla	0.653304398059845
101795	Lucky_Number_(Disney)	0.6227270364761353
101795	Donald_Duck_(disambiguation)	0.6208692193031311
101795	Donald_Duck_Adventures	0.6002293229103088
101795	Officer_Duck	0.5556395053863525
101808	Granite_(disambiguation)	1.8059083223342896
101808	Granite,_Montana	1.457629919052124
101808	Granite,_Wyoming	1.3297247886657715
101808	GMC_Granite	1.3171263933181763
101808	The_Granite_Tower	1.2071062326431274
101808	Granite_Peak-Northwest_Peak	1.1768934726715088
101808	Granite_Creek_townsite,_British_Columbia	1.1726385354995728
101808	Kashmir_white_granite	1.1609922647476196
101808	Granite_Mountain_Air_Station	1.1036877632141113
101808	Lincoln_Place_(Granite_City)	0.9198042154312134
101821	Daenerys_Targaryen	1.0325095653533936
101821	Viserys_Targaryen	0.9192134737968445
101821	Missandei	0.8303362727165222
101821	List_of_A_Song_of_Ice_and_Fire_characters	0.7756919860839844
101821	First_of_His_Name	0.7714690566062927
101821	Themes_in_A_Song_of_Ice_and_Fire	0.7330098152160645
101821	Olenna_Tyrell	0.7003574967384338
101821	Rosie_Mac	0.6872158050537109
101821	Dothraki_language	0.6782367825508118
101821	A_Scholar's_Feast	0.525243878364563
101845	Richard_Kuklinski	0.872304379940033
101845	The_Iceman_(film)	0.7957324981689453
101845	Kuklinski	0.7732940316200256
101845	The_Last_Outlaw_(1927_film)	0.5704012513160706
101845	Actual_innocence	0.4972010850906372
101845	Concerning_Mr._Martin	0.49374517798423767
101845	6,000_Enemies	0.4905719459056854
101845	Eight_O'Clock_Walk	0.46955791115760803
101845	Sawan_Biang	0.463950514793396
101845	Hogan's_Alley_(video_game)	0.3705930709838867
101883	Robert_Singer_(producer)	0.8979914784431458
101883	Robert_Singer	0.7875673174858093
101883	Şaban_Özdemir	0.597000777721405
101883	Dark_Ride_(film)	0.5751993060112
101883	Robert_Singer_(Jewish_leader)	0.5406744480133057
101883	Gary_Singer	0.5044118762016296
101883	Seven_Deadly_Arts_with_Akshay_Kumar	0.44639459252357483
101883	Singer_(disambiguation)	0.43579891324043274
101883	L.A._Hair	0.393604576587677
101883	Spirit_Television	0.3642715811729431
101906	Manchester_United_F.C._league_record_by_opponent	0.8469972014427185
101906	1983_FA_Cup_Final	0.8352552652359009
101906	F.C._United_of_Manchester	0.8229472637176514
101906	Manchester_United_F.C._Reserves_and_Academy	0.8124807476997375
101906	1956_FA_Charity_Shield	0.7494850158691406
101906	List_of_companies_based_in_Greater_Manchester	0.6832941770553589
101906	1967–68_Football_League_First_Division	0.681805431842804
101906	2008_FINA_World_Swimming_Championships_(25_m)	0.6580209732055664
101906	Mohammed_Yasser	0.5184620022773743
101906	Manchester_Township,_Freeborn_County,_Minnesota	0.5171597003936768
101932	Swiftfox	0.850135862827301
101932	FireFTP	0.7888029217720032
101932	Firefox_Sync	0.7466747164726257
101932	Firefox_3.6	0.7359421849250793
101932	GNU_IceCat	0.7138199806213379
101932	Timberwolf_(web_browser)	0.6954671740531921
101932	Tab_Mix_Plus	0.6480794548988342
101932	XUL	0.6383810043334961
101932	Netstep	0.615050196647644
101932	Firefox_Down	0.6120745539665222
101985	Vashon_Glaciation	0.8118190169334412
101985	Patagonian_Ice_Sheet	0.7129558324813843
101985	Nansen_Ice_Sheet	0.6643308401107788
101985	Glacial_Lake_Columbia	0.6611770987510681
101985	The_Ice_Sheet_at_Ogden	0.5943885445594788
101985	Kamb_Ice_Stream	0.5836189985275269
101985	Corner_Glacier	0.5713183283805847
101985	Withrow,_Washington	0.5433975458145142
101985	Dorthe_Dahl-Jensen	0.4773782789707184
101985	MacAyeal_Ice_Stream	0.4422592520713806
102003	The_Last_Song_(film)	0.995110034942627
102003	Last_Song_(Edward_Bear_song)	0.6840937733650208
102003	The_Last_Outlaw_(1919_film)	0.647531270980835
102003	Clock_Without_Hands	0.5840607285499573
102003	Avatar:_The_Last_Airbender_–_The_Rift	0.5178641676902771
102003	Yu_Yunwen	0.5128520727157593
102003	Avatar:_The_Last_Airbender_–_The_Promise	0.5001444816589355
102003	Heavy_Music	0.4911983609199524
102003	The_Last_Sontaran	0.4863508343696594
102003	Shakespeare_and_the_Goddess_of_Complete_Being	0.3795422911643982
102019	International_medical_graduate	0.8802536129951477
102019	Medical_centers_in_the_United_States	0.7882875204086304
102019	UBC_Faculty_of_Medicine	0.7776972651481628
102019	Faculty_of_Medicine,_Diponegoro_University	0.7771064639091492
102019	University_of_Liverpool_School_of_Medicine	0.7302078008651733
102019	University_of_Saskatchewan_College_of_Medicine	0.7278026938438416
102019	Korea_University_College_of_Medicine	0.7122550010681152
102019	UC_San_Diego_School_of_Medicine	0.6993522047996521
102019	Leonard_M._Miller_School_of_Medicine	0.6869929432868958
102019	Siberian_State_Medical_University	0.684340238571167
102020	Mount_Hood_(disambiguation)	1.0765268802642822
102020	Mount_Hood,_Oregon	1.0643975734710693
102020	Hood_River_Valley	1.0480321645736694
102020	Mount_Mitchell_(Oregon)	1.0256030559539795
102020	Timberline_Trail	0.9868570566177368
102020	Elk_Cove_(Oregon)	0.9863685369491577
102020	Badger_Creek_Wilderness	0.9688217043876648
102020	Hood_River_(Oregon)	0.9620502591133118
102020	Lost_Lake_(Hood_River_County,_Oregon)	0.9173029065132141
102020	Mount_Hood_Parkdale,_Oregon	0.9152916669845581
102038	Aesthetic_Theory	0.6736565828323364
102038	Raunch_aesthetics	0.6324632167816162
102038	Applied_aesthetics	0.6214991211891174
102038	Everyday_Aesthetics	0.6088317632675171
102038	Experimental_aesthetics	0.5779297947883606
102038	Populist_(disambiguation)	0.5680446028709412
102038	Yuly_Aykhenvald	0.5434006452560425
102038	Free_trade_debate	0.5135575532913208
102038	Artmedia	0.5044513940811157
102038	Apollo_archetype	0.4859957993030548
102079	Zoey_Deutch	1.085010290145874
102079	Vampire_Academy	0.9654442667961121
102079	Vampire_Academy_(novel)	0.820464551448822
102079	Last_Sacrifice	0.7770337462425232
102079	Vampire_Academy_(film)	0.7646918296813965
102079	Breanna_Yde	0.700677752494812
102079	Madelyn_Deutch	0.6525601148605347
102079	The_Year_Of_Spectacular_Men	0.6188475489616394
102079	Vincent-N-Roxxy	0.6129652261734009
102079	Deutch	0.5209580659866333
102120	Night_of_the_Living_Dead:_Darkest_Dawn	0.8862325549125671
102120	Night_of_the_Living_Dead_(film_series)	0.8750061392784119
102120	Birth_of_the_Living_Dead	0.8732656836509705
102120	Survival_of_the_Dead	0.8318620324134827
102120	Jeff_Broadstreet	0.822981595993042
102120	Night_of_the_Living_Dead:_Resurrection	0.8209982514381409
102120	Night_of_the_Living_Bread	0.7802788019180298
102120	Night_of_the_Living_Dead_3D:_Re-Animation	0.7639393210411072
102120	Escape_of_the_Living_Dead	0.6839995980262756
102120	Night_of_the_Nearly_Dead	0.6019598245620728
102161	Shannon_Lee	1.3313751220703125
102161	Shannon_Lee_Dawdy	1.3235498666763306
102161	I_Am_Bruce_Lee	0.9159764051437378
102161	Robert_Shannon_(disambiguation)	0.8881270885467529
102161	Private_Obsession	0.8672083616256714
102161	Enter_the_Eagles	0.8418377041816711
102161	Shannon,_Mississippi	0.833106279373169
102161	High_Voltage_(1997_film)	0.69548100233078
102161	Lee_County_School_District_(Mississippi)	0.6217185854911804
102161	The_Bazura_Project	0.6211813688278198
102173	Tom_Constanten	0.9029479622840881
102173	Embryonic_Journey_(album)	0.7990627288818359
102173	Bob_Bralove	0.768997848033905
102173	Gram_Parsons_Archives_Vol.1:_Live_at_the_Avalon_Ballroom_1969	0.7532584071159363
102173	Embryonic_Journey	0.7442119717597961
102173	Dave's_Picks_Volume_6	0.7434269785881042
102173	The_White_EP_(Pop-O-Pies_EP)	0.6429053544998169
102173	Deadhead	0.6335805654525757
102173	Heroes_of_Woodstock_Tour	0.5338185429573059
102173	Pickin'_on_the_Grateful_Dead:_A_Tribute	0.5173159241676331
102297	Exotic_Birds	0.8005167245864868
102297	Exotic_Birds_and_Fruit	0.5123873353004456
102297	Burlesque_Hall_of_Fame	0.5065068602561951
102297	The_Innocent_(band)	0.4865776598453522
102297	Phantasy_Theater	0.4846184551715851
102297	Miss_Exotic_World_Pageant	0.4719489514827728
102297	Journal_of_Exotic_Pet_Medicine	0.4374561905860901
102297	The_Alter_Boys	0.4289756119251251
102297	Andy_Kubiszewski	0.42641323804855347
102297	Fungal_Genetics_Stock_Center	0.40010926127433777
102303	Bank_of_America	0.8927379846572876
102303	Bank_of_Holland	0.6881164312362671
102303	Bank_of_America_Merrill_Lynch	0.6817554831504822
102303	Merrill_Edge	0.6811028122901917
102303	P&N_Bank	0.6526058912277222
102303	NatWest	0.6475391387939453
102303	Electronic_Recording_Machine,_Accounting	0.647463858127594
102303	Jamuna_Bank	0.6187950372695923
102303	Liberty_Bell_Bank	0.6099993586540222
102303	Piraeus_Bank_Beograd	0.5816364884376526
102417	The_Hunger_Games_(disambiguation)	1.1308194398880005
102417	The_Hunger_Games	1.0678167343139648
102417	Fictional_universe_of_The_Hunger_Games	0.9468682408332825
102417	The_Hunger_Games:_Mockingjay	0.9400785565376282
102417	List_of_accolades_received_by_The_Hunger_Games_film_series	0.9352240562438965
102417	List_of_The_Hunger_Games_characters	0.9109969139099121
102417	Mockingjay_(disambiguation)	0.8600531220436096
102417	Mockingjay	0.8508760333061218
102417	Color_Force	0.8392336368560791
102417	Peeta_Mellark	0.6643081307411194
102418	The_Hunger_Games_(disambiguation)	0.9163395762443542
102418	The_Hunger_Games	0.8823947906494141
102418	Fictional_universe_of_The_Hunger_Games	0.7820051908493042
102418	The_Hunger_Games:_Mockingjay	0.7559223175048828
102418	List_of_accolades_received_by_The_Hunger_Games_film_series	0.7301300764083862
102418	List_of_The_Hunger_Games_characters	0.72120201587677
102418	Mockingjay	0.7111625671386719
102418	Mockingjay_(disambiguation)	0.7066933512687683
102418	Color_Force	0.6773189902305603
102418	Peeta_Mellark	0.534580647945404
102523	Grease_(song)	1.0101995468139648
102523	Sandy_(Grease_song)	0.9452036023139954
102523	Grease_(video_game)	0.9280985593795776
102523	Grease_Dance	0.8939766883850098
102523	Grease_(lubricant)	0.7497053146362305
102523	Grease_Creek	0.6341794729232788
102523	Grease_trucks	0.6096703410148621
102523	Grease	0.5947035551071167
102523	Grease_monkey	0.5341866612434387
102523	Sierra_Leone_at_the_Commonwealth_Games	0.436546266078949
102528	Personality_(disambiguation)	0.6842557787895203
102528	Journal_of_Personality	0.6721596717834473
102528	Personality_development_disorder	0.6686485409736633
102528	Journal_of_Personality_Assessment	0.6078060865402222
102528	European_Journal_of_Personality	0.5998613238334656
102528	Personality_Plus_(novel)	0.5949554443359375
102528	Social_Psychological_and_Personality_Science	0.5091707110404968
102528	Swedish_Universities_Scales_of_Personality	0.5022132396697998
102528	Personality_of_the_year	0.49705156683921814
102528	Kalka	0.3153701722621918
102540	Annabelle_(doll)	1.0524475574493408
102540	Annabelle:_Creation	0.980283260345459
102540	U-No_Bar	0.8141286969184875
102540	Annabelle_Serpentine_Dance	0.7960333228111267
102540	Rose,_Nebraska	0.7656942009925842
102540	Railserve_Leaf	0.7164447903633118
102540	Artemus_James	0.705522358417511
102540	Thurgood_Marshall_Academy	0.5843369960784912
102540	Raven-Symoné_(album)	0.575790286064148
102540	Édouard_Séguin	0.4654703736305237
102583	2013_Africa_Cup_of_Nations	1.1544181108474731
102583	Africa_Cup_of_Nations	1.1170927286148071
102583	Africa_U-17_Cup_of_Nations	1.0683337450027466
102583	Africa_Futsal_Cup_of_Nations	0.9590036869049072
102583	2023_Africa_Cup_of_Nations	0.9509300589561462
102583	1988_African_Cup_of_Nations	0.9372113347053528
102583	2019_Africa_Cup_of_Nations	0.93572998046875
102583	Cup_of_Nations	0.9354313611984253
102583	2015_Africa_Cup_of_Nations_Final	0.9021772742271423
102583	Equatorial_Guinea_national_football_team	0.6904247403144836
102594	Musala	0.864803671836853
102594	Likelemba	0.39396363496780396
102594	Sum_certain	0.3474394381046295
102594	Evolution_Skateboarding	0.3058936893939972
102594	Translation_operator_(quantum_mechanics)	0.29296550154685974
102594	Solar_map	0.2759212553501129
102594	DTIME	0.2694883346557617
102594	Periodic_point	0.19882605969905853
102594	Fuel_Direct	0.19773338735103607
102594	Inkjet_refill_kit	0.1604481339454651
102600	Wiggle_(song)	0.8772664666175842
102600	Sausage_(album)	0.8559674620628357
102600	Sausage_(band)	0.8385890126228333
102600	Lone_Sausage	0.7457204461097717
102600	FrameGang	0.7026960849761963
102600	Sausage_Race	0.6583771109580994
102600	HotDog	0.6007976531982422
102600	Labour_Leave	0.5627664923667908
102600	Sausage_(disambiguation)	0.5477239489555359
102600	Sausage_factory	0.5080186724662781
10261	English_Wikipedia	0.9028197526931763
10261	German_Wikipedia	0.8103772401809692
10261	Dutch_Wikipedia	0.7763304114341736
10261	Catalan_Wikipedia	0.7436316013336182
10261	Spanish_Wikipedia	0.7361782789230347
10261	Polish_Wikipedia	0.7360926270484924
10261	Macedonian_Wikipedia	0.7232953906059265
10261	Georgian_Wikipedia	0.7079761028289795
10261	Latvian_Wikipedia	0.702020525932312
10261	Vietnamese_Wikipedia	0.6476614475250244
10262	English_Wikipedia	0.9154890775680542
10262	German_Wikipedia	0.8714931011199951
10262	Dutch_Wikipedia	0.8245904445648193
10262	Catalan_Wikipedia	0.8197603821754456
10262	Spanish_Wikipedia	0.7962701320648193
10262	Polish_Wikipedia	0.7941112518310547
10262	Macedonian_Wikipedia	0.7673043608665466
10262	Georgian_Wikipedia	0.7612693905830383
10262	Vietnamese_Wikipedia	0.7611320614814758
10262	Latvian_Wikipedia	0.7399827241897583
102636	Hollow_Tree	0.5926716923713684
102636	Stanley_Park_Aerodrome	0.479510635137558
102636	Stanley_Greyhound_Stadium	0.3895992636680603
102636	Stanley_Island	0.3742325007915497
102636	Stanley_Park_Ecology_Society	0.3664453327655792
102636	Windstorm_inspection	0.35846805572509766
102636	Stanley_station	0.3510490953922272
102636	Stanley_Park_(disambiguation)	0.33402276039123535
102636	Beaver_Lake_(Vancouver)	0.3129434585571289
102636	Third_Beach	0.3049388825893402
102741	Nice_to_Meet_You,_Walden_Schmidt	1.0032888650894165
102741	Two_and_a_Half_Men_(season_8)	1.0016638040542603
102741	Two_and_a_Half_Men_(season_5)	0.9290235638618469
102741	Fish_in_a_Drawer	0.92270827293396
102741	Nangnangnangnang	0.8577238917350769
102741	Bowling_shirt	0.8451695442199707
102741	Charlie_Harper	0.8172721266746521
102741	Two_and_a_Half_Men_(season_3)	0.7612877488136292
102741	Two_and_a_Half_Men_(season_6)	0.7155117988586426
102741	Alan_Harper	0.6482944488525391
102745	Uganda_(Commonwealth_realm)	1.37693452835083
102745	Uganda_at_the_1976_Summer_Paralympics	1.0870050191879272
102745	Malaysia–Uganda_relations	1.0616432428359985
102745	List_of_roads_in_Uganda	0.9982573390007019
102745	Buvuma_District	0.9869418740272522
102745	Bank_of_Uganda	0.9747557044029236
102745	Total_M&S_Uganda	0.9409058690071106
102745	List_of_governors_of_Uganda	0.9178591966629028
102745	Steven_Kavuma	0.9102041721343994
102745	Ecobank_Uganda	0.8425556421279907
102784	Zoey_Deutch	1.0292803049087524
102784	Why_Him?	0.7397183775901794
102784	Madelyn_Deutch	0.6882888078689575
102784	The_Great_Outdoors_(film)	0.6619011163711548
102784	Vincent-N-Roxxy	0.6592774987220764
102784	Flower_(film)	0.640065610408783
102784	Good_Kids	0.6372750401496887
102784	The_Year_Of_Spectacular_Men	0.622292160987854
102784	Deutch	0.561626672744751
102784	Yosef_Eliyahu_Deutch	0.4207427203655243
102789	Burj_Khalifa	0.7790142893791199
102789	The_Mansion_at_Burj_Khalifa	0.6940189003944397
102789	The_Grand_Boulevard_Tower	0.675614058971405
102789	Boulevard_Plaza	0.6682222485542297
102789	Downtown_Dubai	0.6453149914741516
102789	The_Needle	0.592349112033844
102789	List_of_future_tallest_buildings	0.5535474419593811
102789	Azerbaijan_Tower	0.5318273305892944
102789	Computers_and_Structures	0.5288721919059753
102789	Paul_Marantz	0.4848018288612366
102797	Simon_Bisley	1.1877745389938354
102797	Pegg	1.1697602272033691
102797	Benji_Dunn	1.1289527416229248
102797	David_Pegg_(disambiguation)	1.030937910079956
102797	Man_Up_(film)	0.9963219165802002
102797	Shaun_of_the_Dead	0.920539140701294
102797	Run_Fatboy_Run	0.9185119271278381
102797	Terminal_(upcoming_film)	0.8891937732696533
102797	Voices_(Murray_Head_album)	0.8868858814239502
102797	List_of_Spaced_episodes	0.8136909008026123
102872	Molecular_Pharmacology	1.0685100555419922
102872	Pharmacology_&_Therapeutics	1.0369189977645874
102872	Behavioural_Pharmacology_(journal)	1.0098850727081299
102872	Vascular_Pharmacology	0.974797785282135
102872	The_Journal_of_Clinical_Pharmacology	0.9598022699356079
102872	Master's_in_Pharmacology	0.9363120794296265
102872	Pulmonary_Pharmacology_&_Therapeutics	0.8662513494491577
102872	Gerald_Muench	0.8286436200141907
102872	Richmond_Pharmacology	0.8150550723075867
102872	Annette_Dolphin	0.7900688648223877
102876	Julie_Harris_(cricketer)	0.8818721771240234
102876	Julie_Miller_(harness_racing)	0.8345358967781067
102876	Julie_Lund	0.8296012878417969
102876	Julie_Houmann	0.8240306973457336
102876	Julie_Wendel_Lundholdt	0.8143384456634521
102876	Julie_Blaise	0.8108202815055847
102876	Julie_Dozier	0.6727045178413391
102876	The_Julie_Andrews_Show	0.6399449706077576
102876	The_Wonderful_World_of_Julie_London	0.6224029660224915
102876	Julie's_Wolf_Pack	0.5616125464439392
102884	See_You_on_the_Other_Side_(Mercury_Rev_album)	0.803275465965271
102884	Ozzmosis	0.7853482961654663
102884	See_You_on_the_Other_Side_World_Tour	0.7414649128913879
102884	Powertrip	0.7153410315513611
102884	Coming_Undone	0.7008985280990601
102884	WOW_Worship:_Green	0.6910997033119202
102884	Hold_Your_Fire_(FireHouse_album)	0.679644763469696
102884	Twisted_Transistor	0.6684366464614868
102884	See_You_on_the_Other_Side	0.6371721625328064
102884	Ne-Yo_discography	0.5859818458557129
102911	Reanimation_(Linkin_Park_album)	0.9457037448883057
102911	Pts.OF.Athrty	0.8555279970169067
102911	Runaway_(Linkin_Park_song)	0.8327491283416748
102911	Reanimation	0.820353627204895
102911	A_Place_for_My_Head	0.8199920654296875
102911	Points_of_Authority	0.8030462861061096
102911	One_Step_Closer_(Linkin_Park_song)	0.7986576557159424
102911	Road_to_Revolution:_Live_at_Milton_Keynes	0.7641162872314453
102911	Meteora_(album)	0.7490645051002502
102911	Reanimatsioon	0.5314152240753174
102986	Hannah_and_Her_Sisters	1.0029817819595337
102986	Carol_Joffe	0.7186639904975891
102986	Susan_E._Morse	0.7042434215545654
102986	Hannah_Black	0.6838671565055847
102986	Stuart_Wurtzel	0.6811876893043518
102986	Hannah_Franklin	0.6810758113861084
102986	Stacy_Haiduk	0.6730702519416809
102986	Summer_Lovers	0.6661670804023743
102986	Adèle_Geras	0.6349323391914368
102986	Christian_Clemenson	0.6330209374427795
102990	Quay_(disambiguation)	0.7240204811096191
102990	Matthew_Quay	0.6924896836280823
102990	Gallery_Hotel	0.6750301718711853
102990	Britain_Quay	0.6668751239776611
102990	Victoria_Quay,_Fremantle	0.6406076550483704
102990	FC_Nomads_of_Connah's_Quay	0.6027883887290955
102990	Ormond_Quay_Presbyterian_church	0.5989442467689514
102990	New_Quay_(disambiguation)	0.5361723899841309
102990	Victoria_Quay	0.5085948705673218
102990	Queens_Quay	0.4718921184539795
10300	Hendrix_(disambiguation)	0.6701906323432922
10300	Fire_(The_Jimi_Hendrix_Experience_song)	0.6627740859985352
10300	Experience_Hendrix:_The_Best_of_Jimi_Hendrix	0.6409032940864563
10300	Freedom:_Atlanta_Pop_Festival	0.6016507148742676
10300	West_Coast_Seattle_Boy:_The_Jimi_Hendrix_Anthology	0.5936729907989502
10300	The_Essential_Jimi_Hendrix_Volume_Two	0.5794826149940491
10300	Power_of_Soul:_A_Tribute_to_Jimi_Hendrix	0.5762918591499329
10300	Lifelines:_The_Jimi_Hendrix_Story	0.558470606803894
10300	Castles_Made_of_Sand_(song)	0.5536532402038574
10300	Greenwood_Memorial_Park_(Renton,_Washington)	0.4813518524169922
103003	Kate_Walsh_(presenter)	1.2030291557312012
103003	Addison_Montgomery	1.046501636505127
103003	Kate_Walsh	1.0441046953201294
103003	Kathleen_Walsh	0.9841895699501038
103003	Sister_Kate	0.863650381565094
103003	The_Sweetest_Thing	0.809438943862915
103003	Veritas,_Prince_of_Truth	0.7284268736839294
103003	Mark_Walsh_(businessman)	0.7110245823860168
103003	Seven_Deadly_Arts_with_Akshay_Kumar	0.69923335313797
103003	Brittany_Lo	0.6452486515045166
103040	Pilot_(Designated_Survivor)	0.9543061852455139
103040	Ashley_Zukerman	0.7598249316215515
103040	Natascha_McElhone	0.7523378729820251
103040	Maggie_Q	0.7252163887023926
103040	Malik_Yoba	0.7157129645347595
103040	Adan_Canto	0.6963269710540771
103040	Reed_Diamond	0.6155681610107422
103040	Chernow	0.5448982119560242
103040	Brandon_Richardson	0.46676647663116455
103040	Seeds_of_Yesterday_(film)	0.4066426753997803
103050	General_Motors	1.0909358263015747
103050	GMC_(automobile)	0.9442490935325623
103050	General_Motors_India	0.9186593890190125
103050	Delta_Motor_Corporation	0.9018080234527588
103050	General_Motors_India_(disambiguation)	0.8146743178367615
103050	Fisher_Body	0.7701539993286133
103050	Wayne_Cherry	0.746391236782074
103050	GMF	0.6979825496673584
103050	Buick_Enclave	0.6566616296768188
103050	General_Motors_Vortec_engine	0.6414656639099121
103051	Floyd_Mayweather_Sr.	1.0972075462341309
103051	Roger_Mayweather	0.9908427596092224
103051	Mayweather	0.9565303325653076
103051	Chris_Pearson_(boxer)	0.9476398229598999
103051	Floyd_Mayweather_Jr._vs._Andre_Berto	0.9187332987785339
103051	Serafim_Todorov	0.9080895781517029
103051	Check_hook	0.8501976132392883
103051	Floyd_Mayweather_Jr._vs._Ricky_Hatton	0.8451977372169495
103051	Al_Haymon	0.829585611820221
103051	Mayweather_Promotions	0.8039689660072327
103063	Hermit_crab	1.6105144023895264
103063	Hermit_(disambiguation)	1.3248203992843628
103063	King_crab	1.2978585958480835
103063	Kermit_the_Hermit	1.2567710876464844
103063	List_of_people_known_as_the_Hermit	1.1284223794937134
103063	Hermit_Island	1.1146968603134155
103063	Gecarcinidae	1.0711134672164917
103063	Xanthidae	0.9609525203704834
103063	Fiddler_crab	0.8722063302993774
103063	Majoidea	0.853719174861908
103084	Zoe_Saldana	1.0495827198028564
103084	Colombiana	0.9018505811691284
103084	Beto_Benites	0.790547251701355
103084	Haven_(soundtrack)	0.7669323682785034
103084	I_Kill_Giants_(film)	0.7450727224349976
103084	Infinitely_Polar_Bear	0.7332484126091003
103084	Temptation_(2004_film)	0.7194439768791199
103084	The_Words_(film)	0.6941959857940674
103084	Snipes	0.6779762506484985
103084	Ted_Gibson	0.5560744404792786
103116	Jack_Dylan_Grazer	1.3115483522415161
103116	Grazer_(surname)	0.8997064232826233
103116	Me,_Myself_&_I_(TV_series)	0.8137654662132263
103116	Justin_Walker_(Brothers_&_Sisters)	0.7825852632522583
103116	Franz_Almer	0.7200015187263489
103116	The_Heart_of_Ezra_Greer	0.6798094511032104
103116	Dylan_Thomas_(film)	0.6566563844680786
103116	A_Child's_Christmas_in_Wales	0.5089338421821594
103116	Lord_Protect_My_Child	0.48156243562698364
103116	Wild_child	0.47403857111930847
103154	Sky_UK	1.028268814086914
103154	Sky_plc	0.9595614671707153
103154	Sky_and_Space_Global	0.9099400639533997
103154	Sky_Sports	0.8652977347373962
103154	Freesat_from_Sky	0.8444672226905823
103154	Sky_News_Radio	0.8137136101722717
103154	Sky_News	0.7929478883743286
103154	Audi_Channel	0.7601597905158997
103154	Nickelodeon_(UK_and_Ireland)	0.7141575813293457
103154	Danny_Fairbrass	0.69922935962677
103167	The_Love_Club_(song)	0.7600072026252747
103167	At_the_Love_Library	0.7051175832748413
103167	I_Believe_in_a_Thing_Called_Love_(EP)	0.6988102793693542
103167	The_Honest_Love	0.6844645738601685
103167	Songs_from_Another_Love	0.6635725498199463
103167	The_Last_Laff_EP	0.6577268242835999
103167	Dollhouse_(Melanie_Martinez_EP)	0.6497362852096558
103167	Mellow_Drama_(EP)	0.6279614567756653
103167	Freewave_(EP)	0.613398551940918
103167	The_Mooney_Suzuki_(EP)	0.6098588109016418
1032	Yin_and_yang	0.9868813753128052
1032	Yin_yang_(disambiguation)	0.7840882539749146
1032	Urinary_bladder_(Chinese_medicine)	0.641758382320404
1032	Maximal_element	0.583655834197998
1032	Yin_yoga	0.5532940626144409
1032	Yin_yang_fried_rice	0.5481950640678406
1032	Yin	0.5376700162887573
1032	List_of_Dungeons_&_Dragons_nonhuman_deities	0.48863109946250916
1032	Isotope	0.4805063307285309
1032	Transport_category	0.4540478587150574
