100060	Kareena_Kapoor	1.1496233940124512
100060	Karisma_Kapoor_filmography	1.081695556640625
100060	Kareena_Kapoor_filmography	1.0450176000595093
100060	Randhir_Kapoor	1.032440423965454
100060	List_of_awards_and_nominations_received_by_Kareena_Kapoor	0.9861831665039062
100060	Kajal_Kiran	0.9702833294868469
100060	Vaani_Kapoor	0.9696964025497437
100060	Karisma_Kapoor	0.9333826303482056
100060	Kareena_Kareena	0.9052652716636658
100060	Kajol_filmography	0.8874285221099854
100145	Silver_Surfer	0.9422411322593689
100145	Silver_Surfer_(comic_book)	0.9121618270874023
100145	Doomsday_Man	0.853087306022644
100145	Silver_Surfer_(disambiguation)	0.8411233425140381
100145	Esad_Ribić	0.7889326810836792
100145	Silver_Surfer_(TV_series)	0.7784674167633057
100145	Fantastic_Four:_Rise_of_the_Silver_Surfer	0.7246514558792114
100145	Einar_Kárason	0.6168100833892822
100145	Guðrún_Kristín_Magnúsdóttir	0.6011825203895569
100145	Guðmundur_G._Hagalín	0.4977183938026428
100243	Kung_Fu_Panda	1.1301984786987305
100243	Kung_Fu_Panda_2	1.0137724876403809
100243	Kung_Fu_Panda_3	0.979996919631958
100243	Kung_Fu_Hustle	0.9353278875350952
100243	Kung_Fu_Panda_Holiday	0.7900952100753784
100243	Kung_Fu_Panda_(franchise)	0.7875670194625854
100243	Kung_Fu_Panda:_Secrets_of_the_Masters	0.7736580967903137
100243	Kung_Fu_Panda:_Showdown_of_Legendary_Legends	0.7376481294631958
100243	Kung_Fu_Panda:_Legends_of_Awesomeness	0.7166141867637634
100243	Kung_Fu_Panda:_Legends_of_Awesomeness_(season_1)	0.7015381455421448
100245	Julie_Bowen	1.0609928369522095
100245	Andrea_Bowen	1.0407885313034058
100245	Julie_Cobb	0.9285469055175781
100245	Sarah_Bowen	0.8956790566444397
100245	Lindsay_Bowen	0.8867998719215393
100245	Gail_Bowen	0.8829016089439392
100245	Dennis_Bowen	0.8772561550140381
100245	Julie_Vega	0.7965661883354187
100245	Margaret_Davis_Bowen	0.7887170910835266
100245	Rachel_Ames	0.7427417635917664
100261	Mount_Hood_(California)	1.1002624034881592
100261	Mount_Hood_Wilderness	1.0847736597061157
100261	Mount_Hood	1.0639550685882568
100261	Mount_Hood_Skibowl	1.03403902053833
100261	Mount_Hood,_Oregon	1.0243360996246338
100261	Mount_Hood_Meadows	1.018277883529663
100261	Mount_Hood_National_Recreation_Area	1.0059828758239746
100261	Mount_Hood_(disambiguation)	1.005921721458435
100261	Mount_Hood_National_Forest	1.0043776035308838
100261	Mount_Hood_Express	0.9641404151916504
100271	Sarah_Hyland	1.0570026636123657
100271	Sarah_Nicole_Prickett	0.9162278175354004
100271	Sarah_Lyall	0.905310332775116
100271	Sarah_Kate_Ellis	0.8888871073722839
100271	Sarah_Graves	0.8712396621704102
100271	Jackie_Hyland	0.8654082417488098
100271	Bob_Hyland	0.7517213821411133
100271	Sarah_Hoyt	0.7496592998504639
100271	William_F._Hyland	0.7060872912406921
100271	M._J._Hyland	0.7039850354194641
100318	Southern_Hospitality_(song)	0.9841679334640503
100318	Southern_Hospitality_(album)	0.8667852878570557
100318	Southern_Comfort_(Anthony_Hamilton_album)	0.8522846698760986
100318	Small_Town_Southern_Man	0.7289159297943115
100318	Southern_Hospitality/Jeri_Gently_Jumps	0.7017556428909302
100318	The_Southern_Harmony_and_Musical_Companion	0.6745198965072632
100318	The_Southern_Comfort	0.6712412238121033
100318	Southern_Accents	0.6681427955627441
100318	Southern_hospitality_(disambiguation)	0.6235253214836121
100318	Southern_hospitality	0.5002139210700989
100320	John_S._McCain_Jr.	0.6938909292221069
100320	Early_life_and_military_career_of_John_McCain	0.6584401726722717
100320	List_of_St._John's_College_(Annapolis/Santa_Fe)_people	0.6519776582717896
100320	John_S._McCain_Sr.	0.645510733127594
100320	USS_John_S._McCain_(DDG-56)	0.6064437031745911
100320	William_David_McCain	0.5987074375152588
100320	John_McCain	0.5810912251472473
100320	Faith_of_My_Fathers	0.5671812891960144
100320	McCain_Institute	0.5546668767929077
100320	House_and_Senate_career_of_John_McCain,_until_2000	0.5510837435722351
100446	Shomu_Mukherjee	0.8211545944213867
100446	Sarashi_Ranjan_Mukherjee	0.7387450337409973
100446	Nihar_Mukherjee	0.713800311088562
100446	Shyam_Lal_Tabdar	0.6961072087287903
100446	Bela_Mukherjee	0.6863035559654236
100446	Death_of_Sudipto_Gupta	0.6844334006309509
100446	Murari_Mohan_Mukherjee	0.6465617418289185
100446	Shibaji_Banerjee	0.6373509168624878
100446	Saroj_Mukherjee	0.6294652819633484
100446	Yunus_Parvez	0.5615447163581848
100467	List_of_awards_and_nominations_received_by_Stephen_King	1.036718726158142
100467	Stephen_King_bibliography	1.036676049232483
100467	Stephen_King	1.0008199214935303
100467	Stephen_King_short_fiction_bibliography	0.9819291830062866
100467	Stephen_King's_F13	0.981279730796814
100467	King_Games	0.9158130288124084
100467	King_(company)	0.8520358800888062
100467	The_Bachman_Books	0.8305360674858093
100467	King_Art_Games	0.800419270992279
100467	Jeff_King_(author)	0.7961149215698242
100487	Geography_of_Estonia	1.1090654134750366
100487	List_of_companies_of_Estonia	1.0870999097824097
100487	Baltic_Proper	1.0070698261260986
100487	List_of_islands_in_the_Baltic_Sea	0.9792549014091492
100487	Miss_Baltic_Sea	0.9784206748008728
100487	Estonia–Russia_border	0.9712972044944763
100487	Estonia–Latvia_relations	0.9560099244117737
100487	Baltic_Sea	0.9190162420272827
100487	Territorial_issues_between_Estonia_and_Russia	0.8695659637451172
100487	Koidula_railway_station	0.7770237326622009
10051	Stomp_the_Yard	1.2652217149734497
10051	Stomp_the_Yard_(soundtrack)	1.1898928880691528
10051	Stomp_the_Yard:_Homecoming	1.1841791868209839
10051	Trouble_Sleeping_(film)	1.0999436378479004
10051	Stomp_Out_Loud	1.0835366249084473
10051	Stomp!_Shout!_Scream!	1.0571928024291992
10051	The_Yards	0.9354356527328491
10051	The_Longest_Yard_(1974_film)	0.8570111989974976
10051	The_Yard_(2011_TV_series)	0.8090677857398987
10051	The_Backyard_(2002_film)	0.7976841330528259
10052	Stomp_the_Yard	0.8481171727180481
10052	Stomp_Off	0.8238256573677063
10052	Stomp_the_Yard_(soundtrack)	0.7865183353424072
10052	Stomp_(God's_Property_song)	0.7470747828483582
10052	Stomp_the_Yard:_Homecoming	0.7288059592247009
10052	Golf_Wang	0.7158887386322021
10052	East_Bay_FC_Stompers	0.6781821250915527
10052	Stomp_(strike)	0.672423779964447
10052	Back_Yard_Recordings	0.5933875441551208
10052	Bad_Yard_Club	0.5411725044250488
100615	Robin_Walker_(game_designer)	0.9745096564292908
100615	Robin_Walker_(disambiguation)	0.7918667197227478
100615	Team_Fortress_2	0.7720996141433716
100615	Team_Fortress_Classic	0.6531790494918823
100615	Gang_Garrison_2	0.624354898929596
100615	Mike_Ambinder	0.6175107359886169
100615	Fortress_2_(video_game)	0.5672074556350708
100615	Fortress_2:_Re-Entry	0.5402166843414307
100615	TF2	0.48180097341537476
100615	Fortress_2	0.43736425042152405
100617	Floyd_Mayweather_Jr.	1.0430740118026733
100617	Billy_Graham_(boxer)	0.8689239025115967
100617	Floyd_Favors	0.837272584438324
100617	Floyd_Mayweather_Jr._vs._Juan_Manuel_Márquez	0.8222841024398804
100617	Oscar_De_La_Hoya_vs._Floyd_Mayweather_Jr.	0.8107104301452637
100617	Mike_Tyson	0.8065009713172913
100617	Robert_Daniels	0.7952828407287598
100617	Richel_Hersisia	0.7644814848899841
100617	List_of_current_world_boxing_champions	0.7292342185974121
100617	Floyd_Mayweather_Sr.	0.6958739757537842
100659	With_a_Tangled_Skein	1.355065941810608
100659	Tangled_(disambiguation)	1.2924461364746094
100659	Tangled_(franchise)	1.2795721292495728
100659	Tangled	1.2347708940505981
100659	Tangled_(2001_film)	1.2325087785720825
100659	Tangled:_The_Video_Game	1.2177900075912476
100659	The_Tangle_Box	1.2014975547790527
100659	The_Book_of_Knots	1.1908525228500366
100659	Tangled:_The_Series	1.1840583086013794
100659	Tangled_Ever_After	1.1747832298278809
100781	Zac	0.8832976222038269
100781	Efron	0.8628759384155273
100781	Zac_Efron	0.8569820523262024
100781	Pino_Zac	0.8484218716621399
100781	Marshall_Efron	0.8331339955329895
100781	Zac_Posen	0.8098692893981934
100781	Zac_Fox	0.7883084416389465
100781	Zac_MacGuire	0.7147861123085022
100781	Zac_Zorn	0.6599875092506409
100781	Maggie_Renfro	0.628480851650238
100785	Marilyn_Brown_Novel_Award	0.8649058938026428
100785	Boston_Globe–Horn_Book_Award	0.8491089344024658
100785	Whitney_Awards	0.8360371589660645
100785	National_Outdoor_Book_Award	0.8159406781196594
100785	AML_Awards	0.8088095784187317
100785	The_Book_of_Mormon_(musical)	0.782564640045166
100785	Criticism_of_the_Book_of_Mormon	0.6783967018127441
100785	Louise_Plummer	0.6602747440338135
100785	Jennie_Hansen	0.6583738327026367
100785	Book_of_Mormon_(disambiguation)	0.6230483651161194
100788	Sky_plc	0.8687862157821655
100788	Sky_UK	0.8555617928504944
100788	European_Skytime	0.8421712517738342
100788	Sky_1	0.7933791875839233
100788	Sky_Digital	0.7468980550765991
100788	Sky_Ireland	0.736931324005127
100788	Sky_Broadband	0.7348642349243164
100788	Russian_Sky_Airlines	0.7149556875228882
100788	Sky_1_(Germany_&_Austria)	0.6977368593215942
100788	Sky_Service_(Kazakhstan)	0.6825159192085266
100795	Eurotas_(river)	1.162278175354004
100795	Pineios_(Peloponnese)	0.9267960786819458
100795	Eurotas	0.8477121591567993
100795	Erythropotamos	0.8442481756210327
100795	Metsovitikos_river	0.8243192434310913
100795	Sarantaporos_(Epirus)	0.8158670663833618
100795	Pleistos	0.8154304623603821
100795	Kanianitis	0.803889274597168
100795	Sarantaporos_(Thessaly)	0.786596953868866
100795	Angitis	0.780469536781311
100852	Emmanuel_Macron	0.8385399580001831
100852	Cyril_Benoit	0.6679338216781616
100852	Ericq_Pierre	0.6363205313682556
100852	Édouard_Carmignac	0.6325244307518005
100852	Emmanuel_Farhi	0.6142595410346985
100852	Michel_Albert	0.5634335875511169
100852	Political_positions_of_Marine_Le_Pen	0.5264272689819336
100852	Jacques_Attali	0.5244249701499939
100852	Dominique_Strauss-Kahn	0.46946027874946594
100852	Christine_Lagarde	0.4455500543117523
100893	Uranium_mining_by_country	1.4973516464233398
100893	Uranium_mining	1.4644598960876465
100893	List_of_uranium_projects	1.4600757360458374
100893	Uranium_market	1.4175808429718018
100893	Uranium_One	1.4169495105743408
100893	Uranium_in_Africa	1.3955535888671875
100893	List_of_countries_by_uranium_reserves	1.336572289466858
100893	List_of_countries_by_uranium_production	1.309582233428955
100893	Uranium_mining_in_Australia	1.2062324285507202
100893	Uranium_mining_in_Kakadu_National_Park	1.1686630249023438
101008	Camp_Flog_Gnaw	1.1571072340011597
101008	Tyler,_The_Creator	1.0502947568893433
101008	Odd_Future	1.0135374069213867
101008	Loiter_Squad	0.7816248536109924
101008	The_Odd_Future_Tape	0.7139713764190674
101008	List_of_Camp_Lazlo_characters	0.69777512550354
101008	Camp_Lazlo	0.6913297176361084
101008	Camp_Takota	0.6632364392280579
101008	Summer_Camp_Island	0.6355980634689331
101008	Future-Worm!	0.5893153548240662
101014	Emperor_Norton	0.9550928473472595
101014	Emperor_of_America	0.8498130440711975
101014	Emperor_Norton_in_popular_culture	0.7893439531326294
101014	L'Empereur_Smith	0.7861397862434387
101014	Joshua_Norton_(artist)	0.7818188667297363
101014	Emperor_Norton_Records	0.7545597553253174
101014	Emperor_(novel_series)	0.7509254813194275
101014	The_Emperor's_Bridge_Campaign	0.7326342463493347
101014	Andre_Norton_bibliography	0.7063053846359253
101014	The_Emperor_Jones	0.6827116012573242
101017	The_Punisher_(1989_film)	1.4194738864898682
101017	The_Punisher_(2004_film)	1.3256378173828125
101017	The_Punisher_(TV_series)	1.316135048866272
101017	The_Punisher:_Dirty_Laundry	1.2571073770523071
101017	Punisher_in_film	1.236087441444397
101017	Punisher:_War_Zone	1.2101976871490479
101017	American_Crime_(film)	1.1660547256469727
101017	The_Punisher_(1993_video_game)	1.1647069454193115
101017	American_Violence	1.1426889896392822
101017	Jonathan_Hensleigh	1.1002919673919678
101027	Minor_League_Baseball	0.9367026090621948
101027	California_League	0.8845240473747253
101027	Triple-A_(baseball)	0.845411479473114
101027	Gulf_Coast_League	0.8312131762504578
101027	List_of_top_level_minor_league_sports_teams_in_the_United_States_by_city	0.8254517316818237
101027	Minor_league	0.8246409296989441
101027	Junior,_Senior_&_Big_League_Baseball	0.7971910238265991
101027	List_of_Minor_League_Baseball_leagues_and_teams	0.7283968329429626
101027	New_South_Wales_Major_League	0.7074843645095825
101027	Greater_Brisbane_League	0.680579662322998
101062	Temple_Grandin_(film)	0.7630376219749451
101062	Claire_Danes	0.6978477835655212
101062	Claire_Temple_(Marvel_Cinematic_Universe)	0.5802043080329895
101062	Claire_Temple	0.5402185320854187
101062	S.S._Doomtrooper	0.5218631029129028
101062	Temple_Grandin	0.5030398964881897
101062	Brigitte_Kahn	0.4918878972530365
101062	James_Frain	0.4881945848464966
101062	Knight_and_Day	0.45577573776245117
101062	Super_Troopers	0.4519942104816437
101111	Ice-T	1.351082682609558
101111	O.G._Original_Gangster	1.264509916305542
101111	Ice_One	1.246863842010498
101111	Ice-T_discography	1.2427104711532593
101111	Just-Ice	1.2424275875091553
101111	Ice_Cube	1.2350680828094482
101111	Gangsta_Rap_(album)	1.2063086032867432
101111	Evil_E	1.2056623697280884
101111	Ice-T's_Rap_School	1.1918742656707764
101111	Home_Invasion_(album)	1.186849594116211
101118	Sabbir_Khan	0.8608877062797546
101118	Kambakkht_Ishq	0.8362468481063843
101118	Saad_Khan	0.7344011068344116
101118	Sabita_Devi	0.7260646224021912
101118	Asha_Posley	0.713962197303772
101118	Gunga_Jumna	0.6932970881462097
101118	Climax_(2013_film)	0.6932888031005859
101118	Zareen_Khan	0.6885303258895874
101118	Bibbo_(actress)	0.6549962759017944
101118	The_Desire	0.6324149966239929
101125	List_of_hypothetical_Solar_System_objects	0.9354509115219116
101125	Near-Earth_object	0.9019763469696045
101125	Earth_analog	0.8742223978042603
101125	Extrasolar_object	0.8576329946517944
101125	(85989)_1999_JD6	0.8475385904312134
101125	2012_VP113	0.8296546936035156
101125	2003_YN107	0.8073909878730774
101125	(434326)_2004_JG6	0.734018862247467
101125	Near-equatorial_orbit	0.7112860679626465
101125	NEAR_Shoemaker	0.6727854609489441
101142	Balibo_(film)	0.9146816730499268
101142	Balibo_Five	0.8340854048728943
101142	Balibo	0.7432733774185181
101142	40_Years_of_Silence:_An_Indonesian_Tragedy	0.7422733306884766
101142	Long_Road_to_Heaven	0.7311909794807434
101142	Death_in_Buenos_Aires	0.7284518480300903
101142	Brothers_(1982_film)	0.7239440083503723
101142	Ginostra	0.6833411455154419
101142	Pixote	0.6453087329864502
101142	Ciutat_morta	0.6344769597053528
10117	Barbarella_(film)	1.3019670248031616
10117	Barbarella	1.1794655323028564
10117	Barbarosa	1.138412356376648
10117	Barbarella_(musical)	1.1244311332702637
10117	México_Bárbaro	1.0887279510498047
10117	Barbarella_(song)	1.0347424745559692
10117	Barbarella:_the_80's_Musical	1.0308235883712769
10117	Barbarella_(comics)	1.0106641054153442
10117	Barbarella_(nightclub)	0.8979917168617249
10117	Arabella_(film)	0.8622958660125732
101176	I_Want_to_Know_What_Love_Is	0.8372209668159485
101176	The_Rolling_Stones,_Now!	0.7039980888366699
101176	I_Never_Knew_Love	0.7018349766731262
101176	Love_(Inhabited_album)	0.6887877583503723
101176	More_Love_(album)	0.6810296177864075
101176	Rolling_Stone_100_Best_Songs_of_the_Decade	0.6716532111167908
101176	It's_Only_Rock_'n_Roll_(But_I_Like_It)	0.6583188772201538
101176	Billboard_Top_Rock'n'Roll_Hits:_1964	0.5912762880325317
101176	The_Rolling_Stones_discography	0.5696828365325928
101176	Billboard_Top_Rock'n'Roll_Hits:_1966	0.5685725212097168
10118	Barbarella_(film)	1.2123843431472778
10118	Barbarella	1.0982012748718262
10118	Barbarella_(musical)	0.9642081260681152
10118	Barbarosa	0.939960777759552
10118	Barbarella's	0.9060783982276917
10118	Barbarella_(comics)	0.8985726237297058
10118	Barbarella:_the_80's_Musical	0.8910255432128906
10118	Barbarella_(song)	0.8814539909362793
10118	Barbarella_(nightclub)	0.857978880405426
10118	Arabella_(film)	0.682601273059845
101224	The_Maze_(2010_film)	0.9062848091125488
101224	The_Maze_Runner_(film)	0.8356591463088989
101224	Maze_Runner_(film_series)	0.782795250415802
101224	Labyrinth_(film)	0.7608208060264587
101224	Maze_Runner:_The_Scorch_Trials	0.7166046500205994
101224	Scott_Pilgrim_vs._the_World	0.6513022184371948
101224	The_Maze_(1953_film)	0.5664016008377075
101224	The_Maze_Runner	0.5289403200149536
101224	Maze_Runner:_The_Death_Cure	0.5201374888420105
101224	Maze_(film)	0.5050665140151978
101300	San_Francisco_Bay_Area	1.1319241523742676
101300	List_of_cities_and_towns_in_the_San_Francisco_Bay_Area	1.0877952575683594
101300	San_Francisco_Peninsula	1.0096325874328613
101300	Sports_in_the_San_Francisco_Bay_Area	0.9929322600364685
101300	East_Bay_(San_Francisco_Bay_Area)	0.9704010486602783
101300	Japantown,_San_Francisco	0.9655912518501282
101300	Demographics_of_San_Francisco	0.9183633327484131
101300	North_Bay_(San_Francisco_Bay_Area)	0.8879930377006531
101300	Golden_Gate_National_Recreation_Area	0.8067033886909485
101300	Noe_Valley,_San_Francisco	0.7533924579620361
101462	The_Invisible_Man_(film)	1.2979429960250854
101462	The_Invisible_Man_Returns	1.2356271743774414
101462	The_Invisible_Man's_Revenge	1.232412338256836
101462	Invisible_Agent	1.2324005365371704
101462	Abbott_and_Costello_Meet_the_Invisible_Man	1.22017240524292
101462	The_Invisible_Woman_(1940_film)	1.1664440631866455
101462	The_Invisible_Avenger	1.1527701616287231
101462	The_Invisible_Man_(1984_TV_series)	1.1515744924545288
101462	The_Invisible_(film)	1.1430714130401611
101462	Invisible_Man:_Rape!	0.970359742641449
101473	American_Juniors_(album)	0.9937769174575806
101473	Lucy_Hale	0.9828580617904663
101473	American_Juniors_(group)	0.9811034798622131
101473	Chauncey_Matthews	0.7899395227432251
101473	American_Juniors	0.7602914571762085
101473	Lucy_Li	0.7123472094535828
101473	Distinguished_Young_Women	0.563962996006012
101473	Dominique_Moceanu	0.5634459853172302
101473	Hale_America_National_Open_Golf_Tournament	0.5546773672103882
101473	Shannon_Hale	0.5431007742881775
10151	IOS_4	0.6766194105148315
10151	IPhone	0.6448580622673035
10151	IPhone_OS_1	0.6415354013442993
10151	IOS	0.6400962471961975
10151	IOS_5	0.6243265271186829
10151	IPhone_OS_3	0.6207229495048523
10151	IPhone_4S	0.6142451763153076
10151	Apple_A4	0.6090694665908813
10151	IPhone_4	0.5845552086830139
10151	IOS_7	0.5409045815467834
101528	Guthrie_Theater	1.0182639360427856
101528	State_Theatre_(Minneapolis)	0.7778376340866089
101528	Hyart_Theater	0.7393593788146973
101528	Pioneer_Center_for_the_Performing_Arts	0.7344014644622803
101528	Amphitheatre_Auditorium	0.7224972248077393
101528	Orpheum_Theatre_(Wichita,_Kansas)	0.7191874384880066
101528	Rialto_Theater_(Tacoma,_Washington)	0.7173367738723755
101528	Midwest_Theater	0.7058910727500916
101528	Chateau_Theatre	0.6667442321777344
101528	Guthrie_Theater_production_history	0.6639224290847778
101552	Tony_Award_for_Best_Book_of_a_Musical	0.8916614651679993
101552	Andrew_Rannells	0.8871374130249023
101552	Drama_Desk_Award_for_Outstanding_Book_of_a_Musical	0.8749127388000488
101552	Tony_Award_for_Best_Author	0.8726580142974854
101552	The_Book_of_Mormon_(musical)	0.8284017443656921
101552	The_Book_of_Mormon:_Original_Broadway_Cast_Recording	0.8020026087760925
101552	Anne_Garefino	0.7544363141059875
101552	List_of_awards_and_nominations_for_the_musical_South_Pacific	0.7014560699462891
101552	Book_of_Mormon_(disambiguation)	0.647602379322052
101552	Christopher_John_O'Neill	0.49343934655189514
101553	Aldous_Huxley	1.3365167379379272
101553	Science,_Liberty_and_Peace	1.3143703937530518
101553	Collected_Short_Stories_(Huxley)	1.237642526626587
101553	The_Doors_of_Perception	1.20503830909729
101553	The_Genius_and_the_Goddess	1.1971098184585571
101553	Literature_and_Science	1.1774919033050537
101553	Dana_Sawyer	1.14180588722229
101553	Laura_Huxley	1.0249557495117188
101553	Leonard_Huxley_(writer)	0.996996283531189
101553	Huxley_on_Huxley	0.9382756948471069
101565	Pakistan	1.4710252285003662
101565	Chowrangi	1.4337669610977173
101565	Pakistan_Monument	1.2917180061340332
101565	M2_motorway_(Pakistan)	1.2643682956695557
101565	Hassan_Nisar	1.2626347541809082
101565	Paramount_Crossroads	1.2595101594924927
101565	Islam_at_the_Crossroads	1.1309531927108765
101565	Crossroads_International	1.0697838068008423
101565	Crossroads_Mall_(Mumbai)	1.0558875799179077
101565	Chauraha	0.9467463493347168
101619	List_of_international_goals_scored_by_Ronaldinho	1.1682376861572266
101619	List_of_international_goals_scored_by_Ronaldo	1.1301382780075073
101619	Ronaldinho	1.0806468725204468
101619	List_of_international_goals_scored_by_Cristiano_Ronaldo	1.0562937259674072
101619	Marcelinho_Carioca	1.0538920164108276
101619	Ronaldo_(Brazilian_footballer)	1.0394203662872314
101619	Juninho_Pernambucano	1.0278551578521729
101619	Luís_Mesquita_de_Oliveira	1.0015712976455688
101619	Romário	0.9871702194213867
101619	Luiz_Bombonato_Goulart	0.9584753513336182
101638	GLOW_(TV_series)	1.021041750907898
101638	Friday_Night_Lights_(season_2)	0.8344320058822632
101638	List_of_Shimmer_and_Shine_episodes	0.8003702759742737
101638	Shimmer_and_Shine	0.7882785797119141
101638	The_Haves_and_the_Have_Nots_(TV_series)	0.7758970856666565
101638	Gorgeous_Ladies_of_Wrestling	0.7566747069358826
101638	The_Glow_(film)	0.7280052304267883
101638	All_That_(season_2)	0.7169983983039856
101638	All_That_(season_7)	0.6526626348495483
101638	Glow	0.5805525183677673
101656	Andrew_Rannells	0.9338251948356628
101656	Tony_Award_for_Best_Book_of_a_Musical	0.9140092134475708
101656	The_Book_of_Mormon:_Original_Broadway_Cast_Recording	0.894740641117096
101656	The_Book_of_Mormon_(musical)	0.8896134495735168
101656	Drama_Desk_Award_for_Outstanding_Book_of_a_Musical	0.8416610360145569
101656	63rd_Tony_Awards	0.8297433853149414
101656	Tony_Award_for_Best_Musical	0.82828289270401
101656	List_of_awards_and_nominations_for_the_musical_South_Pacific	0.8136568069458008
101656	Book_of_Mormon_(disambiguation)	0.6477545499801636
101656	Erik_Orton	0.6069061160087585
101668	Brent_Mydland	1.1225600242614746
101668	Go_Ahead_(band)	1.0710854530334473
101668	The_Grateful_Dead_Family_Album	1.0070141553878784
101668	Grateful_Dead	0.9895166158676147
101668	Go_to_Heaven	0.9666957855224609
101668	Built_to_Last	0.9390546083450317
101668	Dead_&_Company	0.8619645833969116
101668	The_Dead_(band)	0.8402132987976074
101668	Tom_Constanten	0.7609447240829468
101668	The_Grateful_Dead_(album)	0.7158999443054199
101680	Grease_(film)	1.0852059125900269
101680	Grease:_The_Original_Soundtrack_from_the_Motion_Picture	1.0021923780441284
101680	Grease_(song)	0.9493129849433899
101680	Grease_2	0.9327707886695862
101680	Grease_(musical)	0.9124634265899658
101680	The_Grease_Megamix	0.9070581793785095
101680	Greased_Lightnin'_(song)	0.9051910638809204
101680	Greased	0.8708915710449219
101680	Grease_2_(soundtrack)	0.8662429451942444
101680	Grease:_You're_the_One_That_I_Want!	0.8588582873344421
101702	Jamie_Lee_Curtis	0.9247815012931824
101702	Lee_Grant	0.8003898859024048
101702	Kelly_Curtis	0.7481592893600464
101702	Janet_Leigh	0.7476693391799927
101702	Donna_Wilkes	0.7323675751686096
101702	Love_Letters_(1984_film)	0.7151718139648438
101702	Tony_Curtis	0.7019546031951904
101702	Melanie_Griffith	0.6996296644210815
101702	Jamie_Lloyd	0.6692801117897034
101702	Angie_Dickinson	0.6260369420051575
101795	Donald_Duck	0.9069061279296875
101795	Daisy_Duck	0.8557015061378479
101795	Wonder_Woman's_bracelets	0.7297692894935608
101795	List_of_Donald_Duck_universe_characters	0.7021480202674866
101795	Donald_Duck_Presents	0.6683931350708008
101795	Donald's_Tire_Trouble	0.6357998251914978
101795	Donald_Duck_(disambiguation)	0.6208692193031311
101795	Donald_Duck_(Dutch_comic_book)	0.6201174259185791
101795	Flintheart_Glomgold	0.5702349543571472
101795	Donald_Duck_Finds_Pirate_Gold	0.5681107044219971
101808	Granite_(disambiguation)	1.805908441543579
101808	Granite	1.7249486446380615
101808	Granite_Mountain_(Utah)	1.5649919509887695
101808	Rock_(geology)	1.5361719131469727
101808	Alkali_feldspar_granite	1.5042455196380615
101808	Granite_(Stifter)	1.4565213918685913
101808	Decomposed_granite	1.3997989892959595
101808	Granite_dome	1.3790768384933472
101808	Black_granite	1.3214420080184937
101808	A-type_granite	1.3060868978500366
101821	Daenerys_Targaryen	1.0325095653533936
101821	Viserys_Targaryen	0.9192134737968445
101821	Cersei_Lannister	0.8746640682220459
101821	Brienne_of_Tarth	0.8057102560997009
101821	A_Feast_for_Crows	0.7599634528160095
101821	Bran_Stark	0.7050082087516785
101821	Ramsay_Bolton	0.6897320747375488
101821	High_Sparrow	0.6784985065460205
101821	Baelor	0.62034672498703
101821	Daario_Naharis	0.5957171320915222
101845	Richard_Kuklinski	0.872304379940033
101845	The_Iceman_(film)	0.7957324981689453
101845	Kuklinski	0.7732940316200256
101845	An_Innocent_Man_(film)	0.7308894395828247
101845	The_Innocent_Man:_Murder_and_Injustice_in_a_Small_Town	0.714656412601471
101845	Ken_Wyniemko	0.683661699295044
101845	Richard_Orlinski	0.6807693839073181
101845	Theodore_Streleski	0.6318486928939819
101845	Daniel_Wozniak_(murderer)	0.6314465403556824
101845	Eric_Naposki	0.5977712869644165
101883	Robert_Singer_(producer)	0.8979914784431458
101883	Robert_Borden_(TV_producer)	0.884834349155426
101883	Bob_DeLaurentis	0.8839340209960938
101883	Robert_Wells_(songwriter)	0.8646079301834106
101883	Robert_Cohen_(writer)	0.8136104941368103
101883	Bob_Tischler	0.808250904083252
101883	Robert_Cochran_(TV_producer)	0.7914449572563171
101883	Robert_Singer	0.7875672578811646
101883	Josh_Singer	0.786841869354248
101883	Robert_K._Weiss	0.7046343684196472
101906	List_of_Premier_League_stadiums	1.0843905210494995
101906	Old_Trafford	1.0127010345458984
101906	Ewen_Fields	0.9933137893676758
101906	Manchester_derby	0.9896112084388733
101906	Sport_in_Manchester	0.9751257300376892
101906	City_of_Manchester_Stadium	0.9735850691795349
101906	Moss_Lane	0.9306766390800476
101906	Home_Park	0.9012956023216248
101906	Manchester_United_F.C._Reserves_and_Academy	0.8124807476997375
101906	Early_grounds_of_Manchester_City_F.C.	0.791097104549408
101932	Comparison_of_Firefox_OS_devices	0.995903491973877
101932	Firefox_OS	0.9922020435333252
101932	Firefox_Portable	0.8710255026817322
101932	Swiftfox	0.850135862827301
101932	Firefox	0.8460963368415833
101932	Firefox_for_iOS	0.8452165722846985
101932	Firefox_(disambiguation)	0.8366982340812683
101932	TenFourFox	0.826960027217865
101932	Light_(web_browser)	0.813945472240448
101932	Firefox_3.0	0.7139165997505188
101985	Cordilleran_Ice_Sheet	0.9206501841545105
101985	Vashon_Glaciation	0.8118190765380859
101985	Laurentide_Ice_Sheet	0.7963666915893555
101985	Pacific_Cordillera_(Canada)	0.7607153058052063
101985	Patagonian_Ice_Sheet	0.7129558324813843
101985	Barents–Kara_Ice_Sheet	0.7053841352462769
101985	West_Antarctic_Ice_Sheet	0.6753641366958618
101985	Ice_sheet	0.6753590703010559
101985	Arctic_Cordillera	0.658437192440033
101985	Greenland_ice_sheet	0.6536511182785034
102003	Battle_at_Bloody_Beach	1.0120799541473389
102003	The_Last_Song_(film)	0.995110034942627
102003	Fight_On	0.8967564702033997
102003	The_Kid's_Last_Fight	0.828528642654419
102003	The_Last_Fight_(Velvet_Revolver_song)	0.815603494644165
102003	The_Last_Fight	0.8132362961769104
102003	The_Last_Fight_(album)	0.8091611266136169
102003	The_Last_Song_(novel)	0.779798150062561
102003	The_Last_Battle_(band)	0.7500609755516052
102003	Four_Last_Songs_(film)	0.7145973443984985
102019	Medical_school	1.0384223461151123
102019	Medical_school_in_the_United_States	0.9282861351966858
102019	Medical_school_in_the_United_Kingdom	0.9128648042678833
102019	List_of_medical_schools	0.8991088271141052
102019	International_medical_graduate	0.8802536129951477
102019	World_Directory_of_Medical_Schools	0.8615813255310059
102019	List_of_medical_schools_in_the_Caribbean	0.8402665257453918
102019	Offshore_medical_school	0.8210220336914062
102019	Medical_school_in_Canada	0.8157968521118164
102019	UCLA_IMG_Program	0.7458670139312744
102020	Mount_Hood_(California)	1.2070931196212769
102020	Mount_Hood_Wilderness	1.1822173595428467
102020	Mount_Hood	1.159621238708496
102020	Mount_Defiance_(Oregon)	1.1430834531784058
102020	Mount_Hood_National_Recreation_Area	1.1231346130371094
102020	Mount_Hood_National_Forest	1.100689172744751
102020	Tumala_Mountain	1.0996558666229248
102020	Mount_Hood_Skibowl	1.0867087841033936
102020	Mount_Hood_(disambiguation)	1.0765268802642822
102020	Lookout_Mountain_(Oregon)	1.051003098487854
102038	Aestheticism	0.8810612559318542
102038	Aestheticization_of_politics	0.7080490589141846
102038	Marxist_aesthetics	0.6997290253639221
102038	Aesthetic_Theory	0.6736565828323364
102038	Evolutionary_aesthetics	0.6539822220802307
102038	Feminist_aesthetics	0.6447290182113647
102038	Aesthetics	0.6234675049781799
102038	Art_&_Aesthetics	0.6211405396461487
102038	Theological_aesthetics	0.5829077363014221
102038	The_New_Aesthetics	0.5720704793930054
102079	Zoey_Deutch	1.085010290145874
102079	Vampire_Academy	0.9654442667961121
102079	Vampire_Academy_(novel)	0.820464551448822
102079	Last_Sacrifice	0.7770337462425232
102079	Vampire_Academy_(film)	0.7646918296813965
102079	Shadow_Kiss	0.6484896540641785
102079	Spirit_Bound	0.6440626382827759
102079	Coralie_Rose	0.5947896242141724
102079	Blood_Promise_(novel)	0.5645344257354736
102079	List_of_Vampire_Academy_characters	0.46143314242362976
102120	Night_of_the_Living_Dead	0.8979126214981079
102120	Night_of_the_Living_Dead_(1990_film)	0.8885324597358704
102120	Night_of_the_Living_Dead_(film_series)	0.8750061392784119
102120	Dawn_of_the_Dead_(1978_film)	0.8722569942474365
102120	Night_of_the_Living_Dead_3D	0.843654453754425
102120	Survival_of_the_Dead	0.8318620920181274
102120	Jeff_Broadstreet	0.822981595993042
102120	Erotic_Nights_of_the_Living_Dead	0.8208869695663452
102120	Night_Life_(film)	0.7533237934112549
102120	Night_of_the_Ghouls	0.7483962774276733
102161	Shannon_Lee	1.3313748836517334
102161	Shannon_Lee_Dawdy	1.3235498666763306
102161	Shannon_Sanderford	1.2321847677230835
102161	Shannon_Emerick	1.202577829360962
102161	Shannon_(British_singer)	1.1931620836257935
102161	Shannon_Elizabeth	1.153831958770752
102161	Kristine_Y._Lee	0.9833725690841675
102161	Greta_Lee	0.9550057649612427
102161	Euna_Lee	0.9410399198532104
102161	Diane_Lee	0.9300639033317566
102173	Tom_Constanten	0.9029479622840881
102173	Ron_"Pigpen"_McKernan	0.8532171249389648
102173	Grateful_Dead	0.8106293678283691
102173	Gram_Parsons_Archives_Vol.1:_Live_at_the_Avalon_Ballroom_1969	0.7532584071159363
102173	Dave's_Picks_Volume_6	0.7434270977973938
102173	Grateful_Dead_discography	0.7316156029701233
102173	Brent_Mydland	0.7028027772903442
102173	Dick_Latvala	0.6703985333442688
102173	The_Grateful_Dead_(album)	0.6170421242713928
102173	Grateful_Dead_(album)	0.5918325185775757
102297	Exotic_Birds	0.8005167245864868
102297	Condor_Club	0.6928883194923401
102297	Birdland_(Hamburg_jazz_club)	0.6841006875038147
102297	Birdland_(New_York_jazz_club)	0.6602188944816589
102297	Thee_Image_Club	0.6043881177902222
102297	Culture_Club_(box_set)	0.5738548636436462
102297	Cuckoo's_Nest_(nightclub)	0.5457813739776611
102297	Wild_Bird_Society_of_Japan	0.4834945797920227
102297	Bird_City_(wildfowl_refuge)	0.46880561113357544
102297	Exotic	-0.03325736150145531
102303	Bank_of_America	0.8927380442619324
102303	American_Plus_Bank	0.7824893593788147
102303	I-Bankers_Direct	0.7823258638381958
102303	Online_banking	0.7407459020614624
102303	Bank_of_America_Canada	0.6675968170166016
102303	American_River_Bank	0.6574256420135498
102303	Security_First_Network_Bank	0.6463257670402527
102303	Bank_of_America_Home_Loans	0.6459755301475525
102303	Wingspan_Bank	0.6450607776641846
102303	Young_Americans_Bank	0.5913190245628357
102417	The_Hunger_Games_(disambiguation)	1.1308194398880005
102417	The_Hunger_Games	1.0678167343139648
102417	The_Hunger_Games_(novel)	1.0291423797607422
102417	The_Hunger_Games_(film)	0.993495762348175
102417	The_Hunger_Games_(film_series)	0.9699525237083435
102417	Fictional_universe_of_The_Hunger_Games	0.9468682408332825
102417	List_of_accolades_received_by_The_Hunger_Games_film_series	0.9352240562438965
102417	The_Hunger_Games:_Mockingjay_–_Part_1	0.924950897693634
102417	The_Hunger_Pains	0.8895831108093262
102417	Mockingjay	0.8508760333061218
102418	The_Hunger_Games_(disambiguation)	0.9163395762443542
102418	The_Hunger_Games	0.8823947906494141
102418	The_Hunger_Games_(novel)	0.8460705280303955
102418	The_Hunger_Games_(film)	0.8006626963615417
102418	Fictional_universe_of_The_Hunger_Games	0.7820051908493042
102418	The_Hunger_Games_(film_series)	0.7613922953605652
102418	The_Hunger_Pains	0.7393086552619934
102418	List_of_accolades_received_by_The_Hunger_Games_film_series	0.7301300764083862
102418	The_Hunger_Games:_Mockingjay_–_Part_1	0.7271326780319214
102418	Mockingjay	0.7111625671386719
102523	Grease_2_(soundtrack)	1.1155890226364136
102523	Grease:_The_Original_Soundtrack_from_the_Motion_Picture	1.107621431350708
102523	Grease_(film)	1.0180578231811523
102523	Grease_(song)	1.0101995468139648
102523	Greased	0.9708490371704102
102523	The_Grease_Megamix	0.9377520680427551
102523	Grease_(video_game)	0.9280985593795776
102523	Grease_Dance	0.8939765691757202
102523	Grease_(musical)	0.8913162350654602
102523	Grease_2	0.8368401527404785
102528	Personality	0.9551132321357727
102528	Personality_development	0.7700734734535217
102528	Personality_pathology	0.6950780749320984
102528	Personality_theories_of_addiction	0.6896944642066956
102528	Personality_changes	0.6873714327812195
102528	Personality_disorder	0.6614347100257874
102528	Temperament_Isolation_Theory	0.6535421013832092
102528	Development_of_Personality	0.6527205109596252
102528	Subsolid_personality	0.6455066800117493
102528	Character_structure	0.5770954489707947
102540	Annabelle_Candy_Company	1.1972682476043701
102540	Annabelle_(film)	1.1071785688400269
102540	Annabelle's	1.1042194366455078
102540	Annabelle_(doll)	1.0524475574493408
102540	Annabelle_(magazine)	1.0260436534881592
102540	USS_Annabelle_(SP-1206)	1.0240222215652466
102540	Annabelle_(singer)	0.9874712228775024
102540	Annabelle_Moore	0.9837206602096558
102540	Annabelle:_Creation	0.9802831411361694
102540	Annabel	0.8945649862289429
102583	2013_Africa_Cup_of_Nations	1.1544181108474731
102583	Africa_Cup_of_Nations	1.1170927286148071
102583	Africa_Women_Cup_of_Nations	1.0241854190826416
102583	2015_Africa_Cup_of_Nations	0.986059844493866
102583	2010_Africa_Cup_of_Nations	0.9655939936637878
102583	2017_Africa_Cup_of_Nations	0.9533584117889404
102583	2023_Africa_Cup_of_Nations	0.9509300589561462
102583	2019_Africa_Cup_of_Nations	0.93572998046875
102583	2021_Africa_Cup_of_Nations	0.9251865744590759
102583	2012_Africa_Cup_of_Nations	0.9141360521316528
102594	Musala	0.864803671836853
102594	Musa_ingens	0.8558452129364014
102594	Musa_ka_Musala	0.8434607982635498
102594	Musa_(robot)	0.8358495235443115
102594	Rila	0.7540165781974792
102594	Musa_Qala	0.7448198795318604
102594	3776	0.7131268382072449
102594	Maja_Harapit	0.6682897210121155
102594	Musalla	0.6033994555473328
102594	Musa_Dağı_(Antalya_Province)	0.587730348110199
102600	Sausage_Party	1.1197494268417358
102600	Dog_Party_(band)	0.8817817568778992
102600	Sausage_(album)	0.8559674620628357
102600	Party_Monster_(song)	0.8480370044708252
102600	Sausage_(band)	0.8385890126228333
102600	Everybody_Loves_Sausages	0.8354430198669434
102600	Party_Animals_(album)	0.7452728152275085
102600	Purgatory_Dance_Party	0.7165975570678711
102600	Attitude_City	0.6728013157844543
102600	Partyline	0.6443832516670227
10261	English_Wikipedia	0.9028197526931763
10261	Simple_English_Wikipedia	0.8174156546592712
10261	Online_encyclopedia	0.8103979229927063
10261	German_Wikipedia	0.8103772401809692
10261	Wikipedia	0.8065083026885986
10261	Dutch_Wikipedia	0.7763304114341736
10261	Japanese_Wikipedia	0.7673109769821167
10261	Outline_of_Wikipedia	0.7513592839241028
10261	Spanish_Wikipedia	0.7361782789230347
10261	Wikipedia_(disambiguation)	0.6311763525009155
10262	English_Wikipedia	0.9154890775680542
10262	German_Wikipedia	0.8714931011199951
10262	Dutch_Wikipedia	0.8245904445648193
10262	Japanese_Wikipedia	0.8110060691833496
10262	Online_encyclopedia	0.8072118759155273
10262	Wikipedia	0.80396568775177
10262	Spanish_Wikipedia	0.7962701320648193
10262	Simple_English_Wikipedia	0.792277991771698
10262	Outline_of_Wikipedia	0.7535946369171143
10262	Wikipedia_(disambiguation)	0.5575018525123596
102636	2016–17_UK_and_Ireland_windstorm_season	0.6872665286064148
102636	2006_storms_in_Vancouver	0.6254904866218567
102636	Hanukkah_Eve_windstorm_of_2006	0.606865406036377
102636	Hollow_Tree	0.5926716923713684
102636	February_13,_1979_windstorm	0.5858815312385559
102636	Stanley_Park	0.5612379312515259
102636	2008_Vancouver_tornado	0.5391818284988403
102636	Southern_Ontario_tornado_outbreak_of_2005	0.5189128518104553
102636	Stanley_Park_Loop	0.4617089331150055
102636	Stanley_Park_(TV_series)	0.4602356553077698
102741	List_of_awards_and_nominations_received_by_Two_and_a_Half_Men	1.0986113548278809
102741	Two_and_a_Half_Men	1.0844520330429077
102741	Two_and_a_Half_Men_(season_9)	1.019216775894165
102741	Charlie_Sheen	1.0172855854034424
102741	Nice_to_Meet_You,_Walden_Schmidt	1.0032888650894165
102741	Two_and_a_Half_Men_(season_8)	1.0016639232635498
102741	Two_and_a_Half_Men_(season_5)	0.9290235042572021
102741	Two_and_a_Half_Men_(season_11)	0.8829584121704102
102741	List_of_Two_and_a_Half_Men_characters	0.872868537902832
102741	Alan_Harper_(Two_and_a_Half_Men)	0.7987602353096008
102745	Uganda_Protectorate	1.445189118385315
102745	Uganda_(Commonwealth_realm)	1.37693452835083
102745	Uganda	1.2998846769332886
102745	Postage_stamps_and_postal_history_of_East_Africa_and_Uganda_Protectorates	1.2816834449768066
102745	Early_history_of_Uganda	1.2739390134811401
102745	East_Africa_Protectorate	1.2363961935043335
102745	Queen_of_Uganda	1.2200020551681519
102745	History_of_Uganda_(1962–71)	1.0685303211212158
102745	Kahaya_II	1.0247679948806763
102745	Uganda–Tanzania_War	1.0001754760742188
102784	Zoey_Deutch	1.029280185699463
102784	Why_Him?	0.7397184371948242
102784	Stephanie_Wilkins	0.6738412976264954
102784	Stephanie_Scully	0.6614214181900024
102784	Stephanie_Plum	0.6523637175559998
102784	Zoe_Hanna	0.6451385617256165
102784	Stephanie_(film)	0.6362091302871704
102784	Mary_Mouser	0.592691957950592
102784	Ross_Butler_(actor)	0.5805129408836365
102784	Zack_Loveday	0.47005361318588257
102789	Burj_Khalifa	0.7790142893791199
102789	Burj_Khalifa/Dubai_Mall_(Dubai_Metro)	0.7134438753128052
102789	The_Mansion_at_Burj_Khalifa	0.6940189003944397
102789	Dubai_Mixed-Use_Towers	0.6841999888420105
102789	Burj_Al_Alam	0.6618328094482422
102789	Huangguan_Escalator	0.6561621427536011
102789	Central–Mid-Levels_escalator_and_walkway_system	0.6549151539802551
102789	Burj_Mubarak_al-Kabir	0.6329075694084167
102789	Burj_Al_Anoud	0.574425220489502
102789	Al-Asmakh_Tower	0.5328908562660217
102797	Simon_Pegg	1.3573124408721924
102797	Simon_Neil	1.3462746143341064
102797	Simon_Willis	1.257554531097412
102797	Simon_Grigg	1.2428581714630127
102797	Simon_Thoumire	1.2056527137756348
102797	Simon_R._Taylor	1.1885027885437012
102797	Duncan_Pegg	1.1323490142822266
102797	Mark_Pegg_(actor)	1.092918872833252
102797	Simon_Stagg	1.0836126804351807
102797	Mark_Pegg	0.9763880968093872
102872	Pharmacology	1.1981065273284912
102872	Clinical_pharmacology	1.1607755422592163
102872	Pharmacognosy	1.0770177841186523
102872	Pharmaconomy	1.0556259155273438
102872	Institute_of_Pharmacology_of_the_Polish_Academy_of_Sciences	1.0387378931045532
102872	Biochemical_pharmacology	1.0217597484588623
102872	Biochemical_Pharmacology_(journal)	1.016700029373169
102872	Dental_pharmacology	1.0117981433868408
102872	Pharmacotoxicology	0.9479288458824158
102872	Systems_pharmacology	0.9252183437347412
102876	Julie_Bowen	0.919287383556366
102876	Andrea_Bowen	0.8698606491088867
102876	Julie_Cobb	0.840225875377655
102876	Julie_Pinson	0.8356046676635742
102876	Julie_Payne_(actress,_born_1940)	0.8108620643615723
102876	Julie_Harris_(actress)	0.7922984957695007
102876	Debra_Bowen	0.7734790444374084
102876	November_3	0.11764825135469437
102876	November_4	0.11764825135469437
102876	November_2	0.11764825135469437
102884	See_You_on_the_Other_Side_(Korn_album)	1.0692739486694336
102884	The_Other_Sides_–_Elvis_Worldwide_Gold_Award_Hits_Vol._2	0.8824649453163147
102884	The_Other_Side_(Wynonna_Judd_album)	0.841687798500061
102884	See_You_on_the_Other_Side_(Mercury_Rev_album)	0.803275465965271
102884	The_Other_Side_of_the_Mirror_(album)	0.7995023131370544
102884	See_You_on_the_Other_Side_World_Tour	0.7414649128913879
102884	The_Other_Side_of_Something	0.6590050458908081
102884	The_Other_Side_of_Time	0.6442003846168518
102884	See_You_on_the_Other_Side	0.6371721625328064
102884	The_Other_Side_(Billy_Ray_Cyrus_album)	0.5901574492454529
102911	Reanimation_(Linkin_Park_album)	0.9457036256790161
102911	Pts.OF.Athrty	0.8555279970169067
102911	Runaway_(Linkin_Park_song)	0.8327491283416748
102911	Reanimation	0.820353627204895
102911	In_the_End	0.8031699657440186
102911	List_of_songs_recorded_by_Linkin_Park	0.8015778064727783
102911	One_Step_Closer_(Linkin_Park_song)	0.7986576557159424
102911	Live_in_Texas_(Linkin_Park_album)	0.7800174355506897
102911	Final_Masquerade	0.6763830184936523
102911	Reanimation_(Lights_&_Motion_album)	0.6415078639984131
102986	Hannah_and_Her_Sisters	1.0029817819595337
102986	Hannah_and_Her_Brothers	0.8230610489845276
102986	An_American_Tragedy_(film)	0.768212080001831
102986	Sisters_(1973_film)	0.7480530738830566
102986	The_Sisters_(2005_film)	0.6902863383293152
102986	Hannah's_Law	0.6883156895637512
102986	Perfect_Sisters	0.6767348647117615
102986	The_Twa_Sisters	0.6581234335899353
102986	The_Sisters_Brothers	0.6482762694358826
102986	Sisters_(Steel_novel)	0.5884184837341309
102990	Quay_(film)	0.9635224342346191
102990	Riverside_Museum	0.7852694392204285
102990	Elizabeth_Quay	0.7688919901847839
102990	Quay_Valley,_California	0.7507567405700684
102990	Quay_Bar	0.7461366653442383
102990	The_Quay_Arts	0.7392075657844543
102990	Corus_Quay	0.7259978652000427
102990	Baltic_Quay	0.648611843585968
102990	Red_Quay	0.6477401852607727
102990	Waterfront_(1950_film)	0.49294349551200867
10300	Air_Assault_Badge	0.7547679543495178
10300	Luftsturmregiment_40	0.743961751461029
10300	Benjamin_Harrison_(major_general)	0.7274460196495056
10300	Air_assault	0.7143922448158264
10300	Charles_Larimore_Jones	0.6920052170753479
10300	United_States_Army_Air_Assault_School	0.6867325305938721
10300	Air_Assault_Task_Force	0.675571858882904
10300	119th_Assault_Helicopter_Company	0.5955021381378174
10300	229th_Aviation_Regiment_(United_States)	0.5891808271408081
10300	Aggressive_Christianity_Missionary_Training_Corps	0.5789210796356201
103003	Kate_Walsh_(presenter)	1.2030291557312012
103003	Kate_Walsh	1.0441046953201294
103003	Kate_Gosselin	1.035066843032837
103003	The_Kate_Smith_Show	1.020410180091858
103003	Kate_McShane	1.015330195426941
103003	Kate_Walsh_(actress)	1.013504147529602
103003	Kathleen_Walsh	0.9841895699501038
103003	Kate_Botello	0.9523832201957703
103003	Kate_Walsh_(singer)	0.8698922991752625
103003	Kate_Richardson-Walsh	0.861113965511322
103040	Designated_Survivor_(TV_series)	1.0743820667266846
103040	Pilot_(Designated_Survivor)	0.9543063044548035
103040	Survivors_(1975_TV_series)	0.8005231618881226
103040	Survivor_(U.S._TV_series)	0.7687932252883911
103040	The_Survivor_(1995_film)	0.7425208687782288
103040	Survivor_(Israel)	0.7413013577461243
103040	Survivor_(UK_TV_series)	0.730853796005249
103040	Survivor_(film)	0.6907505393028259
103040	Survivor_(Japanese_TV_series)	0.6434219479560852
103040	Sole_Survivor_(novel)	0.6048513054847717
103050	History_of_General_Motors	1.1197550296783447
103050	General_Motors	1.0917338132858276
103050	List_of_General_Motors_factories	1.0842747688293457
103050	Baltimore_Assembly	0.9705995917320251
103050	Janesville_Assembly_Plant	0.958771288394928
103050	Detroit/Hamtramck_Assembly	0.9543055891990662
103050	Flint_Truck_Assembly	0.949614942073822
103050	Norwood_Assembly	0.9126024842262268
103050	Lansing_Craft_Center	0.9053359627723694
103050	General_Motors_Fairfax_Assembly_Plant	0.8987028002738953
103051	Floyd_Mayweather_Sr.	1.0972075462341309
103051	Floyd_Mayweather_Jr.	1.0311167240142822
103051	Roger_Mayweather	0.9908427596092224
103051	Floyd_Mayweather_Jr._vs._Andre_Berto	0.9187333583831787
103051	Floyd_Mayweather_Jr._vs._Carlos_Baldomir	0.8408420085906982
103051	Floyd_Mayweather_Jr._vs._Miguel_Cotto	0.8405990600585938
103051	Floyd_Mayweather_Jr._vs._Shane_Mosley	0.8228368759155273
103051	Floyd_Mayweather_Jr._vs._Robert_Guerrero	0.8208674192428589
103051	Floyd_Mayweather_Jr._vs._Marcos_Maidana	0.8100219964981079
103051	Floyd_Mayweather_Jr._vs._Marcos_Maidana_II	0.792561948299408
103063	Hermit_crab	1.6105144023895264
103063	Caribbean_hermit_crab	1.5483238697052002
103063	Paguristes_ulreyi	1.505092978477478
103063	Crab	1.4710392951965332
103063	Australian_land_hermit_crab	1.4490712881088257
103063	Anomura	1.4042060375213623
103063	Pylochelidae	1.4018750190734863
103063	Pagurus_samuelis	1.3939427137374878
103063	Pagurus_pollicaris	1.3812556266784668
103063	King_crab	1.297858476638794
103084	Theresa_Saldana	1.0610198974609375
103084	Zoe_Saldana	1.049582600593567
103084	Zoe_Akins	1.046474814414978
103084	Zoe_Rae	0.9887661933898926
103084	Zoe_Ducós	0.9678594470024109
103084	Zoë_Lund	0.936374843120575
103084	Loredana_Nusciak	0.9323056936264038
103084	Margaret_Sullavan	0.8351564407348633
103084	Mercedes_Salisachs	0.8289890289306641
103084	Zoé_Valdés	0.8212382197380066
103116	Jack_Dylan_Grazer	1.3115484714508057
103116	Dylan_Bluestone	0.99576735496521
103116	Andrew_Trischitta	0.9853721857070923
103116	Jacob_Tremblay	0.9321830868721008
103116	Dylan_Cash	0.9180092215538025
103116	Dylan_O'Brien	0.8852091431617737
103116	Max_Thieriot	0.8598820567131042
103116	Dylan_Vox	0.8532134294509888
103116	Whitney_Dylan	0.8126436471939087
103116	Asa_Butterfield	0.7898967862129211
103154	Sky_UK	1.028268814086914
103154	Sky_plc	0.9595614671707153
103154	Sky_and_Space_Global	0.9099400639533997
103154	UKCloud	0.903260350227356
103154	Sky_Digital	0.886031985282898
103154	Sky_Broadband	0.8811576962471008
103154	Sky_1	0.8754587173461914
103154	Sky_Television	0.844084620475769
103154	Sky_Television_plc	0.8149906992912292
103154	Sky_Ireland	0.7751836776733398
103167	The_Love_Club_EP	0.8266512751579285
103167	The_Love_Club_(song)	0.7600072026252747
103167	Azealia_Banks_discography	0.6674016714096069
103167	1991_(EP)	0.6520019769668579
103167	Singles_Club_(EP)	0.6238129734992981
103167	Sex_(The_1975_EP)	0.6002069711685181
103167	Club_Single	0.5942212343215942
103167	Love_in_This_Club	0.5733727812767029
103167	Club_Test_02	0.5609562397003174
103167	Club_Test_01	0.5490463376045227
1032	Yin_and_yang	0.9868813753128052
1032	I_Ching_divination	0.7898046374320984
1032	Yin_yang_(disambiguation)	0.784088134765625
1032	Enantiodromia	0.6946772336959839
1032	The_body_in_traditional_Chinese_medicine	0.642909586429596
1032	School_of_Naturalists	0.5527332425117493
1032	Metal_(Wu_Xing)	0.5387383103370667
1032	Three_Pure_Ones	0.5086171627044678
1032	The_Book_of_Balance_and_Harmony	0.42971867322921753
1032	Wu_Xing	0.38306596875190735
