100060	Kareena_Kapoor	0.9985578656196594
100060	Kareena_Kapoor_filmography	0.9937735199928284
100060	List_of_awards_and_nominations_received_by_Kareena_Kapoor	0.9886217713356018
100060	Karisma_Kapoor_filmography	0.975867509841919
100060	Karisma_Kapoor	0.9712751507759094
100060	Kareena_Kareena	0.7409703135490417
100060	Vaani_Kapoor	0.4093119502067566
100060	Randhir_Kapoor	0.4005204141139984
100060	Kajal_Kiran	0.04766402393579483
100060	Kajol_filmography	0.03237108886241913
100145	Silver_Surfer	0.9934234619140625
100145	Silver_Surfer_(comic_book)	0.9752233624458313
100145	Silver_Surfer_(disambiguation)	0.9379240870475769
100145	Silver_Surfer_(TV_series)	0.9213900566101074
100145	Fantastic_Four:_Rise_of_the_Silver_Surfer	0.8311125040054321
100145	Esad_Ribić	0.21805210411548615
100145	Doomsday_Man	0.08850888162851334
100145	Guðrún_Kristín_Magnúsdóttir	0.009740822948515415
100145	Einar_Kárason	0.001723798573948443
100145	Guðmundur_G._Hagalín	0.0006906638736836612
100243	Kung_Fu_Panda	0.9627692103385925
100243	Kung_Fu_Panda_2	0.381533682346344
100243	Kung_Fu_Panda_3	0.2483302652835846
100243	Kung_Fu_Panda_Holiday	0.08697675913572311
100243	Kung_Fu_Panda_(franchise)	0.06854652613401413
100243	Kung_Fu_Hustle	0.024916864931583405
100243	Kung_Fu_Panda:_Legends_of_Awesomeness_(season_1)	0.016746584326028824
100243	Kung_Fu_Panda:_Legends_of_Awesomeness	0.0040116379968822
100243	Kung_Fu_Panda:_Showdown_of_Legendary_Legends	0.002856925129890442
100243	Kung_Fu_Panda:_Secrets_of_the_Masters	0.0016894564032554626
100245	Julie_Bowen	0.9985925555229187
100245	Andrea_Bowen	0.9163423776626587
100245	Dennis_Bowen	0.15689542889595032
100245	Gail_Bowen	0.03143707662820816
100245	Sarah_Bowen	0.027028609067201614
100245	Lindsay_Bowen	0.02497679367661476
100245	Julie_Cobb	0.01051201019436121
100245	Margaret_Davis_Bowen	0.004393045790493488
100245	Julie_Vega	0.0013215681537985802
100245	Rachel_Ames	0.0001283260207856074
100261	Mount_Hood_(California)	0.8544070720672607
100261	Mount_Hood	0.6711471676826477
100261	Mount_Hood,_Oregon	0.45292603969573975
100261	Mount_Hood_(disambiguation)	0.42803922295570374
100261	Mount_Hood_Wilderness	0.4111599028110504
100261	Mount_Hood_National_Recreation_Area	0.1463809758424759
100261	Mount_Hood_Skibowl	0.08511199057102203
100261	Mount_Hood_National_Forest	0.08011828362941742
100261	Mount_Hood_Meadows	0.028694653883576393
100261	Mount_Hood_Express	0.016170000657439232
100271	Sarah_Hyland	0.9974952936172485
100271	Jackie_Hyland	0.6912562251091003
100271	Bob_Hyland	0.17075292766094208
100271	Sarah_Nicole_Prickett	0.15643660724163055
100271	Sarah_Graves	0.11154667288064957
100271	Sarah_Kate_Ellis	0.09001868963241577
100271	Sarah_Lyall	0.049852218478918076
100271	M._J._Hyland	0.0203816257417202
100271	Sarah_Hoyt	0.01461983472108841
100271	William_F._Hyland	0.0032750514801591635
100318	Southern_Hospitality_(song)	0.8290498852729797
100318	Southern_Hospitality_(album)	0.3575240969657898
100318	Southern_hospitality	0.07298394292593002
100318	Southern_hospitality_(disambiguation)	0.05526578426361084
100318	Southern_Comfort_(Anthony_Hamilton_album)	0.05433036386966705
100318	Southern_Hospitality/Jeri_Gently_Jumps	0.04448223486542702
100318	Small_Town_Southern_Man	0.003753575962036848
100318	Southern_Accents	0.0011233232216909528
100318	The_Southern_Harmony_and_Musical_Companion	0.0006098017329350114
100318	The_Southern_Comfort	0.00019372178940102458
100320	John_S._McCain_Jr.	0.7647661566734314
100320	John_McCain	0.4490591585636139
100320	Early_life_and_military_career_of_John_McCain	0.3522666394710541
100320	John_S._McCain_Sr.	0.11036462336778641
100320	List_of_St._John's_College_(Annapolis/Santa_Fe)_people	0.05578172951936722
100320	House_and_Senate_career_of_John_McCain,_until_2000	0.02182350680232048
100320	Faith_of_My_Fathers	0.015171467326581478
100320	McCain_Institute	0.008915495127439499
100320	USS_John_S._McCain_(DDG-56)	0.007238354068249464
100320	William_David_McCain	0.0035652390215545893
100446	Shomu_Mukherjee	0.9910229444503784
100446	Nihar_Mukherjee	0.29928308725357056
100446	Sarashi_Ranjan_Mukherjee	0.29073861241340637
100446	Bela_Mukherjee	0.08683697879314423
100446	Saroj_Mukherjee	0.04389418289065361
100446	Shibaji_Banerjee	0.030668556690216064
100446	Murari_Mohan_Mukherjee	0.015903359279036522
100446	Shyam_Lal_Tabdar	0.005396218504756689
100446	Death_of_Sudipto_Gupta	0.0003583330544643104
100446	Yunus_Parvez	0.0002149109641322866
100467	List_of_awards_and_nominations_received_by_Stephen_King	0.9822500348091125
100467	Stephen_King	0.9815576076507568
100467	Stephen_King_bibliography	0.8329320549964905
100467	Stephen_King's_F13	0.8274901509284973
100467	King_(company)	0.3546990752220154
100467	King_Games	0.15712176263332367
100467	Stephen_King_short_fiction_bibliography	0.15301544964313507
100467	Jeff_King_(author)	0.030367787927389145
100467	King_Art_Games	0.010327977128326893
100467	The_Bachman_Books	0.007646924816071987
100487	List_of_companies_of_Estonia	0.977013885974884
100487	Geography_of_Estonia	0.9442835450172424
100487	Estonia–Latvia_relations	0.7759669423103333
100487	Miss_Baltic_Sea	0.7621538043022156
100487	Baltic_Sea	0.6187173128128052
100487	List_of_islands_in_the_Baltic_Sea	0.522017240524292
100487	Baltic_Proper	0.4285389184951782
100487	Estonia–Russia_border	0.2482781708240509
100487	Koidula_railway_station	0.004562237299978733
100487	Territorial_issues_between_Estonia_and_Russia	0.0023688876535743475
10051	Stomp_the_Yard	0.9987338185310364
10051	Stomp_the_Yard:_Homecoming	0.9973859190940857
10051	Stomp_the_Yard_(soundtrack)	0.9945529103279114
10051	The_Yards	0.8974542617797852
10051	Stomp_Out_Loud	0.7817587852478027
10051	The_Backyard_(2002_film)	0.7035412192344666
10051	The_Yard_(2011_TV_series)	0.6646307706832886
10051	Stomp!_Shout!_Scream!	0.6580814719200134
10051	Trouble_Sleeping_(film)	0.6376853585243225
10051	The_Longest_Yard_(1974_film)	0.39077192544937134
10052	Stomp_the_Yard	0.9541769027709961
10052	Stomp_the_Yard_(soundtrack)	0.6362025737762451
10052	Stomp_the_Yard:_Homecoming	0.5843387246131897
10052	Stomp_Off	0.02197994478046894
10052	Back_Yard_Recordings	0.006083655636757612
10052	Golf_Wang	0.0030537813436239958
10052	Stomp_(God's_Property_song)	0.0024462107103317976
10052	Stomp_(strike)	0.0010565993143245578
10052	East_Bay_FC_Stompers	0.0009261731174774468
10052	Bad_Yard_Club	0.0003461364540271461
100615	Team_Fortress_2	0.9986826777458191
100615	Robin_Walker_(game_designer)	0.9985312223434448
100615	Robin_Walker_(disambiguation)	0.9725382328033447
100615	Fortress_2_(video_game)	0.6945436596870422
100615	Team_Fortress_Classic	0.3925941586494446
100615	Mike_Ambinder	0.115302674472332
100615	Gang_Garrison_2	0.10322920978069305
100615	Fortress_2:_Re-Entry	0.07778695970773697
100615	TF2	0.07506366819143295
100615	Fortress_2	0.026049695909023285
100617	Floyd_Mayweather_Jr.	0.9898166656494141
100617	Floyd_Mayweather_Sr.	0.06079769879579544
100617	Oscar_De_La_Hoya_vs._Floyd_Mayweather_Jr.	0.04193359240889549
100617	Floyd_Mayweather_Jr._vs._Juan_Manuel_Márquez	0.03767232224345207
100617	Floyd_Favors	0.006579387001693249
100617	Mike_Tyson	0.0022105553653091192
100617	List_of_current_world_boxing_champions	0.002015721518546343
100617	Billy_Graham_(boxer)	0.0018597299931570888
100617	Robert_Daniels	0.0007194511708803475
100617	Richel_Hersisia	0.0004685651510953903
100659	Tangled	0.941774308681488
100659	Tangled_(franchise)	0.9297198057174683
100659	Tangled_(disambiguation)	0.8974299430847168
100659	Tangled_(2001_film)	0.8405846953392029
100659	Tangled:_The_Series	0.4278854727745056
100659	The_Tangle_Box	0.41740289330482483
100659	With_a_Tangled_Skein	0.3943580090999603
100659	Tangled_Ever_After	0.334895521402359
100659	Tangled:_The_Video_Game	0.2510647773742676
100659	The_Book_of_Knots	4.670017369790003e-05
100781	Zac_Efron	0.17095951735973358
100781	Pino_Zac	0.0923883467912674
100781	Zac	0.09030723571777344
100781	Efron	0.030957495793700218
100781	Zac_Zorn	0.028597766533493996
100781	Marshall_Efron	0.02413390576839447
100781	Zac_Posen	0.010005227290093899
100781	Zac_Fox	0.00401632534340024
100781	Maggie_Renfro	0.0007636707159690559
100781	Zac_MacGuire	0.00037376052932813764
100785	The_Book_of_Mormon_(musical)	0.9644739627838135
100785	AML_Awards	0.47380194067955017
100785	Criticism_of_the_Book_of_Mormon	0.3584587275981903
100785	Book_of_Mormon_(disambiguation)	0.11989349871873856
100785	Whitney_Awards	0.11510983109474182
100785	Louise_Plummer	0.014054609462618828
100785	Marilyn_Brown_Novel_Award	0.004290082026273012
100785	Jennie_Hansen	0.0011920799734070897
100785	Boston_Globe–Horn_Book_Award	0.0007509851129725575
100785	National_Outdoor_Book_Award	0.00020996278908569366
100788	Sky_UK	0.9867799878120422
100788	Sky_plc	0.9707338213920593
100788	Sky_1	0.6778299808502197
100788	European_Skytime	0.6697599291801453
100788	Sky_Digital	0.554648756980896
100788	Sky_Broadband	0.2582787573337555
100788	Sky_Ireland	0.07005812227725983
100788	Sky_Service_(Kazakhstan)	0.030845973640680313
100788	Russian_Sky_Airlines	0.015356175601482391
100788	Sky_1_(Germany_&_Austria)	0.014851721003651619
100795	Eurotas_(river)	0.9963130354881287
100795	Eurotas	0.7630006670951843
100795	Pineios_(Peloponnese)	0.2632352411746979
100795	Kanianitis	0.05291181430220604
100795	Pleistos	0.018540173768997192
100795	Metsovitikos_river	0.0153833432123065
100795	Sarantaporos_(Thessaly)	0.0033866504672914743
100795	Angitis	0.0033849989995360374
100795	Sarantaporos_(Epirus)	0.003231438109651208
100795	Erythropotamos	0.0022196623031049967
100852	Emmanuel_Macron	0.9781097769737244
100852	Édouard_Carmignac	0.12434600293636322
100852	Cyril_Benoit	0.026724958792328835
100852	Emmanuel_Farhi	0.011807710863649845
100852	Dominique_Strauss-Kahn	0.0008691257680766284
100852	Political_positions_of_Marine_Le_Pen	0.0007898637559264898
100852	Michel_Albert	0.0004131570749450475
100852	Ericq_Pierre	0.00040559619083069265
100852	Jacques_Attali	0.00037621965748257935
100852	Christine_Lagarde	0.00026268837973475456
100893	Uranium_mining_by_country	0.9822691679000854
100893	List_of_uranium_projects	0.9807028770446777
100893	Uranium_in_Africa	0.9601246118545532
100893	Uranium_mining	0.9370212554931641
100893	Uranium_market	0.9283871054649353
100893	List_of_countries_by_uranium_production	0.8748310804367065
100893	Uranium_One	0.7942876219749451
100893	List_of_countries_by_uranium_reserves	0.7489834427833557
100893	Uranium_mining_in_Australia	0.662204384803772
100893	Uranium_mining_in_Kakadu_National_Park	0.1350758820772171
101008	Camp_Flog_Gnaw	0.9980681538581848
101008	Tyler,_The_Creator	0.9943467974662781
101008	Odd_Future	0.9919909834861755
101008	Loiter_Squad	0.7722681164741516
101008	The_Odd_Future_Tape	0.6845284104347229
101008	List_of_Camp_Lazlo_characters	0.007846357300877571
101008	Camp_Lazlo	0.004678966943174601
101008	Camp_Takota	0.00317400717176497
101008	Summer_Camp_Island	0.0022441891487687826
101008	Future-Worm!	0.0011947983875870705
101014	Emperor_Norton	0.9934691190719604
101014	Emperor_Norton_in_popular_culture	0.9682742357254028
101014	Emperor_of_America	0.8263548612594604
101014	Emperor_Norton_Records	0.7862665057182312
101014	The_Emperor's_Bridge_Campaign	0.7811055183410645
101014	L'Empereur_Smith	0.7157981395721436
101014	Emperor_(novel_series)	0.619799792766571
101014	Joshua_Norton_(artist)	0.35412439703941345
101014	The_Emperor_Jones	0.06062068045139313
101014	Andre_Norton_bibliography	0.02192804217338562
101017	The_Punisher_(2004_film)	0.989474892616272
101017	The_Punisher_(1989_film)	0.9892402291297913
101017	The_Punisher_(TV_series)	0.9602632522583008
101017	Punisher_in_film	0.851345956325531
101017	Punisher:_War_Zone	0.6206064224243164
101017	The_Punisher:_Dirty_Laundry	0.5103017091751099
101017	The_Punisher_(1993_video_game)	0.3614885210990906
101017	American_Crime_(film)	0.24690285325050354
101017	American_Violence	0.10898688435554504
101017	Jonathan_Hensleigh	0.04167481139302254
101027	Minor_League_Baseball	0.9973078966140747
101027	California_League	0.9783635139465332
101027	Gulf_Coast_League	0.9431608319282532
101027	Triple-A_(baseball)	0.9245041012763977
101027	Minor_league	0.8968561887741089
101027	List_of_top_level_minor_league_sports_teams_in_the_United_States_by_city	0.8959002494812012
101027	Junior,_Senior_&_Big_League_Baseball	0.6357558965682983
101027	List_of_Minor_League_Baseball_leagues_and_teams	0.22533418238162994
101027	New_South_Wales_Major_League	0.024430133402347565
101027	Greater_Brisbane_League	0.018462680280208588
101062	Temple_Grandin_(film)	0.988905668258667
101062	Claire_Danes	0.969673752784729
101062	Claire_Temple	0.5789362788200378
101062	Claire_Temple_(Marvel_Cinematic_Universe)	0.44256559014320374
101062	Temple_Grandin	0.06492011994123459
101062	Super_Troopers	0.014228420332074165
101062	S.S._Doomtrooper	0.003056594403460622
101062	James_Frain	0.0002545689058024436
101062	Brigitte_Kahn	0.00014460259990300983
101062	Knight_and_Day	0.00013408712402451783
101111	Ice-T	0.9981603026390076
101111	Ice-T's_Rap_School	0.987840473651886
101111	Ice-T_discography	0.9813525080680847
101111	Evil_E	0.9699701070785522
101111	Gangsta_Rap_(album)	0.9204118847846985
101111	Just-Ice	0.8986536860466003
101111	Home_Invasion_(album)	0.8302323818206787
101111	O.G._Original_Gangster	0.7307896018028259
101111	Ice_Cube	0.5178492665290833
101111	Ice_One	0.4013001024723053
101118	Sabbir_Khan	0.9964637160301208
101118	Kambakkht_Ishq	0.99294513463974
101118	Sabita_Devi	0.6491680145263672
101118	Climax_(2013_film)	0.39380353689193726
101118	Asha_Posley	0.3020102381706238
101118	Saad_Khan	0.2496703714132309
101118	Zareen_Khan	0.23536762595176697
101118	The_Desire	0.09731988608837128
101118	Bibbo_(actress)	0.08531849086284637
101118	Gunga_Jumna	0.053734853863716125
101125	Near-Earth_object	0.9470694661140442
101125	Earth_analog	0.4976109564304352
101125	2003_YN107	0.2314380556344986
101125	2012_VP113	0.052884723991155624
101125	(434326)_2004_JG6	0.04380960017442703
101125	(85989)_1999_JD6	0.038197822868824005
101125	List_of_hypothetical_Solar_System_objects	0.016246220096945763
101125	NEAR_Shoemaker	0.016200562939047813
101125	Extrasolar_object	0.0043432279489934444
101125	Near-equatorial_orbit	0.0004421528137754649
101142	Balibo_(film)	0.9966256618499756
101142	Balibo_Five	0.989093542098999
101142	Balibo	0.9622828960418701
101142	Brothers_(1982_film)	0.682322084903717
101142	Long_Road_to_Heaven	0.5702949166297913
101142	40_Years_of_Silence:_An_Indonesian_Tragedy	0.4285103976726532
101142	Ginostra	0.08261879533529282
101142	Death_in_Buenos_Aires	0.032023634761571884
101142	Pixote	0.003489979775622487
101142	Ciutat_morta	0.0013209336902946234
10117	Barbarella_(film)	0.9989328980445862
10117	Barbarella	0.9948862195014954
10117	Arabella_(film)	0.9635035991668701
10117	Barbarella_(musical)	0.9305371046066284
10117	Barbarella_(comics)	0.9132447838783264
10117	Barbarella:_the_80's_Musical	0.4992251694202423
10117	Barbarosa	0.13345395028591156
10117	Barbarella_(song)	0.12486089766025543
10117	Barbarella_(nightclub)	0.07019329816102982
10117	México_Bárbaro	0.013730488717556
101176	I_Want_to_Know_What_Love_Is	0.9857338666915894
101176	Love_(Inhabited_album)	0.4461584985256195
101176	Rolling_Stone_100_Best_Songs_of_the_Decade	0.01459935400635004
101176	Billboard_Top_Rock'n'Roll_Hits:_1964	0.013757673092186451
101176	The_Rolling_Stones,_Now!	0.01227264478802681
101176	I_Never_Knew_Love	0.004223703406751156
101176	Billboard_Top_Rock'n'Roll_Hits:_1966	0.0029362915083765984
101176	More_Love_(album)	0.0028367626946419477
101176	It's_Only_Rock_'n_Roll_(But_I_Like_It)	0.0014876413624733686
101176	The_Rolling_Stones_discography	0.0010645294096320868
10118	Barbarella_(film)	0.9989468455314636
10118	Barbarella	0.9946087598800659
10118	Arabella_(film)	0.9619148373603821
10118	Barbarella_(musical)	0.8836924433708191
10118	Barbarella_(comics)	0.809989869594574
10118	Barbarella:_the_80's_Musical	0.29442670941352844
10118	Barbarella's	0.23772667348384857
10118	Barbarosa	0.09164804965257645
10118	Barbarella_(song)	0.055702030658721924
10118	Barbarella_(nightclub)	0.031259454786777496
101224	The_Maze_Runner_(film)	0.9459347724914551
101224	Maze_Runner_(film_series)	0.5789511799812317
101224	The_Maze_(2010_film)	0.46310243010520935
101224	The_Maze_Runner	0.10263022780418396
101224	The_Maze_(1953_film)	0.012337968684732914
101224	Maze_Runner:_The_Scorch_Trials	0.004857759457081556
101224	Maze_(film)	0.004448519088327885
101224	Labyrinth_(film)	0.0039116255939006805
101224	Maze_Runner:_The_Death_Cure	0.0034155764151364565
101224	Scott_Pilgrim_vs._the_World	0.0002468759776093066
101300	List_of_cities_and_towns_in_the_San_Francisco_Bay_Area	0.9194249510765076
101300	San_Francisco_Bay_Area	0.9009292125701904
101300	East_Bay_(San_Francisco_Bay_Area)	0.18341679871082306
101300	Sports_in_the_San_Francisco_Bay_Area	0.16614392399787903
101300	San_Francisco_Peninsula	0.12123439460992813
101300	North_Bay_(San_Francisco_Bay_Area)	0.028316136449575424
101300	Demographics_of_San_Francisco	0.025956707075238228
101300	Japantown,_San_Francisco	0.010265601798892021
101300	Golden_Gate_National_Recreation_Area	0.003946301527321339
101300	Noe_Valley,_San_Francisco	0.0005652972031384706
101462	The_Invisible_Man_(film)	0.9989001750946045
101462	The_Invisible_Man's_Revenge	0.9983514547348022
101462	Abbott_and_Costello_Meet_the_Invisible_Man	0.9979720711708069
101462	The_Invisible_Man_Returns	0.9962363839149475
101462	The_Invisible_Man_(1984_TV_series)	0.9926092028617859
101462	The_Invisible_(film)	0.9730774760246277
101462	Invisible_Agent	0.9582214951515198
101462	The_Invisible_Woman_(1940_film)	0.8924649953842163
101462	The_Invisible_Avenger	0.7756593823432922
101462	Invisible_Man:_Rape!	0.002465741243213415
101473	Lucy_Hale	0.9854903221130371
101473	American_Juniors_(group)	0.985106348991394
101473	American_Juniors_(album)	0.9674068093299866
101473	American_Juniors	0.587712287902832
101473	Lucy_Li	0.1200171634554863
101473	Chauncey_Matthews	0.08272714167833328
101473	Distinguished_Young_Women	0.02634814754128456
101473	Shannon_Hale	0.009826363064348698
101473	Dominique_Moceanu	0.003479521255940199
101473	Hale_America_National_Open_Golf_Tournament	0.0025655231438577175
10151	IPhone_4	0.9067328572273254
10151	IOS_4	0.894811749458313
10151	IOS	0.7066321969032288
10151	IPhone_4S	0.6985195875167847
10151	IPhone	0.6237252950668335
10151	IPhone_OS_1	0.19432638585567474
10151	IPhone_OS_3	0.07617495954036713
10151	Apple_A4	0.01825651153922081
10151	IOS_5	0.008938267827033997
10151	IOS_7	0.004645628854632378
101528	Guthrie_Theater	0.9981750249862671
101528	Guthrie_Theater_production_history	0.4313061535358429
101528	Amphitheatre_Auditorium	0.007844819687306881
101528	Hyart_Theater	0.007758085150271654
101528	Chateau_Theatre	0.007265191059559584
101528	State_Theatre_(Minneapolis)	0.005585600156337023
101528	Midwest_Theater	0.0043057044968008995
101528	Rialto_Theater_(Tacoma,_Washington)	0.0034972664434462786
101528	Orpheum_Theatre_(Wichita,_Kansas)	0.0027453291695564985
101528	Pioneer_Center_for_the_Performing_Arts	0.0011454077903181314
101552	The_Book_of_Mormon_(musical)	0.9916574954986572
101552	The_Book_of_Mormon:_Original_Broadway_Cast_Recording	0.8167187571525574
101552	Andrew_Rannells	0.6027510762214661
101552	Anne_Garefino	0.49601030349731445
101552	Book_of_Mormon_(disambiguation)	0.11405719071626663
101552	Tony_Award_for_Best_Author	0.09745169430971146
101552	Tony_Award_for_Best_Book_of_a_Musical	0.0953473225235939
101552	Drama_Desk_Award_for_Outstanding_Book_of_a_Musical	0.008446186780929565
101552	Christopher_John_O'Neill	0.0015353421913459897
101552	List_of_awards_and_nominations_for_the_musical_South_Pacific	0.000748876016587019
101553	Aldous_Huxley	0.9977176189422607
101553	Collected_Short_Stories_(Huxley)	0.9960018992424011
101553	Science,_Liberty_and_Peace	0.993582546710968
101553	The_Genius_and_the_Goddess	0.9877136945724487
101553	The_Doors_of_Perception	0.9863346815109253
101553	Dana_Sawyer	0.9832887053489685
101553	Literature_and_Science	0.8775888085365295
101553	Leonard_Huxley_(writer)	0.7690516710281372
101553	Huxley_on_Huxley	0.7676903605461121
101553	Laura_Huxley	0.41397249698638916
101565	Pakistan	0.9953519105911255
101565	Chowrangi	0.9837408661842346
101565	Hassan_Nisar	0.7557887434959412
101565	Islam_at_the_Crossroads	0.41500425338745117
101565	Crossroads_International	0.09391814470291138
101565	Paramount_Crossroads	0.009332436136901379
101565	M2_motorway_(Pakistan)	0.006146692205220461
101565	Pakistan_Monument	0.005917389411479235
101565	Chauraha	0.005116806831210852
101565	Crossroads_Mall_(Mumbai)	0.0017640715232118964
101619	Ronaldinho	0.9903172254562378
101619	List_of_international_goals_scored_by_Ronaldinho	0.9891624450683594
101619	List_of_international_goals_scored_by_Ronaldo	0.541850209236145
101619	Ronaldo_(Brazilian_footballer)	0.35567808151245117
101619	Juninho_Pernambucano	0.13053473830223083
101619	Romário	0.11459577083587646
101619	Marcelinho_Carioca	0.05069650337100029
101619	Luís_Mesquita_de_Oliveira	0.045791227370500565
101619	List_of_international_goals_scored_by_Cristiano_Ronaldo	0.03474587947130203
101619	Luiz_Bombonato_Goulart	0.0014208981301635504
101638	GLOW_(TV_series)	0.9952672719955444
101638	Gorgeous_Ladies_of_Wrestling	0.7847757935523987
101638	The_Glow_(film)	0.4346604645252228
101638	Glow	0.007910193875432014
101638	All_That_(season_7)	0.002951418049633503
101638	All_That_(season_2)	0.0019941774662584066
101638	Friday_Night_Lights_(season_2)	0.0018388682510703802
101638	The_Haves_and_the_Have_Nots_(TV_series)	0.0005395374610088766
101638	Shimmer_and_Shine	0.00027152991970069706
101638	List_of_Shimmer_and_Shine_episodes	0.00014684376947116107
101656	The_Book_of_Mormon_(musical)	0.9526229500770569
101656	Tony_Award_for_Best_Book_of_a_Musical	0.49565303325653076
101656	The_Book_of_Mormon:_Original_Broadway_Cast_Recording	0.3773815929889679
101656	Andrew_Rannells	0.062438979744911194
101656	Book_of_Mormon_(disambiguation)	0.06143130734562874
101656	Tony_Award_for_Best_Musical	0.035573799163103104
101656	Drama_Desk_Award_for_Outstanding_Book_of_a_Musical	0.022553863003849983
101656	63rd_Tony_Awards	0.009047335013747215
101656	List_of_awards_and_nominations_for_the_musical_South_Pacific	0.0018467521294951439
101656	Erik_Orton	0.0010606730356812477
101668	Brent_Mydland	0.996221125125885
101668	Go_Ahead_(band)	0.7866722345352173
101668	The_Grateful_Dead_Family_Album	0.694058358669281
101668	Built_to_Last	0.5709598064422607
101668	Go_to_Heaven	0.43217650055885315
101668	Grateful_Dead	0.23241063952445984
101668	The_Dead_(band)	0.028714219108223915
101668	Dead_&_Company	0.013597488403320312
101668	Tom_Constanten	0.006336099002510309
101668	The_Grateful_Dead_(album)	0.004552412778139114
101680	Grease_(film)	0.9954902529716492
101680	Grease:_The_Original_Soundtrack_from_the_Motion_Picture	0.9452354311943054
101680	Grease_(song)	0.778532087802887
101680	Grease:_You're_the_One_That_I_Want!	0.604098916053772
101680	Grease_(musical)	0.5989757180213928
101680	Greased_Lightnin'_(song)	0.5964239239692688
101680	Grease_2	0.20189543068408966
101680	Grease_2_(soundtrack)	0.10130913555622101
101680	Greased	0.05634603649377823
101680	The_Grease_Megamix	0.05037983879446983
101702	Jamie_Lee_Curtis	0.9922135472297668
101702	Love_Letters_(1984_film)	0.4744390547275543
101702	Janet_Leigh	0.2962356507778168
101702	Lee_Grant	0.14726704359054565
101702	Kelly_Curtis	0.0708901435136795
101702	Jamie_Lloyd	0.032071150839328766
101702	Melanie_Griffith	0.031055403873324394
101702	Donna_Wilkes	0.026478977873921394
101702	Tony_Curtis	0.007216786965727806
101702	Angie_Dickinson	0.0018617281457409263
101795	Donald_Duck	0.9437520503997803
101795	Daisy_Duck	0.19861412048339844
101795	Donald_Duck_(Dutch_comic_book)	0.06056464463472366
101795	Donald_Duck_(disambiguation)	0.021038196980953217
101795	Donald_Duck_Presents	0.011171141639351845
101795	List_of_Donald_Duck_universe_characters	0.0050077615305781364
101795	Wonder_Woman's_bracelets	0.004042014479637146
101795	Donald_Duck_Finds_Pirate_Gold	0.001549907261505723
101795	Donald's_Tire_Trouble	0.0009925812482833862
101795	Flintheart_Glomgold	0.0008034470374695957
101808	Granite_(disambiguation)	0.9926758408546448
101808	Granite	0.9881775975227356
101808	Rock_(geology)	0.9467626810073853
101808	Granite_(Stifter)	0.9323091506958008
101808	Granite_Mountain_(Utah)	0.8730427622795105
101808	Decomposed_granite	0.48154279589653015
101808	Granite_dome	0.2732042074203491
101808	Alkali_feldspar_granite	0.2354537695646286
101808	Black_granite	0.1692449301481247
101808	A-type_granite	0.03597351163625717
101821	Daenerys_Targaryen	0.9954571723937988
101821	A_Feast_for_Crows	0.6847946643829346
101821	Viserys_Targaryen	0.4205663502216339
101821	Brienne_of_Tarth	0.3262641131877899
101821	Cersei_Lannister	0.16104409098625183
101821	Ramsay_Bolton	0.01688702590763569
101821	High_Sparrow	0.01660844311118126
101821	Bran_Stark	0.015541153028607368
101821	Daario_Naharis	0.013024901039898396
101821	Baelor	0.002436520531773567
101845	Richard_Kuklinski	0.991485059261322
101845	Kuklinski	0.9455793499946594
101845	An_Innocent_Man_(film)	0.6562349796295166
101845	The_Iceman_(film)	0.6394115686416626
101845	Richard_Orlinski	0.4237319231033325
101845	The_Innocent_Man:_Murder_and_Injustice_in_a_Small_Town	0.33042579889297485
101845	Ken_Wyniemko	0.01838776282966137
101845	Theodore_Streleski	0.0030986974015831947
101845	Eric_Naposki	0.0007813457050360739
101845	Daniel_Wozniak_(murderer)	0.00019053769938182086
101883	Robert_Singer_(producer)	0.9986005425453186
101883	Robert_Singer	0.993802011013031
101883	Robert_Wells_(songwriter)	0.9316596984863281
101883	Robert_Cohen_(writer)	0.9156070947647095
101883	Josh_Singer	0.9055975675582886
101883	Robert_Borden_(TV_producer)	0.8873074054718018
101883	Bob_DeLaurentis	0.8364280462265015
101883	Bob_Tischler	0.7728160619735718
101883	Robert_Cochran_(TV_producer)	0.411838561296463
101883	Robert_K._Weiss	0.29851195216178894
101906	Old_Trafford	0.9362720251083374
101906	Manchester_United_F.C._Reserves_and_Academy	0.789674699306488
101906	Ewen_Fields	0.7648389339447021
101906	Moss_Lane	0.670627236366272
101906	Sport_in_Manchester	0.6251842379570007
101906	List_of_Premier_League_stadiums	0.40963175892829895
101906	City_of_Manchester_Stadium	0.36976540088653564
101906	Home_Park	0.10572046041488647
101906	Manchester_derby	0.09362558275461197
101906	Early_grounds_of_Manchester_City_F.C.	0.01953926682472229
101932	Comparison_of_Firefox_OS_devices	0.9767976999282837
101932	Firefox_(disambiguation)	0.9179289937019348
101932	Firefox	0.9028745889663696
101932	Firefox_OS	0.8398177027702332
101932	Firefox_Portable	0.7525359392166138
101932	Firefox_for_iOS	0.5629655122756958
101932	TenFourFox	0.22328417003154755
101932	Light_(web_browser)	0.19277751445770264
101932	Swiftfox	0.13001079857349396
101932	Firefox_3.0	0.09706808626651764
101985	Cordilleran_Ice_Sheet	0.9914698004722595
101985	Arctic_Cordillera	0.7272089123725891
101985	Vashon_Glaciation	0.702028214931488
101985	Pacific_Cordillera_(Canada)	0.45288535952568054
101985	Laurentide_Ice_Sheet	0.16667485237121582
101985	Ice_sheet	0.01377362385392189
101985	Barents–Kara_Ice_Sheet	0.009746598079800606
101985	Patagonian_Ice_Sheet	0.008165992796421051
101985	West_Antarctic_Ice_Sheet	0.0040676468051970005
101985	Greenland_ice_sheet	0.002865863498300314
102003	The_Last_Song_(film)	0.9959767460823059
102003	Battle_at_Bloody_Beach	0.8824562430381775
102003	The_Last_Song_(novel)	0.7611832618713379
102003	Four_Last_Songs_(film)	0.714999794960022
102003	The_Last_Fight	0.4009625315666199
102003	The_Last_Fight_(Velvet_Revolver_song)	0.3993298411369324
102003	The_Last_Battle_(band)	0.1847074329853058
102003	The_Kid's_Last_Fight	0.10705146938562393
102003	The_Last_Fight_(album)	0.05970330163836479
102003	Fight_On	0.03727622330188751
102019	Medical_school	0.9976404905319214
102019	International_medical_graduate	0.9851555228233337
102019	List_of_medical_schools	0.9099575281143188
102019	World_Directory_of_Medical_Schools	0.8960045576095581
102019	Medical_school_in_the_United_States	0.7583217024803162
102019	Medical_school_in_the_United_Kingdom	0.7452044486999512
102019	Offshore_medical_school	0.6086279153823853
102019	Medical_school_in_Canada	0.47352293133735657
102019	List_of_medical_schools_in_the_Caribbean	0.3858579099178314
102019	UCLA_IMG_Program	0.06984106451272964
102020	Mount_Hood_(California)	0.8390775918960571
102020	Mount_Hood	0.45779478549957275
102020	Mount_Hood_(disambiguation)	0.33142930269241333
102020	Mount_Hood_Wilderness	0.28699931502342224
102020	Mount_Hood_National_Recreation_Area	0.10338198393583298
102020	Mount_Hood_National_Forest	0.04063725844025612
102020	Mount_Hood_Skibowl	0.032695021480321884
102020	Mount_Defiance_(Oregon)	0.007696885149925947
102020	Tumala_Mountain	0.0058243656530976295
102020	Lookout_Mountain_(Oregon)	0.0037449821829795837
102038	Aestheticism	0.9981635212898254
102038	Aesthetic_Theory	0.985601007938385
102038	Aesthetics	0.7690498232841492
102038	Aestheticization_of_politics	0.5889323353767395
102038	Feminist_aesthetics	0.35629040002822876
102038	Art_&_Aesthetics	0.2330731600522995
102038	Marxist_aesthetics	0.09608803689479828
102038	Theological_aesthetics	0.05131324380636215
102038	The_New_Aesthetics	0.03245968744158745
102038	Evolutionary_aesthetics	0.003790095215663314
102079	Zoey_Deutch	0.9891408681869507
102079	Vampire_Academy	0.9720529317855835
102079	Vampire_Academy_(film)	0.6798819303512573
102079	Vampire_Academy_(novel)	0.41455575823783875
102079	Last_Sacrifice	0.06379742175340652
102079	Spirit_Bound	0.017031049355864525
102079	Shadow_Kiss	0.010839472524821758
102079	List_of_Vampire_Academy_characters	0.003914269618690014
102079	Blood_Promise_(novel)	0.0027818256057798862
102079	Coralie_Rose	0.0007127068238332868
102120	Night_of_the_Living_Dead	0.6658686995506287
102120	Night_of_the_Living_Dead_(1990_film)	0.5530152916908264
102120	Night_of_the_Living_Dead_(film_series)	0.5215823650360107
102120	Night_of_the_Living_Dead_3D	0.12546515464782715
102120	Erotic_Nights_of_the_Living_Dead	0.11707677692174911
102120	Dawn_of_the_Dead_(1978_film)	0.015227891504764557
102120	Jeff_Broadstreet	0.01333787851035595
102120	Night_Life_(film)	0.011428441852331161
102120	Survival_of_the_Dead	0.0062522292137146
102120	Night_of_the_Ghouls	0.006249058060348034
102161	Shannon_Lee	0.997546374797821
102161	Shannon_Sanderford	0.996905505657196
102161	Shannon_Lee_Dawdy	0.9963982105255127
102161	Shannon_(British_singer)	0.9776912927627563
102161	Shannon_Elizabeth	0.8468850255012512
102161	Shannon_Emerick	0.8131498098373413
102161	Diane_Lee	0.15498846769332886
102161	Greta_Lee	0.0974016860127449
102161	Kristine_Y._Lee	0.08273159712553024
102161	Euna_Lee	0.06650053709745407
102173	Tom_Constanten	0.9970351457595825
102173	Dave's_Picks_Volume_6	0.9753955006599426
102173	Ron_"Pigpen"_McKernan	0.9112536907196045
102173	Grateful_Dead_discography	0.5458011627197266
102173	Gram_Parsons_Archives_Vol.1:_Live_at_the_Avalon_Ballroom_1969	0.2642850875854492
102173	Grateful_Dead	0.2047206163406372
102173	Grateful_Dead_(album)	0.00785814505070448
102173	The_Grateful_Dead_(album)	0.004058540798723698
102173	Brent_Mydland	0.003342099254950881
102173	Dick_Latvala	0.0024829539470374584
102297	Exotic_Birds	0.9958810806274414
102297	Culture_Club_(box_set)	0.8250499367713928
102297	Birdland_(New_York_jazz_club)	0.010244887322187424
102297	Birdland_(Hamburg_jazz_club)	0.0035748451482504606
102297	Condor_Club	0.0029701117891818285
102297	Thee_Image_Club	0.0010787851642817259
102297	Cuckoo's_Nest_(nightclub)	0.0006992545095272362
102297	Wild_Bird_Society_of_Japan	0.00048435875214636326
102297	Bird_City_(wildfowl_refuge)	0.00033529693610034883
102297	Exotic	2.8647196813835762e-05
102303	Bank_of_America	0.94387286901474
102303	Online_banking	0.2030927538871765
102303	American_Plus_Bank	0.01784643717110157
102303	Wingspan_Bank	0.008890808559954166
102303	I-Bankers_Direct	0.006844507995992899
102303	Bank_of_America_Home_Loans	0.004227294120937586
102303	Security_First_Network_Bank	0.004024181514978409
102303	Bank_of_America_Canada	0.0013611246831715107
102303	Young_Americans_Bank	0.0002878153172787279
102303	American_River_Bank	7.488074334105477e-05
102417	The_Hunger_Games_(film)	0.9940009713172913
102417	The_Hunger_Games_(disambiguation)	0.9937173128128052
102417	The_Hunger_Games_(novel)	0.9825710654258728
102417	The_Hunger_Games	0.9822826981544495
102417	The_Hunger_Games_(film_series)	0.9774978756904602
102417	List_of_accolades_received_by_The_Hunger_Games_film_series	0.9687809348106384
102417	The_Hunger_Games:_Mockingjay_–_Part_1	0.9510271549224854
102417	The_Hunger_Pains	0.8588364720344543
102417	Mockingjay	0.8152087330818176
102417	Fictional_universe_of_The_Hunger_Games	0.7299942374229431
102418	The_Hunger_Games_(film)	0.965587854385376
102418	The_Hunger_Games_(disambiguation)	0.9595931768417358
102418	The_Hunger_Games	0.9160109758377075
102418	The_Hunger_Games_(novel)	0.911540687084198
102418	The_Hunger_Games_(film_series)	0.8863959312438965
102418	List_of_accolades_received_by_The_Hunger_Games_film_series	0.8111047148704529
102418	The_Hunger_Games:_Mockingjay_–_Part_1	0.6263046264648438
102418	The_Hunger_Pains	0.5109391808509827
102418	Fictional_universe_of_The_Hunger_Games	0.37664878368377686
102418	Mockingjay	0.2517656683921814
102523	Grease_2_(soundtrack)	0.9892676472663879
102523	Grease:_The_Original_Soundtrack_from_the_Motion_Picture	0.9795833230018616
102523	Grease_(film)	0.9596374034881592
102523	Grease_(musical)	0.8845551609992981
102523	Grease_(song)	0.595475435256958
102523	Grease_(video_game)	0.5318732261657715
102523	The_Grease_Megamix	0.1670910269021988
102523	Grease_2	0.10459119826555252
102523	Greased	0.09178528934717178
102523	Grease_Dance	0.09002214670181274
102528	Personality	0.9815875291824341
102528	Personality_development	0.8744612336158752
102528	Development_of_Personality	0.7457413673400879
102528	Personality_disorder	0.3256993293762207
102528	Personality_pathology	0.149811789393425
102528	Personality_changes	0.0653795525431633
102528	Subsolid_personality	0.017402460798621178
102528	Personality_theories_of_addiction	0.013727582059800625
102528	Character_structure	0.0067436909303069115
102528	Temperament_Isolation_Theory	0.005722226575016975
102540	Annabelle_Candy_Company	0.9964739680290222
102540	Annabelle_(film)	0.9964304566383362
102540	USS_Annabelle_(SP-1206)	0.9947744011878967
102540	Annabelle's	0.9867241978645325
102540	Annabelle:_Creation	0.9854125380516052
102540	Annabelle_Moore	0.9639525413513184
102540	Annabelle_(doll)	0.9594418406486511
102540	Annabelle_(magazine)	0.9065006375312805
102540	Annabelle_(singer)	0.8601235747337341
102540	Annabel	0.8394122123718262
102583	Africa_Cup_of_Nations	0.9941447377204895
102583	2013_Africa_Cup_of_Nations	0.9915784597396851
102583	Africa_Women_Cup_of_Nations	0.9116617441177368
102583	2010_Africa_Cup_of_Nations	0.8292165994644165
102583	2012_Africa_Cup_of_Nations	0.7714740633964539
102583	2015_Africa_Cup_of_Nations	0.7350162267684937
102583	2019_Africa_Cup_of_Nations	0.6006125211715698
102583	2017_Africa_Cup_of_Nations	0.5642053484916687
102583	2023_Africa_Cup_of_Nations	0.45546144247055054
102583	2021_Africa_Cup_of_Nations	0.373943954706192
102594	Musala	0.9881565570831299
102594	Musa_ka_Musala	0.9844505190849304
102594	Musa_Qala	0.9638804197311401
102594	Musa_ingens	0.9289881587028503
102594	Rila	0.741514265537262
102594	Musalla	0.3949938118457794
102594	Musa_Dağı_(Antalya_Province)	0.03254604712128639
102594	Maja_Harapit	0.011875337921082973
102594	Musa_(robot)	0.0027102867607027292
102594	3776	0.0016354476101696491
102600	Sausage_Party	0.9918045997619629
102600	Sausage_(album)	0.05106570944190025
102600	Sausage_(band)	0.035329420119524
102600	Dog_Party_(band)	0.006296862848103046
102600	Everybody_Loves_Sausages	0.004544587340205908
102600	Partyline	0.0009317104704678059
102600	Party_Monster_(song)	0.0006068760412745178
102600	Party_Animals_(album)	0.00025634930352680385
102600	Attitude_City	0.00015966668433975428
102600	Purgatory_Dance_Party	0.00013284117449074984
10261	English_Wikipedia	0.9987409710884094
10261	Simple_English_Wikipedia	0.9957137107849121
10261	Wikipedia	0.992960512638092
10261	Online_encyclopedia	0.9907844066619873
10261	Outline_of_Wikipedia	0.9851874113082886
10261	Dutch_Wikipedia	0.9392436742782593
10261	German_Wikipedia	0.9325458407402039
10261	Japanese_Wikipedia	0.9097736477851868
10261	Spanish_Wikipedia	0.8919972777366638
10261	Wikipedia_(disambiguation)	0.8505614399909973
10262	English_Wikipedia	0.9963269829750061
10262	Simple_English_Wikipedia	0.9828354716300964
10262	Wikipedia	0.9606784582138062
10262	Outline_of_Wikipedia	0.888180136680603
10262	Online_encyclopedia	0.8127509951591492
10262	Dutch_Wikipedia	0.6811152696609497
10262	Spanish_Wikipedia	0.6643770337104797
10262	German_Wikipedia	0.6248120665550232
10262	Wikipedia_(disambiguation)	0.5872915387153625
10262	Japanese_Wikipedia	0.523810625076294
102636	Stanley_Park	0.9543679356575012
102636	2016–17_UK_and_Ireland_windstorm_season	0.16108828783035278
102636	Hollow_Tree	0.1393980234861374
102636	2006_storms_in_Vancouver	0.12615369260311127
102636	Stanley_Park_(TV_series)	0.0010241619311273098
102636	Hanukkah_Eve_windstorm_of_2006	0.0009703355608507991
102636	February_13,_1979_windstorm	0.0006703733233734965
102636	Stanley_Park_Loop	0.00024956869310699403
102636	2008_Vancouver_tornado	0.00016034557484090328
102636	Southern_Ontario_tornado_outbreak_of_2005	0.00012245537072885782
102741	List_of_awards_and_nominations_received_by_Two_and_a_Half_Men	0.9959614872932434
102741	Two_and_a_Half_Men	0.9946082830429077
102741	Charlie_Sheen	0.9892949461936951
102741	Two_and_a_Half_Men_(season_9)	0.9165710806846619
102741	Two_and_a_Half_Men_(season_8)	0.8707890510559082
102741	Nice_to_Meet_You,_Walden_Schmidt	0.8409862518310547
102741	List_of_Two_and_a_Half_Men_characters	0.752242922782898
102741	Two_and_a_Half_Men_(season_11)	0.4288170039653778
102741	Two_and_a_Half_Men_(season_5)	0.2624799907207489
102741	Alan_Harper_(Two_and_a_Half_Men)	0.054221831262111664
102745	Uganda_Protectorate	0.9924725294113159
102745	Uganda_(Commonwealth_realm)	0.9805915951728821
102745	Postage_stamps_and_postal_history_of_East_Africa_and_Uganda_Protectorates	0.9258834719657898
102745	Early_history_of_Uganda	0.8995721340179443
102745	Uganda	0.894871711730957
102745	East_Africa_Protectorate	0.8543415665626526
102745	Queen_of_Uganda	0.751104474067688
102745	Kahaya_II	0.20283366739749908
102745	History_of_Uganda_(1962–71)	0.036658432334661484
102745	Uganda–Tanzania_War	0.01127313356846571
102784	Zoey_Deutch	0.9846278429031372
102784	Why_Him?	0.7679470777511597
102784	Stephanie_(film)	0.03892635554075241
102784	Stephanie_Scully	0.025495128706097603
102784	Stephanie_Plum	0.022527078166604042
102784	Stephanie_Wilkins	0.012229456566274166
102784	Zoe_Hanna	0.006955818273127079
102784	Ross_Butler_(actor)	0.00502517307177186
102784	Mary_Mouser	0.004180483985692263
102784	Zack_Loveday	0.0006526756915263832
102789	Burj_Khalifa	0.38891834020614624
102789	The_Mansion_at_Burj_Khalifa	0.029978806152939796
102789	Burj_Khalifa/Dubai_Mall_(Dubai_Metro)	0.020903954282402992
102789	Burj_Al_Alam	0.009985142387449741
102789	Burj_Mubarak_al-Kabir	0.009750302881002426
102789	Central–Mid-Levels_escalator_and_walkway_system	0.005176347214728594
102789	Dubai_Mixed-Use_Towers	0.0031795785762369633
102789	Huangguan_Escalator	0.002328123664483428
102789	Al-Asmakh_Tower	0.00017129506159108132
102789	Burj_Al_Anoud	9.735370986163616e-05
102797	Simon_Pegg	0.9918472766876221
102797	Simon_Neil	0.8153588771820068
102797	Simon_Thoumire	0.689830482006073
102797	Simon_Willis	0.5530886054039001
102797	Simon_R._Taylor	0.44226521253585815
102797	Simon_Stagg	0.1835266500711441
102797	Simon_Grigg	0.17946259677410126
102797	Mark_Pegg_(actor)	0.14133033156394958
102797	Duncan_Pegg	0.03325461968779564
102797	Mark_Pegg	0.010111235082149506
102872	Pharmacology	0.9912946820259094
102872	Clinical_pharmacology	0.9684802889823914
102872	Pharmacotoxicology	0.5390138626098633
102872	Biochemical_pharmacology	0.4441216289997101
102872	Institute_of_Pharmacology_of_the_Polish_Academy_of_Sciences	0.2884087562561035
102872	Dental_pharmacology	0.2752472758293152
102872	Systems_pharmacology	0.26244837045669556
102872	Pharmacognosy	0.24917565286159515
102872	Pharmaconomy	0.19139783084392548
102872	Biochemical_Pharmacology_(journal)	0.15434320271015167
102876	Julie_Bowen	0.9725296497344971
102876	Andrea_Bowen	0.19823119044303894
102876	Julie_Pinson	0.14832912385463715
102876	Debra_Bowen	0.010575685650110245
102876	Julie_Cobb	0.005983194801956415
102876	Julie_Harris_(actress)	0.005238116253167391
102876	Julie_Payne_(actress,_born_1940)	0.004675799980759621
102876	November_3	9.61890873441007e-06
102876	November_4	9.61890873441007e-06
102876	November_2	9.61890873441007e-06
102884	See_You_on_the_Other_Side_(Korn_album)	0.9832888245582581
102884	The_Other_Side_(Wynonna_Judd_album)	0.6606519222259521
102884	See_You_on_the_Other_Side_(Mercury_Rev_album)	0.46155864000320435
102884	The_Other_Sides_–_Elvis_Worldwide_Gold_Award_Hits_Vol._2	0.4012514352798462
102884	See_You_on_the_Other_Side_World_Tour	0.22373346984386444
102884	The_Other_Side_of_the_Mirror_(album)	0.1894400715827942
102884	See_You_on_the_Other_Side	0.14724048972129822
102884	The_Other_Side_(Billy_Ray_Cyrus_album)	0.14092423021793365
102884	The_Other_Side_of_Time	0.004027938470244408
102884	The_Other_Side_of_Something	0.0030601280741393566
102911	Reanimation_(Linkin_Park_album)	0.9975998997688293
102911	Reanimation	0.9822565913200378
102911	Reanimation_(Lights_&_Motion_album)	0.963355541229248
102911	List_of_songs_recorded_by_Linkin_Park	0.961330235004425
102911	Pts.OF.Athrty	0.8421657085418701
102911	Live_in_Texas_(Linkin_Park_album)	0.8083122372627258
102911	Runaway_(Linkin_Park_song)	0.8048608303070068
102911	In_the_End	0.5032896995544434
102911	One_Step_Closer_(Linkin_Park_song)	0.4636742174625397
102911	Final_Masquerade	0.03430546447634697
102986	Hannah_and_Her_Sisters	0.995606005191803
102986	An_American_Tragedy_(film)	0.5545599460601807
102986	Sisters_(1973_film)	0.4120340049266815
102986	Hannah_and_Her_Brothers	0.39001500606536865
102986	Sisters_(Steel_novel)	0.10387519001960754
102986	The_Sisters_Brothers	0.05498538166284561
102986	The_Sisters_(2005_film)	0.04798334836959839
102986	Hannah's_Law	0.013293762691318989
102986	Perfect_Sisters	0.003907214850187302
102986	The_Twa_Sisters	0.0031725680455565453
102990	Quay_(film)	0.9965932965278625
102990	Riverside_Museum	0.6813555955886841
102990	Quay_Valley,_California	0.6077544093132019
102990	Elizabeth_Quay	0.09335031360387802
102990	Quay_Bar	0.055746614933013916
102990	Corus_Quay	0.040051575750112534
102990	Baltic_Quay	0.03229773789644241
102990	The_Quay_Arts	0.02903909981250763
102990	Red_Quay	0.003862204495817423
102990	Waterfront_(1950_film)	1.6647554730297998e-05
10300	Air_assault	0.8466295003890991
10300	Air_Assault_Badge	0.20668496191501617
10300	Air_Assault_Task_Force	0.12279646098613739
10300	United_States_Army_Air_Assault_School	0.0703931674361229
10300	Benjamin_Harrison_(major_general)	0.02805534191429615
10300	Luftsturmregiment_40	0.01756688952445984
10300	Charles_Larimore_Jones	0.0033994109835475683
10300	229th_Aviation_Regiment_(United_States)	0.002149214269593358
10300	119th_Assault_Helicopter_Company	0.002011646516621113
10300	Aggressive_Christianity_Missionary_Training_Corps	0.00011625585466390476
103003	Kate_Walsh_(presenter)	0.9989587068557739
103003	Kate_Walsh	0.9918628931045532
103003	Kate_Walsh_(actress)	0.9325869083404541
103003	Kate_Walsh_(singer)	0.9293445944786072
103003	Kate_Richardson-Walsh	0.836835503578186
103003	Kate_Gosselin	0.7438159584999084
103003	Kathleen_Walsh	0.6277813911437988
103003	The_Kate_Smith_Show	0.6036907434463501
103003	Kate_Botello	0.5869011878967285
103003	Kate_McShane	0.5865470767021179
103040	Designated_Survivor_(TV_series)	0.9960046410560608
103040	Pilot_(Designated_Survivor)	0.864476203918457
103040	Survivor_(U.S._TV_series)	0.8351889252662659
103040	Survivors_(1975_TV_series)	0.6230400204658508
103040	Survivor_(UK_TV_series)	0.5379496216773987
103040	Survivor_(film)	0.1391502171754837
103040	Survivor_(Israel)	0.07945667207241058
103040	The_Survivor_(1995_film)	0.014528760686516762
103040	Survivor_(Japanese_TV_series)	0.011096550151705742
103040	Sole_Survivor_(novel)	0.0025628271978348494
103050	History_of_General_Motors	0.9808878898620605
103050	General_Motors	0.9701442122459412
103050	List_of_General_Motors_factories	0.9208501577377319
103050	Janesville_Assembly_Plant	0.629457414150238
103050	Lansing_Craft_Center	0.3952537178993225
103050	Flint_Truck_Assembly	0.3580206334590912
103050	Baltimore_Assembly	0.330064594745636
103050	General_Motors_Fairfax_Assembly_Plant	0.28322795033454895
103050	Norwood_Assembly	0.2444618046283722
103050	Detroit/Hamtramck_Assembly	0.2262764573097229
103051	Floyd_Mayweather_Jr.	0.9930450320243835
103051	Floyd_Mayweather_Sr.	0.9799322485923767
103051	Floyd_Mayweather_Jr._vs._Andre_Berto	0.826049268245697
103051	Roger_Mayweather	0.6397780179977417
103051	Floyd_Mayweather_Jr._vs._Robert_Guerrero	0.4198221266269684
103051	Floyd_Mayweather_Jr._vs._Carlos_Baldomir	0.29410430788993835
103051	Floyd_Mayweather_Jr._vs._Marcos_Maidana_II	0.2619321048259735
103051	Floyd_Mayweather_Jr._vs._Miguel_Cotto	0.2548263370990753
103051	Floyd_Mayweather_Jr._vs._Marcos_Maidana	0.20428679883480072
103051	Floyd_Mayweather_Jr._vs._Shane_Mosley	0.025090301409363747
103063	Hermit_crab	0.9834491610527039
103063	Australian_land_hermit_crab	0.6738047003746033
103063	Crab	0.5949276089668274
103063	Caribbean_hermit_crab	0.5885787606239319
103063	Paguristes_ulreyi	0.4803694784641266
103063	Pagurus_samuelis	0.27089545130729675
103063	Pylochelidae	0.1831548660993576
103063	King_crab	0.15222451090812683
103063	Pagurus_pollicaris	0.1351078599691391
103063	Anomura	0.12601307034492493
103084	Zoe_Akins	0.8436052203178406
103084	Zoe_Saldana	0.44069167971611023
103084	Theresa_Saldana	0.2636496424674988
103084	Zoe_Ducós	0.03854282572865486
103084	Zoë_Lund	0.018417181447148323
103084	Zoé_Valdés	0.012731572613120079
103084	Zoe_Rae	0.006077132187783718
103084	Loredana_Nusciak	0.002968361834064126
103084	Mercedes_Salisachs	0.0015523415058851242
103084	Margaret_Sullavan	0.0004613282217178494
103116	Jack_Dylan_Grazer	0.999290943145752
103116	Dylan_Cash	0.8514180183410645
103116	Dylan_Bluestone	0.783199667930603
103116	Andrew_Trischitta	0.18607649207115173
103116	Dylan_O'Brien	0.18286734819412231
103116	Dylan_Vox	0.12893076241016388
103116	Jacob_Tremblay	0.01987779326736927
103116	Whitney_Dylan	0.017444051802158356
103116	Max_Thieriot	0.012700618244707584
103116	Asa_Butterfield	0.0005607076454907656
103154	Sky_UK	0.9987902045249939
103154	Sky_and_Space_Global	0.9863444566726685
103154	Sky_plc	0.9852262139320374
103154	Sky_Digital	0.9507498145103455
103154	Sky_Broadband	0.8741301894187927
103154	Sky_1	0.8734413981437683
103154	Sky_Television	0.713396430015564
103154	UKCloud	0.37867265939712524
103154	Sky_Television_plc	0.3635650873184204
103154	Sky_Ireland	0.10972578078508377
103167	The_Love_Club_EP	0.9904986023902893
103167	The_Love_Club_(song)	0.9724622368812561
103167	1991_(EP)	0.9451872706413269
103167	Azealia_Banks_discography	0.9350962042808533
103167	Club_Single	0.05449262633919716
103167	Club_Test_01	0.05241379141807556
103167	Sex_(The_1975_EP)	0.05048206448554993
103167	Love_in_This_Club	0.04434339329600334
103167	Singles_Club_(EP)	0.028394117951393127
103167	Club_Test_02	0.02170269377529621
1032	Yin_and_yang	0.9879865050315857
1032	Yin_yang_(disambiguation)	0.7516524791717529
1032	The_body_in_traditional_Chinese_medicine	0.1474321335554123
1032	I_Ching_divination	0.08838994801044464
1032	School_of_Naturalists	0.0695086121559143
1032	Enantiodromia	0.005907856859266758
1032	Three_Pure_Ones	0.005263953469693661
1032	The_Book_of_Balance_and_Harmony	0.0014249284286051989
1032	Wu_Xing	0.0013104910030961037
1032	Metal_(Wu_Xing)	0.0008715394069440663
