5a713ea95542994082a3e6e4	33207209	6.888755798339844
5a713ea95542994082a3e6e4	3832663	-3.221041679382324
5a713ea95542994082a3e6e4	50398586	-3.7024006843566895
5a713ea95542994082a3e6e4	36063746	-6.063143730163574
5a713ea95542994082a3e6e4	15336760	-6.147248268127441
5a713ea95542994082a3e6e4	60056	-6.336592197418213
5a713ea95542994082a3e6e4	8970	-6.74837589263916
5a713ea95542994082a3e6e4	37105409	-6.871683597564697
5a713ea95542994082a3e6e4	1603032	-7.471994876861572
5a713ea95542994082a3e6e4	6884320	-8.178780555725098
5a7166395542994082a3e814	163327	5.274632930755615
5a7166395542994082a3e814	16822019	3.037574052810669
5a7166395542994082a3e814	170430	1.711965799331665
5a7166395542994082a3e814	19289345	1.2818129062652588
5a7166395542994082a3e814	6904062	1.2388648986816406
5a7166395542994082a3e814	24045768	1.0207877159118652
5a7166395542994082a3e814	28695986	0.295856773853302
5a7166395542994082a3e814	1419806	-1.9937418699264526
5a7166395542994082a3e814	25074352	-2.899683952331543
5a7166395542994082a3e814	7588662	-3.866305351257324
5a722b8655429971e9dc9329	1457187	6.838382720947266
5a722b8655429971e9dc9329	589843	5.066778182983398
5a722b8655429971e9dc9329	17250006	4.830401420593262
5a722b8655429971e9dc9329	14210140	4.721859455108643
5a722b8655429971e9dc9329	21683	3.9222748279571533
5a722b8655429971e9dc9329	27011420	3.9125609397888184
5a722b8655429971e9dc9329	1858650	3.6952555179595947
5a722b8655429971e9dc9329	11486336	-2.6645288467407227
5a722b8655429971e9dc9329	48966842	-4.374239921569824
5a722b8655429971e9dc9329	4393124	-7.56101131439209
5a7320565542991f9a20c61d	4301922	5.555377006530762
5a7320565542991f9a20c61d	956336	3.5522284507751465
5a7320565542991f9a20c61d	2734548	3.3615691661834717
5a7320565542991f9a20c61d	22874734	3.0086066722869873
5a7320565542991f9a20c61d	12356198	0.24754232168197632
5a7320565542991f9a20c61d	49454934	-1.2310667037963867
5a7320565542991f9a20c61d	14534266	-2.253023862838745
5a7320565542991f9a20c61d	36810975	-2.5693585872650146
5a7320565542991f9a20c61d	17184022	-4.829835891723633
5a7320565542991f9a20c61d	4975937	-9.354181289672852
5a74106b55429979e288289e	38215932	5.955672264099121
5a74106b55429979e288289e	42182160	4.5130109786987305
5a74106b55429979e288289e	54396890	-0.7895622253417969
5a74106b55429979e288289e	54102832	-0.8216668367385864
5a74106b55429979e288289e	4166622	-1.318799614906311
5a74106b55429979e288289e	20458273	-1.4347190856933594
5a74106b55429979e288289e	38012368	-1.586602807044983
5a74106b55429979e288289e	52637870	-2.121399402618408
5a74106b55429979e288289e	50760704	-4.605494976043701
5a74106b55429979e288289e	31009687	-5.252561569213867
5a7571135542992d0ec05f98	2901307	8.48819351196289
5a7571135542992d0ec05f98	27746052	1.9338679313659668
5a7571135542992d0ec05f98	30071593	-0.011324746534228325
5a7571135542992d0ec05f98	45639814	-0.9230247139930725
5a7571135542992d0ec05f98	7647152	-1.526361107826233
5a7571135542992d0ec05f98	2785594	-1.7825689315795898
5a7571135542992d0ec05f98	1713373	-3.9259986877441406
5a7571135542992d0ec05f98	50942466	-4.463403701782227
5a7571135542992d0ec05f98	47179398	-5.397823333740234
5a7571135542992d0ec05f98	1826256	-6.119540214538574
5a75e05c55429976ec32bc5f	10426459	4.299173355102539
5a75e05c55429976ec32bc5f	30083927	-5.597182273864746
5a75e05c55429976ec32bc5f	10945497	-5.689725399017334
5a75e05c55429976ec32bc5f	33438846	-5.800717353820801
5a75e05c55429976ec32bc5f	5621707	-6.040320873260498
5a75e05c55429976ec32bc5f	23729401	-7.029565811157227
5a75e05c55429976ec32bc5f	53955196	-7.413344383239746
5a75e05c55429976ec32bc5f	5166933	-8.603592872619629
5a75e05c55429976ec32bc5f	769075	-10.37755298614502
5a75e05c55429976ec32bc5f	10387327	-10.658247947692871
5a760ab65542994ccc918697	22376606	6.925020217895508
5a760ab65542994ccc918697	8370485	-3.180269718170166
5a760ab65542994ccc918697	53528449	-3.3023386001586914
5a760ab65542994ccc918697	6272587	-3.46730375289917
5a760ab65542994ccc918697	80140	-3.5048694610595703
5a760ab65542994ccc918697	5030380	-3.7073795795440674
5a760ab65542994ccc918697	19283265	-4.051733016967773
5a760ab65542994ccc918697	10608302	-4.824806213378906
5a760ab65542994ccc918697	42651331	-5.029032230377197
5a760ab65542994ccc918697	20340381	-5.497091770172119
5a7625e8554299109176e66a	49467677	8.817100524902344
5a7625e8554299109176e66a	47128403	4.721831798553467
5a7625e8554299109176e66a	42007718	4.4603352546691895
5a7625e8554299109176e66a	47089174	4.43330192565918
5a7625e8554299109176e66a	47254548	4.428894519805908
5a7625e8554299109176e66a	47108782	4.409782409667969
5a7625e8554299109176e66a	42317270	3.5338401794433594
5a7625e8554299109176e66a	49430716	3.4025537967681885
5a7625e8554299109176e66a	42033259	3.2161178588867188
5a7625e8554299109176e66a	2383948	-0.20258113741874695
5a77152355429966f1a36c2e	2995506	6.490501403808594
5a77152355429966f1a36c2e	13807392	4.730451583862305
5a77152355429966f1a36c2e	15863594	4.690476417541504
5a77152355429966f1a36c2e	296389	3.9598593711853027
5a77152355429966f1a36c2e	22381982	3.881119966506958
5a77152355429966f1a36c2e	22392117	3.8085832595825195
5a77152355429966f1a36c2e	2062731	3.2354578971862793
5a77152355429966f1a36c2e	6017866	3.1611132621765137
5a77152355429966f1a36c2e	6339145	3.0134940147399902
5a77152355429966f1a36c2e	5756339	2.89574933052063
5a7759fc5542993569682d60	2995850	8.195859909057617
5a7759fc5542993569682d60	10600778	7.983442783355713
5a7759fc5542993569682d60	2593119	2.6363582611083984
5a7759fc5542993569682d60	26895046	1.0657157897949219
5a7759fc5542993569682d60	43615463	-0.26403534412384033
5a7759fc5542993569682d60	55109	-0.27572309970855713
5a7759fc5542993569682d60	28114257	-0.837111234664917
5a7759fc5542993569682d60	36110554	-1.2257282733917236
5a7759fc5542993569682d60	3483372	-1.4046435356140137
5a7759fc5542993569682d60	39040173	-3.017150402069092
5a77724455429972597f153e	5222093	3.699131965637207
5a77724455429972597f153e	3663589	3.5606961250305176
5a77724455429972597f153e	1135746	0.13905662298202515
5a77724455429972597f153e	17880803	-0.03397058695554733
5a77724455429972597f153e	26011993	-0.15693646669387817
5a77724455429972597f153e	2226343	-0.2482980489730835
5a77724455429972597f153e	26228047	-0.4019581079483032
5a77724455429972597f153e	14981335	-1.4402787685394287
5a77724455429972597f153e	3750016	-2.8002960681915283
5a77724455429972597f153e	7144358	-4.177016258239746
5a77cb335542997042120b3a	13775302	5.83321475982666
5a77cb335542997042120b3a	54623564	4.265987873077393
5a77cb335542997042120b3a	995253	3.828502655029297
5a77cb335542997042120b3a	49097034	3.599994421005249
5a77cb335542997042120b3a	27144533	2.758683681488037
5a77cb335542997042120b3a	47643675	2.703735828399658
5a77cb335542997042120b3a	54723651	2.329000473022461
5a77cb335542997042120b3a	55261996	2.1102089881896973
5a77cb335542997042120b3a	48307740	1.703214406967163
5a77cb335542997042120b3a	44109925	1.3761663436889648
5a78bd9b554299078472774a	5618128	7.934904098510742
5a78bd9b554299078472774a	6185783	6.375027656555176
5a78bd9b554299078472774a	53461822	0.5444917678833008
5a78bd9b554299078472774a	813030	0.5167813301086426
5a78bd9b554299078472774a	8629437	-0.7706942558288574
5a78bd9b554299078472774a	16997496	-0.8407564163208008
5a78bd9b554299078472774a	106139	-2.460304021835327
5a78bd9b554299078472774a	49886258	-2.552980899810791
5a78bd9b554299078472774a	23180078	-4.825506210327148
5a78bd9b554299078472774a	39219923	-5.676233291625977
5a79311755429970f5fffe67	1053836	9.088129043579102
5a79311755429970f5fffe67	24151395	6.58426570892334
5a79311755429970f5fffe67	34156404	4.839414596557617
5a79311755429970f5fffe67	34732573	3.4518911838531494
5a79311755429970f5fffe67	7059328	2.729038953781128
5a79311755429970f5fffe67	21081057	2.5592429637908936
5a79311755429970f5fffe67	1055287	2.260129690170288
5a79311755429970f5fffe67	3700776	1.6203739643096924
5a79311755429970f5fffe67	671287	1.3585014343261719
5a79311755429970f5fffe67	12119947	0.8647013306617737
5a7a0e1e5542990783324e1a	13526140	7.351167678833008
5a7a0e1e5542990783324e1a	62888	3.7474324703216553
5a7a0e1e5542990783324e1a	62891	3.610220432281494
5a7a0e1e5542990783324e1a	766961	3.5641109943389893
5a7a0e1e5542990783324e1a	766926	1.1055700778961182
5a7a0e1e5542990783324e1a	685939	0.08277757465839386
5a7a0e1e5542990783324e1a	727677	-0.4281752407550812
5a7a0e1e5542990783324e1a	4082592	-0.5522254705429077
5a7a0e1e5542990783324e1a	796253	-2.3426663875579834
5a7a0e1e5542990783324e1a	26909232	-4.59827184677124
5a7bbb64554299042af8f7cc	39354179	4.31864070892334
5a7bbb64554299042af8f7cc	23960843	1.626358985900879
5a7bbb64554299042af8f7cc	53235326	0.9075232744216919
5a7bbb64554299042af8f7cc	3723961	0.8563467860221863
5a7bbb64554299042af8f7cc	33283088	-0.6137478351593018
5a7bbb64554299042af8f7cc	39252878	-1.970034122467041
5a7bbb64554299042af8f7cc	33687379	-4.531697750091553
5a7bbb64554299042af8f7cc	31100297	-4.957461833953857
5a7bbb64554299042af8f7cc	51514491	-5.693317413330078
5a7bbb64554299042af8f7cc	31486036	-5.941465377807617
5a7be2595542997c3ec972ac	238117	-0.43805062770843506
5a7be2595542997c3ec972ac	917616	-3.0320286750793457
5a7be2595542997c3ec972ac	11049383	-3.039130210876465
5a7be2595542997c3ec972ac	50892994	-3.354546070098877
5a7be2595542997c3ec972ac	42604783	-3.780885696411133
5a7be2595542997c3ec972ac	20097385	-3.921534776687622
5a7be2595542997c3ec972ac	15053909	-4.889573574066162
5a7be2595542997c3ec972ac	294908	-5.959794998168945
5a7be2595542997c3ec972ac	26209228	-6.154660701751709
5a7be2595542997c3ec972ac	18744400	-6.6342668533325195
5a7cc50e554299452d57ba3e	559324	5.506580352783203
5a7cc50e554299452d57ba3e	682294	2.8576862812042236
5a7cc50e554299452d57ba3e	17294296	2.6384308338165283
5a7cc50e554299452d57ba3e	189650	2.6365413665771484
5a7cc50e554299452d57ba3e	682273	1.7742329835891724
5a7cc50e554299452d57ba3e	682305	1.6702609062194824
5a7cc50e554299452d57ba3e	5562983	-0.0968904048204422
5a7cc50e554299452d57ba3e	8537613	-0.9475048780441284
5a7cc50e554299452d57ba3e	3565805	-4.147832870483398
5a7cc50e554299452d57ba3e	15654271	-6.247283935546875
5a7d54165542995f4f402256	4319752	6.621657848358154
5a7d54165542995f4f402256	3823869	4.876952171325684
5a7d54165542995f4f402256	3416349	3.987110137939453
5a7d54165542995f4f402256	3824084	3.507824659347534
5a7d54165542995f4f402256	24825689	2.8677968978881836
5a7d54165542995f4f402256	3533496	2.2617263793945312
5a7d54165542995f4f402256	36030068	1.731938123703003
5a7d54165542995f4f402256	176794	1.4675614833831787
5a7d54165542995f4f402256	142930	0.945978581905365
5a7d54165542995f4f402256	2751696	-0.16838839650154114
5a80721b554299485f5985ef	35527133	6.65617561340332
5a80721b554299485f5985ef	35081652	2.9603312015533447
5a80721b554299485f5985ef	35279534	1.9275269508361816
5a80721b554299485f5985ef	35518890	1.7543776035308838
5a80721b554299485f5985ef	41489707	0.6754946112632751
5a80721b554299485f5985ef	34915981	0.6741203665733337
5a80721b554299485f5985ef	35035937	0.2298276722431183
5a80721b554299485f5985ef	240900	-1.0556336641311646
5a80721b554299485f5985ef	44304579	-1.831231713294983
5a80721b554299485f5985ef	36927001	-3.3729991912841797
5a80840f554299485f59863b	18589083	5.499935150146484
5a80840f554299485f59863b	3583342	3.262118339538574
5a80840f554299485f59863b	21172539	0.9844915866851807
5a80840f554299485f59863b	25650659	-0.8161444664001465
5a80840f554299485f59863b	29540174	-1.8334276676177979
5a80840f554299485f59863b	21477287	-2.4865682125091553
5a80840f554299485f59863b	4100858	-4.138266563415527
5a80840f554299485f59863b	1781425	-4.702208518981934
5a80840f554299485f59863b	29290804	-5.31846284866333
5a80840f554299485f59863b	2504788	-6.5105767250061035
5a80b3a9554299485f5986cc	137593	8.268179893493652
5a80b3a9554299485f5986cc	8914502	6.119853973388672
5a80b3a9554299485f5986cc	4006534	4.1942667961120605
5a80b3a9554299485f5986cc	4007439	4.0386786460876465
5a80b3a9554299485f5986cc	137582	3.9822778701782227
5a80b3a9554299485f5986cc	4156637	3.467599868774414
5a80b3a9554299485f5986cc	36513143	3.3540687561035156
5a80b3a9554299485f5986cc	53393791	2.2621045112609863
5a80b3a9554299485f5986cc	21661154	-0.4868198335170746
5a80b3a9554299485f5986cc	6389263	-2.1839041709899902
5a8133725542995ce29dcbdb	504845	7.047272682189941
5a8133725542995ce29dcbdb	506708	5.407508850097656
5a8133725542995ce29dcbdb	6642349	4.890419006347656
5a8133725542995ce29dcbdb	17124944	3.9498038291931152
5a8133725542995ce29dcbdb	505456	2.8512628078460693
5a8133725542995ce29dcbdb	31567113	2.4638123512268066
5a8133725542995ce29dcbdb	16985335	2.4411230087280273
5a8133725542995ce29dcbdb	4355289	1.6820743083953857
5a8133725542995ce29dcbdb	505399	-1.3647087812423706
5a8133725542995ce29dcbdb	201108	-3.335245132446289
5a828c8355429966c78a6a50	767631	8.766532897949219
5a828c8355429966c78a6a50	7586794	5.462319374084473
5a828c8355429966c78a6a50	4234277	4.7140703201293945
5a828c8355429966c78a6a50	41416260	4.3741865158081055
5a828c8355429966c78a6a50	2941915	2.3222804069519043
5a828c8355429966c78a6a50	18611455	2.1559529304504395
5a828c8355429966c78a6a50	17571394	-1.3526897430419922
5a828c8355429966c78a6a50	3852227	-1.5147558450698853
5a828c8355429966c78a6a50	19745739	-2.1311142444610596
5a828c8355429966c78a6a50	17194573	-3.5034422874450684
5a835478554299123d8c20ed	55490	4.214775085449219
5a835478554299123d8c20ed	30860229	2.5735020637512207
5a835478554299123d8c20ed	231716	2.0403735637664795
5a835478554299123d8c20ed	30140114	-1.9047588109970093
5a835478554299123d8c20ed	7487249	-2.40109920501709
5a835478554299123d8c20ed	30140019	-2.899599552154541
5a835478554299123d8c20ed	30127730	-3.5172791481018066
5a835478554299123d8c20ed	7487347	-4.776789665222168
5a835478554299123d8c20ed	3076744	-4.804521560668945
5a835478554299123d8c20ed	7604657	-6.991670608520508
5a8361b65542992ef85e22a0	6686528	5.31934928894043
5a8361b65542992ef85e22a0	6685542	1.2255010604858398
5a8361b65542992ef85e22a0	6211907	-0.5757017135620117
5a8361b65542992ef85e22a0	1637027	-0.6005926132202148
5a8361b65542992ef85e22a0	10658465	-2.1205663681030273
5a8361b65542992ef85e22a0	1388080	-2.195882797241211
5a8361b65542992ef85e22a0	36279106	-2.781536102294922
5a8361b65542992ef85e22a0	10863665	-2.922394275665283
5a8361b65542992ef85e22a0	10976886	-3.465129852294922
5a8361b65542992ef85e22a0	40798843	-5.006258964538574
5a84c4135542994c784dda31	1331885	3.992218494415283
5a84c4135542994c784dda31	2011429	2.295844316482544
5a84c4135542994c784dda31	26499023	2.000398635864258
5a84c4135542994c784dda31	24749059	0.5799761414527893
5a84c4135542994c784dda31	18450110	-0.4670024514198303
5a84c4135542994c784dda31	26499026	-1.7961246967315674
5a84c4135542994c784dda31	23190485	-1.8603838682174683
5a84c4135542994c784dda31	26441711	-2.122929573059082
5a84c4135542994c784dda31	34844936	-2.2163853645324707
5a84c4135542994c784dda31	44473379	-2.2496743202209473
5a85b2d95542997b5ce40028	507437	6.865708351135254
5a85b2d95542997b5ce40028	282635	-0.21298380196094513
5a85b2d95542997b5ce40028	48779176	-2.5042617321014404
5a85b2d95542997b5ce40028	26618376	-2.575443744659424
5a85b2d95542997b5ce40028	5367625	-3.4667248725891113
5a85b2d95542997b5ce40028	22209192	-3.8470606803894043
5a85b2d95542997b5ce40028	10300911	-4.686976432800293
5a85b2d95542997b5ce40028	42448609	-5.787628173828125
5a85b2d95542997b5ce40028	5164286	-6.141514778137207
5a85b2d95542997b5ce40028	48803522	-7.024771213531494
5a85ea095542994775f606a8	18974107	5.451958179473877
5a85ea095542994775f606a8	42552298	0.23376299440860748
5a85ea095542994775f606a8	2535361	-0.3262523412704468
5a85ea095542994775f606a8	12342237	-0.4064059853553772
5a85ea095542994775f606a8	24155926	-0.5516170859336853
5a85ea095542994775f606a8	6529242	-1.285257339477539
5a85ea095542994775f606a8	12342028	-1.6322851181030273
5a85ea095542994775f606a8	27119449	-3.2859113216400146
5a85ea095542994775f606a8	3429982	-4.419732093811035
5a85ea095542994775f606a8	9045737	-4.877196788787842
5a85fb085542994775f606de	16267084	6.001107215881348
5a85fb085542994775f606de	37569726	5.497244834899902
5a85fb085542994775f606de	3438235	5.231527328491211
5a85fb085542994775f606de	4660171	4.554698944091797
5a85fb085542994775f606de	2184393	4.172966957092285
5a85fb085542994775f606de	5781218	3.9938814640045166
5a85fb085542994775f606de	16265867	3.939965009689331
5a85fb085542994775f606de	8056688	3.7980222702026367
5a85fb085542994775f606de	9401622	3.5014309883117676
5a85fb085542994775f606de	97734	2.241239547729492
5a86ebac55429960ec39b6d6	9714723	5.562877655029297
5a86ebac55429960ec39b6d6	37231747	4.862387180328369
5a86ebac55429960ec39b6d6	1213210	3.8401427268981934
5a86ebac55429960ec39b6d6	4863082	2.365492582321167
5a86ebac55429960ec39b6d6	2026780	1.7757805585861206
5a86ebac55429960ec39b6d6	48392568	-0.038720518350601196
5a86ebac55429960ec39b6d6	25687754	-2.3894944190979004
5a86ebac55429960ec39b6d6	50934180	-2.7709603309631348
5a86ebac55429960ec39b6d6	10138928	-3.8901124000549316
5a86ebac55429960ec39b6d6	3870849	-4.8120880126953125
5a877e5d5542993e715abf7d	101813	5.143446922302246
5a877e5d5542993e715abf7d	1820344	2.1224069595336914
5a877e5d5542993e715abf7d	15881207	2.006544589996338
5a877e5d5542993e715abf7d	20072102	1.194535255432129
5a877e5d5542993e715abf7d	48514654	0.897897481918335
5a877e5d5542993e715abf7d	15233424	0.4969925284385681
5a877e5d5542993e715abf7d	27691376	-0.12372434884309769
5a877e5d5542993e715abf7d	6559383	-1.1271458864212036
5a877e5d5542993e715abf7d	11956773	-1.613441824913025
5a877e5d5542993e715abf7d	1823450	-2.1865334510803223
5a87ab905542996e4f3088c1	3745972	5.159822463989258
5a87ab905542996e4f3088c1	1922186	3.4340806007385254
5a87ab905542996e4f3088c1	5478499	0.28471624851226807
5a87ab905542996e4f3088c1	2344903	-1.0507659912109375
5a87ab905542996e4f3088c1	7097436	-1.815394639968872
5a87ab905542996e4f3088c1	2369195	-2.187040328979492
5a87ab905542996e4f3088c1	4771288	-2.2220096588134766
5a87ab905542996e4f3088c1	7474473	-2.3226330280303955
5a87ab905542996e4f3088c1	49260989	-3.0286197662353516
5a87ab905542996e4f3088c1	50700757	-3.8583412170410156
5a87c13f5542996e4f30890c	46742178	3.500798463821411
5a87c13f5542996e4f30890c	11199165	3.374072551727295
5a87c13f5542996e4f30890c	45112500	3.3492093086242676
5a87c13f5542996e4f30890c	14261811	3.190575361251831
5a87c13f5542996e4f30890c	50924944	3.1127371788024902
5a87c13f5542996e4f30890c	37880336	2.4068217277526855
5a87c13f5542996e4f30890c	695055	2.211306571960449
5a87c13f5542996e4f30890c	12204056	0.9596573710441589
5a87c13f5542996e4f30890c	50924995	0.4397831857204437
5a87c13f5542996e4f30890c	18566585	-0.37393856048583984
5a88658955429938390d3f47	4824659	1.6706445217132568
5a88658955429938390d3f47	1029446	-3.730559825897217
5a88658955429938390d3f47	24645062	-6.965808391571045
5a88658955429938390d3f47	36971717	-8.101263046264648
5a88658955429938390d3f47	50291521	-8.327970504760742
5a88658955429938390d3f47	30409312	-8.584019660949707
5a88658955429938390d3f47	23600974	-8.922045707702637
5a88658955429938390d3f47	1191276	-8.975912094116211
5a88658955429938390d3f47	50586770	-9.623964309692383
5a88658955429938390d3f47	48481930	-11.189555168151855
5a8979f4554299669944a52e	16927497	7.779688835144043
5a8979f4554299669944a52e	12926065	6.829497814178467
5a8979f4554299669944a52e	54853057	-2.4607954025268555
5a8979f4554299669944a52e	49495791	-4.883242607116699
5a8979f4554299669944a52e	8144818	-5.077094078063965
5a8979f4554299669944a52e	40916638	-6.715259552001953
5a8979f4554299669944a52e	1941607	-7.195626258850098
5a8979f4554299669944a52e	50303888	-9.07773494720459
5a8979f4554299669944a52e	44307619	-9.47503662109375
5a8979f4554299669944a52e	2743196	-11.033422470092773
5a8a3e745542996c9b8d5e70	30600	8.356069564819336
5a8a3e745542996c9b8d5e70	315144	6.538870811462402
5a8a3e745542996c9b8d5e70	55348381	5.770401954650879
5a8a3e745542996c9b8d5e70	55396243	5.702805042266846
5a8a3e745542996c9b8d5e70	55348267	5.553825378417969
5a8a3e745542996c9b8d5e70	55396432	5.469529628753662
5a8a3e745542996c9b8d5e70	55348595	5.388035774230957
5a8a3e745542996c9b8d5e70	55397052	5.3737030029296875
5a8a3e745542996c9b8d5e70	12451973	4.1973876953125
5a8a3e745542996c9b8d5e70	41544625	0.2037031054496765
5a8a43eb5542996c9b8d5e82	6548000	4.30351448059082
5a8a43eb5542996c9b8d5e82	2923038	0.008259937167167664
5a8a43eb5542996c9b8d5e82	7216157	-0.8400577902793884
5a8a43eb5542996c9b8d5e82	2639822	-2.9961020946502686
5a8a43eb5542996c9b8d5e82	43738678	-4.075688362121582
5a8a43eb5542996c9b8d5e82	38982055	-4.671765327453613
5a8a43eb5542996c9b8d5e82	11359258	-4.724143028259277
5a8a43eb5542996c9b8d5e82	4630945	-4.882668972015381
5a8a43eb5542996c9b8d5e82	3446617	-5.049525737762451
5a8a43eb5542996c9b8d5e82	2684359	-7.081264495849609
5a8b20335542996c9b8d5fb3	42891950	2.078119993209839
5a8b20335542996c9b8d5fb3	807221	1.9486863613128662
5a8b20335542996c9b8d5fb3	243389	1.4334967136383057
5a8b20335542996c9b8d5fb3	17116053	1.3004244565963745
5a8b20335542996c9b8d5fb3	19169126	0.9995839595794678
5a8b20335542996c9b8d5fb3	15679811	0.26897865533828735
5a8b20335542996c9b8d5fb3	10957305	0.24584193527698517
5a8b20335542996c9b8d5fb3	25422438	-1.2585734128952026
5a8b20335542996c9b8d5fb3	17285433	-2.968254327774048
5a8b20335542996c9b8d5fb3	15685508	-3.635733127593994
5a8b57f25542995d1e6f1371	2816539	3.3941733837127686
5a8b57f25542995d1e6f1371	27996209	-2.939689874649048
5a8b57f25542995d1e6f1371	41668588	-3.0284221172332764
5a8b57f25542995d1e6f1371	43653262	-3.5970544815063477
5a8b57f25542995d1e6f1371	35370504	-3.630636215209961
5a8b57f25542995d1e6f1371	2571604	-3.6325178146362305
5a8b57f25542995d1e6f1371	3745444	-4.375856399536133
5a8b57f25542995d1e6f1371	31978030	-9.17249870300293
5a8b57f25542995d1e6f1371	31648889	-9.175468444824219
5a8b57f25542995d1e6f1371	12818262	-9.95254898071289
5a8c7595554299585d9e36b6	33022480	3.1976048946380615
5a8c7595554299585d9e36b6	37090987	2.0397067070007324
5a8c7595554299585d9e36b6	34389683	-2.0299580097198486
5a8c7595554299585d9e36b6	1774042	-3.1597414016723633
5a8c7595554299585d9e36b6	5399424	-4.062585830688477
5a8c7595554299585d9e36b6	31943641	-4.142789363861084
5a8c7595554299585d9e36b6	32610224	-5.092555046081543
5a8c7595554299585d9e36b6	1562557	-7.897583484649658
5a8c7595554299585d9e36b6	7249609	-8.208138465881348
5a8c7595554299585d9e36b6	27693775	-8.866325378417969
5a8db19d5542994ba4e3dd00	54905888	-3.740839958190918
5a8db19d5542994ba4e3dd00	46306809	-4.889369487762451
5a8db19d5542994ba4e3dd00	11006088	-6.181647777557373
5a8db19d5542994ba4e3dd00	86029	-6.439923286437988
5a8db19d5542994ba4e3dd00	55766	-6.806146144866943
5a8db19d5542994ba4e3dd00	49813	-7.461995601654053
5a8db19d5542994ba4e3dd00	11209462	-7.644002914428711
5a8db19d5542994ba4e3dd00	661769	-8.778165817260742
5a8db19d5542994ba4e3dd00	456541	-9.019099235534668
5a8db19d5542994ba4e3dd00	2119889	-9.483572006225586
5a8e068b5542995085b37384	12917945	2.8636059761047363
5a8e068b5542995085b37384	5202813	2.580411195755005
5a8e068b5542995085b37384	5202790	2.3326172828674316
5a8e068b5542995085b37384	35457672	2.160569667816162
5a8e068b5542995085b37384	46403494	1.9130271673202515
5a8e068b5542995085b37384	28261680	1.6565431356430054
5a8e068b5542995085b37384	4711111	1.5902003049850464
5a8e068b5542995085b37384	28264322	1.419419765472412
5a8e068b5542995085b37384	7406010	1.1378116607666016
5a8e068b5542995085b37384	338549	-0.0523197166621685
5a8e0a005542995085b373a1	31439676	5.170544147491455
5a8e0a005542995085b373a1	41160797	-3.37009859085083
5a8e0a005542995085b373a1	48249798	-4.564413070678711
5a8e0a005542995085b373a1	48505901	-4.776278495788574
5a8e0a005542995085b373a1	49549737	-4.791449069976807
5a8e0a005542995085b373a1	31445393	-5.133123397827148
5a8e0a005542995085b373a1	20629678	-5.523702144622803
5a8e0a005542995085b373a1	25583289	-6.229997634887695
5a8e0a005542995085b373a1	36051409	-7.690084457397461
5a8e0a005542995085b373a1	18406850	-8.526927947998047
5a8e1027554299653c1aa15f	30328453	4.995160102844238
5a8e1027554299653c1aa15f	41400568	4.952172756195068
5a8e1027554299653c1aa15f	26519035	4.917905330657959
5a8e1027554299653c1aa15f	35533561	4.768496513366699
5a8e1027554299653c1aa15f	30430836	4.622323036193848
5a8e1027554299653c1aa15f	26775162	4.370853424072266
5a8e1027554299653c1aa15f	52650610	2.9292259216308594
5a8e1027554299653c1aa15f	52621919	2.411987543106079
5a8e1027554299653c1aa15f	52612485	2.1155481338500977
5a8e1027554299653c1aa15f	52474986	-0.6041179895401001
5a8e3ea95542995a26add48d	41146297	7.474607467651367
5a8e3ea95542995a26add48d	4123241	1.8491020202636719
5a8e3ea95542995a26add48d	17292183	1.5709798336029053
5a8e3ea95542995a26add48d	25370032	0.741096019744873
5a8e3ea95542995a26add48d	13555251	0.009237594902515411
5a8e3ea95542995a26add48d	37584321	-2.2007949352264404
5a8e3ea95542995a26add48d	40783818	-4.112444877624512
5a8e3ea95542995a26add48d	12452884	-5.266880989074707
5a8e3ea95542995a26add48d	37998489	-5.729941368103027
5a8e3ea95542995a26add48d	32728918	-6.962409496307373
5a8ef2a75542995a26add583	51151231	7.775256156921387
5a8ef2a75542995a26add583	474202	2.996795415878296
5a8ef2a75542995a26add583	4126306	-2.2552590370178223
5a8ef2a75542995a26add583	44752216	-2.932471752166748
5a8ef2a75542995a26add583	14661857	-3.419307231903076
5a8ef2a75542995a26add583	52235687	-5.606178283691406
5a8ef2a75542995a26add583	3615930	-6.175961017608643
5a8ef2a75542995a26add583	54975954	-6.3671488761901855
5a8ef2a75542995a26add583	40673733	-7.397077560424805
5a8ef2a75542995a26add583	23433818	-8.386405944824219
5a8f4c8d554299458435d5a3	2686770	4.998861789703369
5a8f4c8d554299458435d5a3	30293057	-5.565977573394775
5a8f4c8d554299458435d5a3	6051432	-6.9300537109375
5a8f4c8d554299458435d5a3	31300655	-9.445270538330078
5a8f4c8d554299458435d5a3	93816	-10.058211326599121
5a8f4c8d554299458435d5a3	8130605	-11.06991958618164
5a8f4c8d554299458435d5a3	20848877	-11.096184730529785
5a8f4c8d554299458435d5a3	307697	-11.130878448486328
5a8f4c8d554299458435d5a3	8445040	-11.141571044921875
5a8f4c8d554299458435d5a3	9345489	-11.194068908691406
5ab29c24554299449642c932	12958	5.0558271408081055
5ab29c24554299449642c932	338175	4.665015697479248
5ab29c24554299449642c932	356933	3.8548269271850586
5ab29c24554299449642c932	409892	2.5263712406158447
5ab29c24554299449642c932	1944828	2.236889123916626
5ab29c24554299449642c932	9013078	1.9519426822662354
5ab29c24554299449642c932	26985633	1.7400381565093994
5ab29c24554299449642c932	4515552	1.0020477771759033
5ab29c24554299449642c932	8034914	0.3125154674053192
5ab29c24554299449642c932	3511823	-2.5519862174987793
5ab2d3df554299194fa9352c	53593530	3.642064094543457
5ab2d3df554299194fa9352c	3355829	2.791154384613037
5ab2d3df554299194fa9352c	18312894	-2.111687660217285
5ab2d3df554299194fa9352c	18294513	-2.7492361068725586
5ab2d3df554299194fa9352c	45662432	-3.155590295791626
5ab2d3df554299194fa9352c	2156348	-5.103183746337891
5ab2d3df554299194fa9352c	34307048	-6.962416648864746
5ab2d3df554299194fa9352c	54274916	-7.313530921936035
5ab2d3df554299194fa9352c	145309	-7.410675048828125
5ab2d3df554299194fa9352c	41553753	-10.85179328918457
5ab3b0bf5542992ade7c6e39	2837025	3.9571292400360107
5ab3b0bf5542992ade7c6e39	997939	3.3331334590911865
5ab3b0bf5542992ade7c6e39	675832	1.6163618564605713
5ab3b0bf5542992ade7c6e39	458890	0.5011109113693237
5ab3b0bf5542992ade7c6e39	11184661	-0.24870964884757996
5ab3b0bf5542992ade7c6e39	349213	-0.414740651845932
5ab3b0bf5542992ade7c6e39	7801486	-1.036205530166626
5ab3b0bf5542992ade7c6e39	448514	-1.2345081567764282
5ab3b0bf5542992ade7c6e39	97778	-3.7951648235321045
5ab3b0bf5542992ade7c6e39	2021322	-6.703685760498047
5ab3e45655429976abd1bcd4	38281459	6.211658477783203
5ab3e45655429976abd1bcd4	27546117	5.174773216247559
5ab3e45655429976abd1bcd4	28818188	4.993109703063965
5ab3e45655429976abd1bcd4	44294723	4.282100677490234
5ab3e45655429976abd1bcd4	22141825	3.986549139022827
5ab3e45655429976abd1bcd4	29920971	3.46675181388855
5ab3e45655429976abd1bcd4	26228256	3.395585536956787
5ab3e45655429976abd1bcd4	52015727	2.3039650917053223
5ab3e45655429976abd1bcd4	54396393	1.3784254789352417
5ab3e45655429976abd1bcd4	14517307	0.7657263278961182
5ab51dae5542991779162d82	262473	5.956719875335693
5ab51dae5542991779162d82	2080595	1.8418633937835693
5ab51dae5542991779162d82	1637981	0.9599617123603821
5ab51dae5542991779162d82	30865483	-0.6780695915222168
5ab51dae5542991779162d82	6742374	-0.7297806143760681
5ab51dae5542991779162d82	6751875	-0.7344980239868164
5ab51dae5542991779162d82	8634411	-0.8604520559310913
5ab51dae5542991779162d82	1617432	-1.1401225328445435
5ab51dae5542991779162d82	3749491	-1.4996426105499268
5ab51dae5542991779162d82	19472487	-1.5237013101577759
5ab56e32554299637185c594	16605491	2.638542652130127
5ab56e32554299637185c594	46505097	2.017073154449463
5ab56e32554299637185c594	32610187	-1.9688600301742554
5ab56e32554299637185c594	1295216	-4.027812957763672
5ab56e32554299637185c594	37460441	-5.4526872634887695
5ab56e32554299637185c594	47471400	-6.493333339691162
5ab56e32554299637185c594	1715589	-7.315736770629883
5ab56e32554299637185c594	37967269	-8.36420726776123
5ab56e32554299637185c594	40564867	-9.40906810760498
5ab56e32554299637185c594	1327762	-10.641339302062988
5ab6d09255429954757d337d	1530047	5.227163314819336
5ab6d09255429954757d337d	5369030	2.9049301147460938
5ab6d09255429954757d337d	1804754	2.896547555923462
5ab6d09255429954757d337d	17626035	2.5531423091888428
5ab6d09255429954757d337d	1797036	1.7481505870819092
5ab6d09255429954757d337d	760608	1.2063482999801636
5ab6d09255429954757d337d	20587251	1.0617643594741821
5ab6d09255429954757d337d	41040633	0.6881827116012573
5ab6d09255429954757d337d	8514213	-0.698411762714386
5ab6d09255429954757d337d	14862919	-1.1096831560134888
5ab84bf555429916710eb01f	39178180	3.8950250148773193
5ab84bf555429916710eb01f	167638	1.0606950521469116
5ab84bf555429916710eb01f	20210850	-1.3113574981689453
5ab84bf555429916710eb01f	14742754	-2.4541244506835938
5ab84bf555429916710eb01f	29588957	-2.987039566040039
5ab84bf555429916710eb01f	5599252	-3.298814535140991
5ab84bf555429916710eb01f	46289502	-3.849487781524658
5ab84bf555429916710eb01f	6154353	-4.427720069885254
5ab84bf555429916710eb01f	2606399	-4.650113582611084
5ab84bf555429916710eb01f	13791073	-6.733274459838867
5ab859a955429934fafe6d7b	4516517	3.8002610206604004
5ab859a955429934fafe6d7b	1519544	-1.2349534034729004
5ab859a955429934fafe6d7b	15163846	-2.011875629425049
5ab859a955429934fafe6d7b	24277417	-2.2783308029174805
5ab859a955429934fafe6d7b	1105499	-3.0693182945251465
5ab859a955429934fafe6d7b	24178931	-3.2524707317352295
5ab859a955429934fafe6d7b	4473418	-3.978348970413208
5ab859a955429934fafe6d7b	32658485	-4.1275434494018555
5ab859a955429934fafe6d7b	2259339	-5.267580032348633
5ab859a955429934fafe6d7b	9638224	-5.290895462036133
5ab96ab755429970cfb8eacd	47849140	6.462778568267822
5ab96ab755429970cfb8eacd	47839271	5.7660627365112305
5ab96ab755429970cfb8eacd	47885665	5.473850250244141
5ab96ab755429970cfb8eacd	47885714	5.303679943084717
5ab96ab755429970cfb8eacd	47885710	5.121355056762695
5ab96ab755429970cfb8eacd	48638095	4.986346244812012
5ab96ab755429970cfb8eacd	40343937	4.90913200378418
5ab96ab755429970cfb8eacd	36244031	4.861024856567383
5ab96ab755429970cfb8eacd	44165438	3.6566238403320312
5ab96ab755429970cfb8eacd	43546270	1.6304212808609009
5aba5d2e55429901930fa799	2386310	8.053106307983398
5aba5d2e55429901930fa799	27108609	0.6176779270172119
5aba5d2e55429901930fa799	50979709	-1.6517267227172852
5aba5d2e55429901930fa799	29964996	-3.838700771331787
5aba5d2e55429901930fa799	14976257	-4.763357162475586
5aba5d2e55429901930fa799	46641377	-5.30720329284668
5aba5d2e55429901930fa799	15914850	-6.923739910125732
5aba5d2e55429901930fa799	39630578	-7.007336616516113
5aba5d2e55429901930fa799	2504159	-8.379828453063965
5aba5d2e55429901930fa799	31650869	-9.513847351074219
5aba749055429901930fa7d8	21443964	2.670628309249878
5aba749055429901930fa7d8	5083097	-3.945406913757324
5aba749055429901930fa7d8	5083563	-4.090961456298828
5aba749055429901930fa7d8	27526398	-4.463756561279297
5aba749055429901930fa7d8	26736275	-4.587711334228516
5aba749055429901930fa7d8	7884167	-8.601994514465332
5aba749055429901930fa7d8	35278943	-10.329439163208008
5aba749055429901930fa7d8	21089601	-11.229692459106445
5aba749055429901930fa7d8	48074886	-11.413457870483398
5aba749055429901930fa7d8	22167619	-11.43331527709961
5aba7cfe554299232ef4a2fd	53991189	6.645492076873779
5aba7cfe554299232ef4a2fd	53921873	4.7400712966918945
5aba7cfe554299232ef4a2fd	54255474	4.518677711486816
5aba7cfe554299232ef4a2fd	53856916	3.569361448287964
5aba7cfe554299232ef4a2fd	54085003	3.4976625442504883
5aba7cfe554299232ef4a2fd	55244220	2.8049802780151367
5aba7cfe554299232ef4a2fd	53987406	2.648064613342285
5aba7cfe554299232ef4a2fd	54117138	1.7009382247924805
5aba7cfe554299232ef4a2fd	52158387	-0.05825688689947128
5aba7cfe554299232ef4a2fd	51791909	-0.23402541875839233
5abbf698554299114383a0b5	458748	6.43787956237793
5abbf698554299114383a0b5	201787	4.600699424743652
5abbf698554299114383a0b5	180834	4.583420753479004
5abbf698554299114383a0b5	20488	2.639568567276001
5abbf698554299114383a0b5	16510658	2.0221168994903564
5abbf698554299114383a0b5	24720153	1.8551379442214966
5abbf698554299114383a0b5	17366750	1.553572654724121
5abbf698554299114383a0b5	7283918	1.449576735496521
5abbf698554299114383a0b5	4023114	0.7893933653831482
5abbf698554299114383a0b5	28102603	-0.6130183935165405
5abc0a5d5542993f40c73c64	7623313	1.815504550933838
5abc0a5d5542993f40c73c64	28039883	1.3510074615478516
5abc0a5d5542993f40c73c64	5902241	-1.2237739562988281
5abc0a5d5542993f40c73c64	29271614	-2.747061014175415
5abc0a5d5542993f40c73c64	2039593	-3.1766090393066406
5abc0a5d5542993f40c73c64	42747282	-3.3461074829101562
5abc0a5d5542993f40c73c64	29154943	-3.369795322418213
5abc0a5d5542993f40c73c64	29155438	-3.9163503646850586
5abc0a5d5542993f40c73c64	4640734	-7.481561660766602
5abc0a5d5542993f40c73c64	17213566	-9.084982872009277
5abd259d55429924427fcf1a	1277632	5.3371052742004395
5abd259d55429924427fcf1a	16298123	3.746530055999756
5abd259d55429924427fcf1a	12887628	1.2627530097961426
5abd259d55429924427fcf1a	12887635	1.0673383474349976
5abd259d55429924427fcf1a	13138338	-1.0198419094085693
5abd259d55429924427fcf1a	53491018	-2.9292750358581543
5abd259d55429924427fcf1a	26574717	-5.046782493591309
5abd259d55429924427fcf1a	5914824	-5.592800617218018
5abd259d55429924427fcf1a	22494822	-5.682096481323242
5abd259d55429924427fcf1a	5825597	-6.192567348480225
5abd94525542992ac4f382d2	43665973	8.544437408447266
5abd94525542992ac4f382d2	48251442	6.9537529945373535
5abd94525542992ac4f382d2	52316807	6.651838779449463
5abd94525542992ac4f382d2	44696396	6.202476501464844
5abd94525542992ac4f382d2	40901645	6.172343730926514
5abd94525542992ac4f382d2	49285732	5.705704689025879
5abd94525542992ac4f382d2	4239171	5.492690563201904
5abd94525542992ac4f382d2	30838328	4.986788749694824
5abd94525542992ac4f382d2	52076032	4.972899436950684
5abd94525542992ac4f382d2	47480532	-0.06360310316085815
5abdf12255429976d4830a2f	1292882	6.5045576095581055
5abdf12255429976d4830a2f	276085	3.9495625495910645
5abdf12255429976d4830a2f	17153403	3.1582252979278564
5abdf12255429976d4830a2f	1292846	2.102505683898926
5abdf12255429976d4830a2f	1292568	1.029087781906128
5abdf12255429976d4830a2f	43701695	0.6269433498382568
5abdf12255429976d4830a2f	1292627	0.16261780261993408
5abdf12255429976d4830a2f	55334995	0.1287267953157425
5abdf12255429976d4830a2f	1292364	-0.05429771542549133
5abdf12255429976d4830a2f	4840952	-0.7173963189125061
5abf63f15542997ec76fd3ea	2543	4.188462257385254
5abf63f15542997ec76fd3ea	1224241	3.3686728477478027
5abf63f15542997ec76fd3ea	53714094	2.630777597427368
5abf63f15542997ec76fd3ea	18096	1.8790884017944336
5abf63f15542997ec76fd3ea	746652	0.36917662620544434
5abf63f15542997ec76fd3ea	22757430	-0.34280842542648315
5abf63f15542997ec76fd3ea	40229458	-0.7652114033699036
5abf63f15542997ec76fd3ea	201253	-1.2846057415008545
5abf63f15542997ec76fd3ea	1949566	-2.6257684230804443
5abf63f15542997ec76fd3ea	34852812	-7.0620856285095215
5abfb3425542990832d3a1c0	1761774	8.532064437866211
5abfb3425542990832d3a1c0	33142716	-0.28731873631477356
5abfb3425542990832d3a1c0	32185778	-1.3107526302337646
5abfb3425542990832d3a1c0	44011334	-1.5628185272216797
5abfb3425542990832d3a1c0	47714225	-2.3151254653930664
5abfb3425542990832d3a1c0	15860836	-5.800195693969727
5abfb3425542990832d3a1c0	38343220	-6.012728214263916
5abfb3425542990832d3a1c0	15861222	-6.200955390930176
5abfb3425542990832d3a1c0	38579575	-8.458112716674805
5abfb3425542990832d3a1c0	30490757	-9.506795883178711
5ac1b8ee5542994d76dccedc	42071381	5.702943325042725
5ac1b8ee5542994d76dccedc	17347878	5.434569835662842
5ac1b8ee5542994d76dccedc	23456488	-1.9709752798080444
5ac1b8ee5542994d76dccedc	51859706	-2.0222630500793457
5ac1b8ee5542994d76dccedc	3107532	-2.533616542816162
5ac1b8ee5542994d76dccedc	26074065	-3.567005157470703
5ac1b8ee5542994d76dccedc	6159638	-4.1833014488220215
5ac1b8ee5542994d76dccedc	161935	-4.196293830871582
5ac1b8ee5542994d76dccedc	2812893	-5.090450763702393
5ac1b8ee5542994d76dccedc	2513891	-7.492118835449219
5ac23ff0554299636651994d	15549454	10.000020980834961
5ac23ff0554299636651994d	21648185	8.194405555725098
5ac23ff0554299636651994d	10476537	6.290232181549072
5ac23ff0554299636651994d	34661759	5.253626823425293
5ac23ff0554299636651994d	18075168	5.124163627624512
5ac23ff0554299636651994d	35291593	4.666345596313477
5ac23ff0554299636651994d	2465627	4.499093055725098
5ac23ff0554299636651994d	15977096	4.470892429351807
5ac23ff0554299636651994d	1573228	2.3120875358581543
5ac23ff0554299636651994d	1720534	-0.15447235107421875
5ac2acff55429921a00ab02b	42534132	6.333197593688965
5ac2acff55429921a00ab02b	48672991	1.966667652130127
5ac2acff55429921a00ab02b	2972326	1.858394980430603
5ac2acff55429921a00ab02b	37406809	0.07914330065250397
5ac2acff55429921a00ab02b	39096060	-1.398392677307129
5ac2acff55429921a00ab02b	1164336	-2.059987783432007
5ac2acff55429921a00ab02b	46729099	-2.9288227558135986
5ac2acff55429921a00ab02b	47264900	-4.619897365570068
5ac2acff55429921a00ab02b	34964511	-4.954787254333496
5ac2acff55429921a00ab02b	1810196	-9.072701454162598
5ac3165c5542995ef918c10a	5093754	8.284520149230957
5ac3165c5542995ef918c10a	33077099	5.462730407714844
5ac3165c5542995ef918c10a	16459060	5.298696517944336
5ac3165c5542995ef918c10a	49585192	5.182397842407227
5ac3165c5542995ef918c10a	2086394	4.330818176269531
5ac3165c5542995ef918c10a	37766186	4.031965732574463
5ac3165c5542995ef918c10a	12786561	3.438263416290283
5ac3165c5542995ef918c10a	26166483	2.230365037918091
5ac3165c5542995ef918c10a	27175548	2.0074527263641357
5ac3165c5542995ef918c10a	36471042	0.16842207312583923
5adbf0a255429947ff17385a	20395866	5.302988529205322
5adbf0a255429947ff17385a	9421721	3.881488800048828
5adbf0a255429947ff17385a	18418717	1.4143320322036743
5adbf0a255429947ff17385a	20580334	0.707658588886261
5adbf0a255429947ff17385a	15439289	-0.04235077649354935
5adbf0a255429947ff17385a	18397365	-0.8866325616836548
5adbf0a255429947ff17385a	51137816	-1.435112714767456
5adbf0a255429947ff17385a	54161679	-2.6230552196502686
5adbf0a255429947ff17385a	54622339	-3.0258116722106934
5adbf0a255429947ff17385a	50082544	-3.043933391571045
5adc53f75542996e6852530a	37065076	3.0797269344329834
5adc53f75542996e6852530a	17165605	1.0701072216033936
5adc53f75542996e6852530a	1735969	0.9938435554504395
5adc53f75542996e6852530a	436114	0.9061089754104614
5adc53f75542996e6852530a	18595075	0.3945029079914093
5adc53f75542996e6852530a	18646015	-0.2810196876525879
5adc53f75542996e6852530a	1978883	-0.5403771996498108
5adc53f75542996e6852530a	1655280	-1.0811493396759033
5adc53f75542996e6852530a	2960489	-2.086480140686035
5adc53f75542996e6852530a	6837526	-10.201618194580078
5adccd795542990d50227d2c	17641312	2.7903220653533936
5adccd795542990d50227d2c	57400	2.471388578414917
5adccd795542990d50227d2c	17961799	1.3229217529296875
5adccd795542990d50227d2c	23726599	0.6773853302001953
5adccd795542990d50227d2c	9242054	0.590971052646637
5adccd795542990d50227d2c	23726613	-0.47986745834350586
5adccd795542990d50227d2c	25995891	-0.5963565111160278
5adccd795542990d50227d2c	36148986	-0.8470485210418701
5adccd795542990d50227d2c	25494458	-1.5552239418029785
5adccd795542990d50227d2c	25494482	-1.5581481456756592
5add61d65542995b365fab21	20979	0.3822316527366638
5add61d65542995b365fab21	37244287	-1.4901920557022095
5add61d65542995b365fab21	21622582	-5.284234523773193
5add61d65542995b365fab21	20698143	-7.520641326904297
5add61d65542995b365fab21	53450199	-8.5576753616333
5add61d65542995b365fab21	13490069	-8.924869537353516
5add61d65542995b365fab21	25889359	-9.671393394470215
5add61d65542995b365fab21	7220826	-9.683732986450195
5add61d65542995b365fab21	37571730	-10.302099227905273
5add61d65542995b365fab21	31958610	-11.166326522827148
5adddccd5542997dc7907069	2892101	7.419961929321289
5adddccd5542997dc7907069	48761315	4.3278584480285645
5adddccd5542997dc7907069	18438526	4.2046918869018555
5adddccd5542997dc7907069	1715675	3.3033604621887207
5adddccd5542997dc7907069	7505524	1.4661399126052856
5adddccd5542997dc7907069	3132886	0.6914165616035461
5adddccd5542997dc7907069	4277038	-1.1497538089752197
5adddccd5542997dc7907069	105803	-2.4841976165771484
5adddccd5542997dc7907069	42547746	-3.7570505142211914
5adddccd5542997dc7907069	20534924	-4.128700256347656
5adf37a95542995ec70e8f97	32971919	9.586320877075195
5adf37a95542995ec70e8f97	30675422	9.241643905639648
5adf37a95542995ec70e8f97	34980408	8.70114517211914
5adf37a95542995ec70e8f97	37431871	7.492823600769043
5adf37a95542995ec70e8f97	42600072	7.308399200439453
5adf37a95542995ec70e8f97	26726493	6.837048530578613
5adf37a95542995ec70e8f97	46180044	6.284605026245117
5adf37a95542995ec70e8f97	46302413	6.030373573303223
5adf37a95542995ec70e8f97	53534122	5.059222221374512
5adf37a95542995ec70e8f97	53059477	4.556431770324707
5ae005b555429942ec259bec	4985136	5.976229667663574
5ae005b555429942ec259bec	33073710	3.8957090377807617
5ae005b555429942ec259bec	8059144	1.893073320388794
5ae005b555429942ec259bec	3890124	1.8653714656829834
5ae005b555429942ec259bec	41553404	1.6214630603790283
5ae005b555429942ec259bec	2292805	-0.7800713777542114
5ae005b555429942ec259bec	33952001	-3.0223183631896973
5ae005b555429942ec259bec	37494725	-4.174531936645508
5ae005b555429942ec259bec	449780	-4.676054000854492
5ae005b555429942ec259bec	7962983	-5.131529808044434
5ae0361155429925eb1afc2c	16121408	7.882582187652588
5ae0361155429925eb1afc2c	17215709	7.075150489807129
5ae0361155429925eb1afc2c	2880924	5.764604568481445
5ae0361155429925eb1afc2c	24320236	4.168637752532959
5ae0361155429925eb1afc2c	37925230	3.745134115219116
5ae0361155429925eb1afc2c	1561418	3.5506317615509033
5ae0361155429925eb1afc2c	25002550	-0.16102221608161926
5ae0361155429925eb1afc2c	4551142	-3.3942370414733887
5ae0361155429925eb1afc2c	3506742	-4.755771636962891
5ae0361155429925eb1afc2c	8678373	-4.937843322753906
5ae0d4c9554299603e418468	1473416	8.054632186889648
5ae0d4c9554299603e418468	12519408	2.6723427772521973
5ae0d4c9554299603e418468	21239214	1.9201881885528564
5ae0d4c9554299603e418468	42924156	-1.4900147914886475
5ae0d4c9554299603e418468	20745797	-2.11856746673584
5ae0d4c9554299603e418468	23966054	-2.1875555515289307
5ae0d4c9554299603e418468	26312461	-3.4039249420166016
5ae0d4c9554299603e418468	1828134	-4.245382308959961
5ae0d4c9554299603e418468	54229599	-4.860577583312988
5ae0d4c9554299603e418468	53968792	-5.346060752868652
5ae1f4cb554299234fd0436d	28269565	5.98942756652832
5ae1f4cb554299234fd0436d	28195036	4.094361305236816
5ae1f4cb554299234fd0436d	28195125	4.083413124084473
5ae1f4cb554299234fd0436d	28269605	4.066025733947754
5ae1f4cb554299234fd0436d	28355107	3.7961840629577637
5ae1f4cb554299234fd0436d	28270182	3.742018461227417
5ae1f4cb554299234fd0436d	28355231	3.564091682434082
5ae1f4cb554299234fd0436d	28194876	2.4639017581939697
5ae1f4cb554299234fd0436d	31407957	2.363999605178833
5ae1f4cb554299234fd0436d	28194687	1.657401204109192
5ae2070a5542994d89d5b313	885946	-1.7517695426940918
5ae2070a5542994d89d5b313	7940472	-4.541075706481934
5ae2070a5542994d89d5b313	32806237	-4.767060279846191
5ae2070a5542994d89d5b313	886376	-4.997204780578613
5ae2070a5542994d89d5b313	886368	-5.259864807128906
5ae2070a5542994d89d5b313	32806328	-5.36868953704834
5ae2070a5542994d89d5b313	6177676	-6.117727756500244
5ae2070a5542994d89d5b313	7286988	-6.546618461608887
5ae2070a5542994d89d5b313	4827953	-9.612588882446289
5ae2070a5542994d89d5b313	4452822	-10.673620223999023
5ae224da554299234fd043ee	8714261	3.5823397636413574
5ae224da554299234fd043ee	1257175	1.6995538473129272
5ae224da554299234fd043ee	1317570	-3.90206241607666
5ae224da554299234fd043ee	11902122	-4.142819881439209
5ae224da554299234fd043ee	8454277	-4.194993019104004
5ae224da554299234fd043ee	29319622	-4.385062217712402
5ae224da554299234fd043ee	25974209	-4.486506938934326
5ae224da554299234fd043ee	387854	-5.061956405639648
5ae224da554299234fd043ee	11740466	-5.354224681854248
5ae224da554299234fd043ee	53089110	-8.243937492370605
5ae22b8d554299234fd0440f	413284	5.313562870025635
5ae22b8d554299234fd0440f	2482563	2.6716103553771973
5ae22b8d554299234fd0440f	38094609	-1.373189926147461
5ae22b8d554299234fd0440f	36217266	-1.3876852989196777
5ae22b8d554299234fd0440f	51394492	-2.061983108520508
5ae22b8d554299234fd0440f	51830556	-2.318923234939575
5ae22b8d554299234fd0440f	33539902	-2.40145206451416
5ae22b8d554299234fd0440f	24953	-2.457551956176758
5ae22b8d554299234fd0440f	52041779	-3.2563984394073486
5ae22b8d554299234fd0440f	42485556	-4.119516372680664
5ae2b770554299495565db0f	24001154	6.393846035003662
5ae2b770554299495565db0f	25270467	3.693211078643799
5ae2b770554299495565db0f	33452735	1.485856056213379
5ae2b770554299495565db0f	30350685	1.1753356456756592
5ae2b770554299495565db0f	422489	0.10757182538509369
5ae2b770554299495565db0f	33004840	0.024895183742046356
5ae2b770554299495565db0f	52719195	-1.6712911128997803
5ae2b770554299495565db0f	35044471	-3.9689714908599854
5ae2b770554299495565db0f	20982696	-4.8758649826049805
5ae2b770554299495565db0f	2575617	-6.741070747375488
5ae2dd2055429928c423950d	31548706	8.63548469543457
5ae2dd2055429928c423950d	124942	8.17874526977539
5ae2dd2055429928c423950d	24907873	4.403507709503174
5ae2dd2055429928c423950d	42011160	3.1991450786590576
5ae2dd2055429928c423950d	93511	2.9040377140045166
5ae2dd2055429928c423950d	93453	2.499958038330078
5ae2dd2055429928c423950d	93499	2.4775776863098145
5ae2dd2055429928c423950d	93509	2.028292179107666
5ae2dd2055429928c423950d	18130187	0.2547810673713684
5ae2dd2055429928c423950d	13427107	-0.9946662187576294
5ae32e125542991a06ce9946	16784040	6.85800313949585
5ae32e125542991a06ce9946	27792511	4.893792152404785
5ae32e125542991a06ce9946	3108864	2.2608132362365723
5ae32e125542991a06ce9946	6413084	1.5631006956100464
5ae32e125542991a06ce9946	4354739	-1.503159999847412
5ae32e125542991a06ce9946	2767281	-1.9852865934371948
5ae32e125542991a06ce9946	230899	-2.859807014465332
5ae32e125542991a06ce9946	13122688	-3.1390185356140137
5ae32e125542991a06ce9946	136320	-3.4792640209198
5ae32e125542991a06ce9946	39246499	-4.291604042053223
5ae33c4d5542992f92d82262	5369054	5.140125274658203
5ae33c4d5542992f92d82262	10960535	-0.9311884641647339
5ae33c4d5542992f92d82262	6208052	-0.9562532305717468
5ae33c4d5542992f92d82262	10170608	-1.5655431747436523
5ae33c4d5542992f92d82262	6512795	-5.2005534172058105
5ae33c4d5542992f92d82262	51446191	-5.631586074829102
5ae33c4d5542992f92d82262	30262479	-6.287097930908203
5ae33c4d5542992f92d82262	5636495	-6.779348373413086
5ae33c4d5542992f92d82262	37198082	-6.927371978759766
5ae33c4d5542992f92d82262	8460815	-8.24033260345459
5ae37c765542992f92d822d4	105406	8.431568145751953
5ae37c765542992f92d822d4	202652	6.440624713897705
5ae37c765542992f92d822d4	8609183	3.8824143409729004
5ae37c765542992f92d822d4	25926891	2.5666117668151855
5ae37c765542992f92d822d4	44367994	2.1433722972869873
5ae37c765542992f92d822d4	10189121	1.3980841636657715
5ae37c765542992f92d822d4	27609842	1.1862244606018066
5ae37c765542992f92d822d4	46855152	0.8641690015792847
5ae37c765542992f92d822d4	9955541	0.7855019569396973
5ae37c765542992f92d822d4	23478745	-1.6892791986465454
5ae4a3265542995ad6573de5	978819	4.902791976928711
5ae4a3265542995ad6573de5	3208352	2.16207218170166
5ae4a3265542995ad6573de5	22966091	1.9778146743774414
5ae4a3265542995ad6573de5	15199401	1.8273087739944458
5ae4a3265542995ad6573de5	15199619	1.6584734916687012
5ae4a3265542995ad6573de5	8602447	1.3923406600952148
5ae4a3265542995ad6573de5	2003297	1.3714133501052856
5ae4a3265542995ad6573de5	16825549	0.8752669095993042
5ae4a3265542995ad6573de5	13161789	0.2515186667442322
5ae4a3265542995ad6573de5	4335092	-2.2046070098876953
5ae53b545542990ba0bbb23c	6252189	8.208767890930176
5ae53b545542990ba0bbb23c	7073876	6.5072407722473145
5ae53b545542990ba0bbb23c	3600997	3.973564624786377
5ae53b545542990ba0bbb23c	6306430	-0.3508039712905884
5ae53b545542990ba0bbb23c	15054324	-0.4840427339076996
5ae53b545542990ba0bbb23c	7086011	-0.5140753388404846
5ae53b545542990ba0bbb23c	7099536	-1.2946780920028687
5ae53b545542990ba0bbb23c	9031466	-1.338738203048706
5ae53b545542990ba0bbb23c	7074182	-1.9068717956542969
5ae53b545542990ba0bbb23c	18818890	-2.211463212966919
5ae5736e5542990ba0bbb2b3	18306417	7.8971147537231445
5ae5736e5542990ba0bbb2b3	53625000	5.472931385040283
5ae5736e5542990ba0bbb2b3	51795177	5.018965721130371
5ae5736e5542990ba0bbb2b3	54552158	4.901425361633301
5ae5736e5542990ba0bbb2b3	54527639	4.442606449127197
5ae5736e5542990ba0bbb2b3	50736386	3.3748559951782227
5ae5736e5542990ba0bbb2b3	29652927	3.247300624847412
5ae5736e5542990ba0bbb2b3	53330207	2.4894425868988037
5ae5736e5542990ba0bbb2b3	50892648	1.3559718132019043
5ae5736e5542990ba0bbb2b3	18312561	1.1837905645370483
5ae5aba0554299546bf82f17	315567	8.214628219604492
5ae5aba0554299546bf82f17	55135020	8.214628219604492
5ae5aba0554299546bf82f17	48544118	7.6922607421875
5ae5aba0554299546bf82f17	1231892	6.999159812927246
5ae5aba0554299546bf82f17	48763449	6.967226505279541
5ae5aba0554299546bf82f17	42750637	3.6608777046203613
5ae5aba0554299546bf82f17	861898	3.1666924953460693
5ae5aba0554299546bf82f17	36152594	2.4079067707061768
5ae5aba0554299546bf82f17	537983	1.2169041633605957
5ae5aba0554299546bf82f17	6816652	0.9761031270027161
5ae6050f55429929b0807a5e	8539872	5.031116485595703
5ae6050f55429929b0807a5e	4621264	3.7208025455474854
5ae6050f55429929b0807a5e	54493891	2.884355306625366
5ae6050f55429929b0807a5e	651486	2.206122398376465
5ae6050f55429929b0807a5e	2966155	2.128448247909546
5ae6050f55429929b0807a5e	1684239	0.8971005082130432
5ae6050f55429929b0807a5e	3094659	0.6230002641677856
5ae6050f55429929b0807a5e	11784139	-0.9089138507843018
5ae6050f55429929b0807a5e	8584965	-1.54826021194458
5ae6050f55429929b0807a5e	8538468	-1.906721591949463
5ae73acb5542991e8301cc07	12927792	3.538064956665039
5ae73acb5542991e8301cc07	20088244	-0.3072340786457062
5ae73acb5542991e8301cc07	1390192	-1.7537853717803955
5ae73acb5542991e8301cc07	577975	-1.9160997867584229
5ae73acb5542991e8301cc07	4520456	-1.940765380859375
5ae73acb5542991e8301cc07	6664350	-3.1903023719787598
5ae73acb5542991e8301cc07	14250589	-4.881320953369141
5ae73acb5542991e8301cc07	1804365	-5.970273971557617
5ae73acb5542991e8301cc07	19214047	-7.704075336456299
5ae73acb5542991e8301cc07	7623330	-10.79155158996582
5ae7a8175542993210983ed8	38828650	6.223711967468262
5ae7a8175542993210983ed8	24584690	2.824275493621826
5ae7a8175542993210983ed8	29878092	1.8704349994659424
5ae7a8175542993210983ed8	34212260	1.3840316534042358
5ae7a8175542993210983ed8	4192293	0.7368096113204956
5ae7a8175542993210983ed8	675561	0.31437721848487854
5ae7a8175542993210983ed8	1123252	-0.6285507678985596
5ae7a8175542993210983ed8	10120476	-0.6823989152908325
5ae7a8175542993210983ed8	15526447	-1.0462452173233032
5ae7a8175542993210983ed8	7672518	-3.613722324371338
5ae7ba7a5542993210983f12	12960591	3.2140793800354004
5ae7ba7a5542993210983f12	30688598	2.4054653644561768
5ae7ba7a5542993210983f12	8250737	2.391988754272461
5ae7ba7a5542993210983f12	11156767	1.3826102018356323
5ae7ba7a5542993210983f12	24541695	1.2530994415283203
5ae7ba7a5542993210983f12	12721344	1.238542079925537
5ae7ba7a5542993210983f12	36745233	0.8834061026573181
5ae7ba7a5542993210983f12	4565024	0.7614153027534485
5ae7ba7a5542993210983f12	22459494	0.319206178188324
5ae7ba7a5542993210983f12	4349307	-2.310265064239502
5ae7e1fc55429952e35ea9cc	5613710	8.55927848815918
5ae7e1fc55429952e35ea9cc	24104048	1.5646607875823975
5ae7e1fc55429952e35ea9cc	2553848	0.7185713648796082
5ae7e1fc55429952e35ea9cc	20951145	-3.224808692932129
5ae7e1fc55429952e35ea9cc	26114702	-4.576979637145996
5ae7e1fc55429952e35ea9cc	1470932	-4.909737586975098
5ae7e1fc55429952e35ea9cc	39829353	-6.426923751831055
5ae7e1fc55429952e35ea9cc	48023830	-6.7922821044921875
5ae7e1fc55429952e35ea9cc	2459883	-7.424201965332031
5ae7e1fc55429952e35ea9cc	4677189	-9.900066375732422
