5a713ea95542994082a3e6e4	33207209	1.1090161800384521
5a713ea95542994082a3e6e4	8643975	0.7715801000595093
5a713ea95542994082a3e6e4	618528	0.7068983912467957
5a713ea95542994082a3e6e4	32798574	0.6903359889984131
5a713ea95542994082a3e6e4	600295	0.6650195717811584
5a713ea95542994082a3e6e4	18919861	0.6418294906616211
5a713ea95542994082a3e6e4	30438571	0.6312140822410583
5a713ea95542994082a3e6e4	16346188	0.6244315505027771
5a713ea95542994082a3e6e4	54437849	0.6208612322807312
5a713ea95542994082a3e6e4	1750523	0.6061654090881348
5a7166395542994082a3e814	163327	0.853827953338623
5a7166395542994082a3e814	12126245	0.8204396963119507
5a7166395542994082a3e814	28635126	0.8070904016494751
5a7166395542994082a3e814	18969152	0.8054056763648987
5a7166395542994082a3e814	33458809	0.774539053440094
5a7166395542994082a3e814	1830756	0.7724621295928955
5a7166395542994082a3e814	4530633	0.7668558955192566
5a7166395542994082a3e814	12232503	0.7521167993545532
5a7166395542994082a3e814	40612045	0.6949133276939392
5a7166395542994082a3e814	14531184	0.6158847808837891
5a722b8655429971e9dc9329	1457187	0.9495438933372498
5a722b8655429971e9dc9329	17250006	0.859127938747406
5a722b8655429971e9dc9329	14210140	0.8567371368408203
5a722b8655429971e9dc9329	27011420	0.8388046026229858
5a722b8655429971e9dc9329	589843	0.8199582695960999
5a722b8655429971e9dc9329	28829707	0.8017293810844421
5a722b8655429971e9dc9329	21683	0.7936384677886963
5a722b8655429971e9dc9329	5242095	0.6732664704322815
5a722b8655429971e9dc9329	39494606	0.6526892185211182
5a722b8655429971e9dc9329	98513	0.5401192307472229
5a7320565542991f9a20c61d	4301922	0.7172415256500244
5a7320565542991f9a20c61d	2734548	0.644836962223053
5a7320565542991f9a20c61d	2923395	0.5787717700004578
5a7320565542991f9a20c61d	17438105	0.5718544721603394
5a7320565542991f9a20c61d	9921571	0.5656319856643677
5a7320565542991f9a20c61d	956336	0.5641440153121948
5a7320565542991f9a20c61d	38330112	0.5538967251777649
5a7320565542991f9a20c61d	20860521	0.5477752685546875
5a7320565542991f9a20c61d	848809	0.5245155692100525
5a7320565542991f9a20c61d	5591509	0.43371817469596863
5a74106b55429979e288289e	38215932	1.0285049676895142
5a74106b55429979e288289e	42182160	0.8047592043876648
5a74106b55429979e288289e	17036858	0.7581270933151245
5a74106b55429979e288289e	31911909	0.6804354190826416
5a74106b55429979e288289e	42991559	0.6448246240615845
5a74106b55429979e288289e	39029468	0.6301708221435547
5a74106b55429979e288289e	14583673	0.5993896722793579
5a74106b55429979e288289e	13419337	0.585382342338562
5a74106b55429979e288289e	11824669	0.561623215675354
5a74106b55429979e288289e	26912003	0.545815110206604
5a7571135542992d0ec05f98	2901307	1.1159156560897827
5a7571135542992d0ec05f98	31193004	0.8508340120315552
5a7571135542992d0ec05f98	27746052	0.8208574652671814
5a7571135542992d0ec05f98	45639814	0.814032256603241
5a7571135542992d0ec05f98	46220603	0.7886065244674683
5a7571135542992d0ec05f98	34364840	0.7697550654411316
5a7571135542992d0ec05f98	14160505	0.7539088726043701
5a7571135542992d0ec05f98	20545614	0.6921975016593933
5a7571135542992d0ec05f98	50339337	0.6552413702011108
5a7571135542992d0ec05f98	22546608	0.6540886163711548
5a75e05c55429976ec32bc5f	10426459	0.9668291211128235
5a75e05c55429976ec32bc5f	135573	0.9033170938491821
5a75e05c55429976ec32bc5f	139604	0.8612201809883118
5a75e05c55429976ec32bc5f	51116092	0.8282574415206909
5a75e05c55429976ec32bc5f	24740921	0.8124299049377441
5a75e05c55429976ec32bc5f	1936975	0.8021281957626343
5a75e05c55429976ec32bc5f	54055758	0.790003776550293
5a75e05c55429976ec32bc5f	11373431	0.7838694453239441
5a75e05c55429976ec32bc5f	48074102	0.7696754336357117
5a75e05c55429976ec32bc5f	5576543	0.6108807921409607
5a760ab65542994ccc918697	22376606	0.7542080283164978
5a760ab65542994ccc918697	726401	0.528423547744751
5a760ab65542994ccc918697	1136391	0.5264369249343872
5a760ab65542994ccc918697	31905384	0.49835413694381714
5a760ab65542994ccc918697	5030380	0.49562662839889526
5a760ab65542994ccc918697	22672762	0.4927835166454315
5a760ab65542994ccc918697	53729479	0.47375065088272095
5a760ab65542994ccc918697	1603322	0.47083961963653564
5a760ab65542994ccc918697	5596379	0.46638965606689453
5a760ab65542994ccc918697	92201	0.45563939213752747
5a7625e8554299109176e66a	49467677	1.2040774822235107
5a7625e8554299109176e66a	48972510	1.1207289695739746
5a7625e8554299109176e66a	49453369	1.1075716018676758
5a7625e8554299109176e66a	41968682	1.0498113632202148
5a7625e8554299109176e66a	49472560	1.0494122505187988
5a7625e8554299109176e66a	47254548	0.9696105718612671
5a7625e8554299109176e66a	49474148	0.9662500023841858
5a7625e8554299109176e66a	47128403	0.9397667050361633
5a7625e8554299109176e66a	47089174	0.9338841438293457
5a7625e8554299109176e66a	47108782	0.9277733564376831
5a77152355429966f1a36c2e	2995506	0.9805163741111755
5a77152355429966f1a36c2e	15863594	0.8752204179763794
5a77152355429966f1a36c2e	665209	0.8597694635391235
5a77152355429966f1a36c2e	13807392	0.7947371006011963
5a77152355429966f1a36c2e	5283978	0.7399466037750244
5a77152355429966f1a36c2e	43305233	0.6655940413475037
5a77152355429966f1a36c2e	37653157	0.6500363349914551
5a77152355429966f1a36c2e	17402474	0.6021331548690796
5a77152355429966f1a36c2e	52299989	0.5942854881286621
5a77152355429966f1a36c2e	21731	0.5293378233909607
5a7759fc5542993569682d60	2995850	1.0960962772369385
5a7759fc5542993569682d60	10600778	0.959308385848999
5a7759fc5542993569682d60	36253413	0.8616669178009033
5a7759fc5542993569682d60	24927420	0.8256403803825378
5a7759fc5542993569682d60	36177987	0.7862784266471863
5a7759fc5542993569682d60	41999350	0.7778937220573425
5a7759fc5542993569682d60	37644221	0.7561604380607605
5a7759fc5542993569682d60	48943114	0.7495718002319336
5a7759fc5542993569682d60	31169581	0.7266442775726318
5a7759fc5542993569682d60	31119775	0.7195885181427002
5a77724455429972597f153e	5196664	0.9346263408660889
5a77724455429972597f153e	5222093	0.9241311550140381
5a77724455429972597f153e	2220403	0.8845548033714294
5a77724455429972597f153e	1621475	0.8595144748687744
5a77724455429972597f153e	21328413	0.8511137366294861
5a77724455429972597f153e	39397021	0.7832015156745911
5a77724455429972597f153e	10359582	0.7747544050216675
5a77724455429972597f153e	39402016	0.7697920799255371
5a77724455429972597f153e	16493961	0.7255005240440369
5a77724455429972597f153e	1776260	0.7251812815666199
5a77cb335542997042120b3a	54623564	0.9259121417999268
5a77cb335542997042120b3a	995253	0.9240838885307312
5a77cb335542997042120b3a	13775302	0.895579993724823
5a77cb335542997042120b3a	44014337	0.8212591409683228
5a77cb335542997042120b3a	43373391	0.8137926459312439
5a77cb335542997042120b3a	40568160	0.7911255359649658
5a77cb335542997042120b3a	48307740	0.7806729674339294
5a77cb335542997042120b3a	33502441	0.7557774782180786
5a77cb335542997042120b3a	54723651	0.7556899189949036
5a77cb335542997042120b3a	45157981	0.7492460012435913
5a78bd9b554299078472774a	5618128	1.1128997802734375
5a78bd9b554299078472774a	6185783	1.0202456712722778
5a78bd9b554299078472774a	53461822	0.8510004281997681
5a78bd9b554299078472774a	221544	0.8494843244552612
5a78bd9b554299078472774a	1146271	0.7101924419403076
5a78bd9b554299078472774a	9097818	0.7083194255828857
5a78bd9b554299078472774a	39264245	0.6633549928665161
5a78bd9b554299078472774a	21770601	0.6366161704063416
5a78bd9b554299078472774a	1066615	0.5913875102996826
5a78bd9b554299078472774a	28212134	0.573012113571167
5a79311755429970f5fffe67	1053836	0.9846094250679016
5a79311755429970f5fffe67	18316281	0.8078386783599854
5a79311755429970f5fffe67	34156404	0.7878396511077881
5a79311755429970f5fffe67	27420835	0.7755825519561768
5a79311755429970f5fffe67	44674842	0.7378530502319336
5a79311755429970f5fffe67	41537342	0.7131443619728088
5a79311755429970f5fffe67	1197938	0.6884333491325378
5a79311755429970f5fffe67	22287941	0.6601495742797852
5a79311755429970f5fffe67	39528051	0.6569715738296509
5a79311755429970f5fffe67	36003004	0.6531041264533997
5a7a0e1e5542990783324e1a	13526140	0.9343657493591309
5a7a0e1e5542990783324e1a	766961	0.7461036443710327
5a7a0e1e5542990783324e1a	62891	0.7348597645759583
5a7a0e1e5542990783324e1a	182631	0.7257695198059082
5a7a0e1e5542990783324e1a	62888	0.7226879000663757
5a7a0e1e5542990783324e1a	685939	0.7110794186592102
5a7a0e1e5542990783324e1a	475802	0.7003325819969177
5a7a0e1e5542990783324e1a	766926	0.6567413210868835
5a7a0e1e5542990783324e1a	29045495	0.5960109233856201
5a7a0e1e5542990783324e1a	766985	0.5943235158920288
5a7bbb64554299042af8f7cc	39354179	0.7494144439697266
5a7bbb64554299042af8f7cc	1316127	0.7356007099151611
5a7bbb64554299042af8f7cc	2278796	0.7108647227287292
5a7bbb64554299042af8f7cc	49158189	0.6952341794967651
5a7bbb64554299042af8f7cc	38064225	0.6503862142562866
5a7bbb64554299042af8f7cc	33283088	0.6345835328102112
5a7bbb64554299042af8f7cc	3723961	0.6274382472038269
5a7bbb64554299042af8f7cc	6481536	0.5824798941612244
5a7bbb64554299042af8f7cc	34764656	0.5493786931037903
5a7bbb64554299042af8f7cc	19383634	0.5017417669296265
5a7be2595542997c3ec972ac	32742	0.7248848676681519
5a7be2595542997c3ec972ac	1570339	0.67676842212677
5a7be2595542997c3ec972ac	600560	0.6324144601821899
5a7be2595542997c3ec972ac	8282090	0.5868897438049316
5a7be2595542997c3ec972ac	2275675	0.5861276984214783
5a7be2595542997c3ec972ac	14019529	0.5763434171676636
5a7be2595542997c3ec972ac	53273425	0.5540137887001038
5a7be2595542997c3ec972ac	1873492	0.5477792024612427
5a7be2595542997c3ec972ac	52741387	0.5459075570106506
5a7be2595542997c3ec972ac	7501332	0.5121870040893555
5a7cc50e554299452d57ba3e	559324	0.8588857650756836
5a7cc50e554299452d57ba3e	189650	0.8148556351661682
5a7cc50e554299452d57ba3e	17294296	0.8139062523841858
5a7cc50e554299452d57ba3e	4375996	0.78739994764328
5a7cc50e554299452d57ba3e	682294	0.7556421756744385
5a7cc50e554299452d57ba3e	682273	0.7260435819625854
5a7cc50e554299452d57ba3e	587159	0.721703290939331
5a7cc50e554299452d57ba3e	51166433	0.7038624286651611
5a7cc50e554299452d57ba3e	7155911	0.6470431089401245
5a7cc50e554299452d57ba3e	25712756	0.5730390548706055
5a7d54165542995f4f402256	4319752	0.9346879720687866
5a7d54165542995f4f402256	3416349	0.7990425229072571
5a7d54165542995f4f402256	24825689	0.7945408821105957
5a7d54165542995f4f402256	3276851	0.7888163924217224
5a7d54165542995f4f402256	3824084	0.7843519449234009
5a7d54165542995f4f402256	18889552	0.7328575253486633
5a7d54165542995f4f402256	610029	0.7246535420417786
5a7d54165542995f4f402256	35874017	0.7189735174179077
5a7d54165542995f4f402256	34739107	0.6987280249595642
5a7d54165542995f4f402256	27514387	0.6376650929450989
5a80721b554299485f5985ef	35527133	1.0062968730926514
5a80721b554299485f5985ef	49316354	0.8519912958145142
5a80721b554299485f5985ef	35081652	0.843671441078186
5a80721b554299485f5985ef	53429880	0.8419367074966431
5a80721b554299485f5985ef	51144642	0.8338836431503296
5a80721b554299485f5985ef	20171839	0.8234362602233887
5a80721b554299485f5985ef	342968	0.8172722458839417
5a80721b554299485f5985ef	35279534	0.8024817109107971
5a80721b554299485f5985ef	21073334	0.7910712957382202
5a80721b554299485f5985ef	21073349	0.6833288073539734
5a80840f554299485f59863b	18589083	0.790748655796051
5a80840f554299485f59863b	3583342	0.7332508563995361
5a80840f554299485f59863b	34005529	0.6887468099594116
5a80840f554299485f59863b	41634416	0.683988630771637
5a80840f554299485f59863b	35853813	0.6724420785903931
5a80840f554299485f59863b	52142143	0.6394728422164917
5a80840f554299485f59863b	1767258	0.6176478862762451
5a80840f554299485f59863b	867922	0.6161524653434753
5a80840f554299485f59863b	7418559	0.6103103160858154
5a80840f554299485f59863b	643545	0.5844079852104187
5a80b3a9554299485f5986cc	137593	1.0207078456878662
5a80b3a9554299485f5986cc	54369762	0.9115966558456421
5a80b3a9554299485f5986cc	532774	0.9115070700645447
5a80b3a9554299485f5986cc	50067264	0.8977358341217041
5a80b3a9554299485f5986cc	4006534	0.8704213500022888
5a80b3a9554299485f5986cc	4007439	0.8608133792877197
5a80b3a9554299485f5986cc	36513143	0.8356386423110962
5a80b3a9554299485f5986cc	8914502	0.8178199529647827
5a80b3a9554299485f5986cc	6686589	0.803702712059021
5a80b3a9554299485f5986cc	53393791	0.7993228435516357
5a8133725542995ce29dcbdb	38042391	0.9756593108177185
5a8133725542995ce29dcbdb	2279815	0.958733081817627
5a8133725542995ce29dcbdb	504845	0.892166018486023
5a8133725542995ce29dcbdb	506708	0.8294952511787415
5a8133725542995ce29dcbdb	42071934	0.819491446018219
5a8133725542995ce29dcbdb	151398	0.803173840045929
5a8133725542995ce29dcbdb	6642349	0.7868605256080627
5a8133725542995ce29dcbdb	29000651	0.760131299495697
5a8133725542995ce29dcbdb	53576729	0.7125535011291504
5a8133725542995ce29dcbdb	43996251	0.6024520993232727
5a828c8355429966c78a6a50	767631	1.120683193206787
5a828c8355429966c78a6a50	7586794	1.061566948890686
5a828c8355429966c78a6a50	4234277	1.0232709646224976
5a828c8355429966c78a6a50	2941915	0.9316853284835815
5a828c8355429966c78a6a50	41416260	0.9089776873588562
5a828c8355429966c78a6a50	18611455	0.8832706212997437
5a828c8355429966c78a6a50	6306124	0.8713489174842834
5a828c8355429966c78a6a50	1881647	0.8494828343391418
5a828c8355429966c78a6a50	30600358	0.8174830079078674
5a828c8355429966c78a6a50	24371888	0.7967938184738159
5a835478554299123d8c20ed	55490	0.8651629090309143
5a835478554299123d8c20ed	23262319	0.785699188709259
5a835478554299123d8c20ed	30140114	0.7408887147903442
5a835478554299123d8c20ed	2586152	0.7378448843955994
5a835478554299123d8c20ed	30127537	0.7325634360313416
5a835478554299123d8c20ed	4411995	0.7254626750946045
5a835478554299123d8c20ed	7462556	0.706061601638794
5a835478554299123d8c20ed	7463238	0.6492400765419006
5a835478554299123d8c20ed	7473707	0.6292710304260254
5a835478554299123d8c20ed	13179607	0.6100324988365173
5a8361b65542992ef85e22a0	6686528	1.0102126598358154
5a8361b65542992ef85e22a0	10658465	0.8683088421821594
5a8361b65542992ef85e22a0	6211907	0.80482417345047
5a8361b65542992ef85e22a0	1633957	0.8035566210746765
5a8361b65542992ef85e22a0	21398479	0.7785231471061707
5a8361b65542992ef85e22a0	48168419	0.7766047716140747
5a8361b65542992ef85e22a0	6583960	0.7346283197402954
5a8361b65542992ef85e22a0	2645189	0.7247540354728699
5a8361b65542992ef85e22a0	2296170	0.7126372456550598
5a8361b65542992ef85e22a0	40947546	0.7084214687347412
5a84c4135542994c784dda31	1331885	0.6967645287513733
5a84c4135542994c784dda31	2011429	0.6700447797775269
5a84c4135542994c784dda31	8932449	0.6639506220817566
5a84c4135542994c784dda31	34804308	0.6286060214042664
5a84c4135542994c784dda31	368978	0.6130907535552979
5a84c4135542994c784dda31	33824175	0.6129001975059509
5a84c4135542994c784dda31	26499023	0.6084959506988525
5a84c4135542994c784dda31	48723785	0.5908956527709961
5a84c4135542994c784dda31	40461859	0.5271486639976501
5a84c4135542994c784dda31	37156787	0.5122954845428467
5a85b2d95542997b5ce40028	507437	0.9186936020851135
5a85b2d95542997b5ce40028	19973035	0.8795896172523499
5a85b2d95542997b5ce40028	29821197	0.7789973616600037
5a85b2d95542997b5ce40028	54438298	0.7434040307998657
5a85b2d95542997b5ce40028	33142087	0.7032930254936218
5a85b2d95542997b5ce40028	45184862	0.6915527582168579
5a85b2d95542997b5ce40028	37019238	0.6354703307151794
5a85b2d95542997b5ce40028	18097060	0.6347064971923828
5a85b2d95542997b5ce40028	45154739	0.5952593088150024
5a85b2d95542997b5ce40028	44511265	0.5280591249465942
5a85ea095542994775f606a8	18974107	0.7209076285362244
5a85ea095542994775f606a8	4450885	0.668452799320221
5a85ea095542994775f606a8	7799169	0.6177424788475037
5a85ea095542994775f606a8	45704550	0.6008633971214294
5a85ea095542994775f606a8	12342028	0.569701075553894
5a85ea095542994775f606a8	15343551	0.5682684779167175
5a85ea095542994775f606a8	50639688	0.5509944558143616
5a85ea095542994775f606a8	39087801	0.5506505966186523
5a85ea095542994775f606a8	1495657	0.5156397819519043
5a85ea095542994775f606a8	1590659	0.5084484815597534
5a85fb085542994775f606de	394493	0.9553640484809875
5a85fb085542994775f606de	16267084	0.9536073207855225
5a85fb085542994775f606de	37569726	0.9402583837509155
5a85fb085542994775f606de	42056869	0.9256787300109863
5a85fb085542994775f606de	653852	0.8293437361717224
5a85fb085542994775f606de	44375430	0.7968072295188904
5a85fb085542994775f606de	19497272	0.7268180847167969
5a85fb085542994775f606de	509746	0.6984763145446777
5a85fb085542994775f606de	1377402	0.6780639886856079
5a85fb085542994775f606de	49407022	0.624423086643219
5a86ebac55429960ec39b6d6	9714723	0.9090442061424255
5a86ebac55429960ec39b6d6	54266286	0.8021509647369385
5a86ebac55429960ec39b6d6	1210332	0.766410231590271
5a86ebac55429960ec39b6d6	14445512	0.7647250890731812
5a86ebac55429960ec39b6d6	8701548	0.7380393743515015
5a86ebac55429960ec39b6d6	2024123	0.7313535809516907
5a86ebac55429960ec39b6d6	32022727	0.7278485298156738
5a86ebac55429960ec39b6d6	27036286	0.7196120023727417
5a86ebac55429960ec39b6d6	3146924	0.7184626460075378
5a86ebac55429960ec39b6d6	7151024	0.6883729696273804
5a877e5d5542993e715abf7d	44649239	0.7247318625450134
5a877e5d5542993e715abf7d	14241872	0.711193859577179
5a877e5d5542993e715abf7d	899255	0.7085695266723633
5a877e5d5542993e715abf7d	41673130	0.6933006644248962
5a877e5d5542993e715abf7d	4933406	0.6758213043212891
5a877e5d5542993e715abf7d	5398756	0.6705682873725891
5a877e5d5542993e715abf7d	47534215	0.6704394221305847
5a877e5d5542993e715abf7d	23270250	0.6577872037887573
5a877e5d5542993e715abf7d	1473196	0.6444950699806213
5a877e5d5542993e715abf7d	43561464	0.5976279377937317
5a87ab905542996e4f3088c1	3745972	0.9166271686553955
5a87ab905542996e4f3088c1	1922186	0.9120171070098877
5a87ab905542996e4f3088c1	1922204	0.9109651446342468
5a87ab905542996e4f3088c1	3570801	0.8859661221504211
5a87ab905542996e4f3088c1	38575180	0.8587749600410461
5a87ab905542996e4f3088c1	33490256	0.8525548577308655
5a87ab905542996e4f3088c1	1936900	0.8434666991233826
5a87ab905542996e4f3088c1	2300610	0.8206039071083069
5a87ab905542996e4f3088c1	42219773	0.8188418745994568
5a87ab905542996e4f3088c1	42951712	0.7504730820655823
5a87c13f5542996e4f30890c	1353111	0.6871427893638611
5a87c13f5542996e4f30890c	13638452	0.6624660491943359
5a87c13f5542996e4f30890c	29160919	0.6404061913490295
5a87c13f5542996e4f30890c	23369116	0.6199895739555359
5a87c13f5542996e4f30890c	18053063	0.6151723861694336
5a87c13f5542996e4f30890c	52049726	0.6116753220558167
5a87c13f5542996e4f30890c	23425678	0.6079311966896057
5a87c13f5542996e4f30890c	44251571	0.6037916541099548
5a87c13f5542996e4f30890c	45453519	0.5539626479148865
5a87c13f5542996e4f30890c	16975367	0.5463828444480896
5a88658955429938390d3f47	4824659	0.5848713517189026
5a88658955429938390d3f47	26024138	0.4024692475795746
5a88658955429938390d3f47	20518095	0.3970872759819031
5a88658955429938390d3f47	17334510	0.38637879490852356
5a88658955429938390d3f47	1456239	0.38359731435775757
5a88658955429938390d3f47	13936051	0.377558171749115
5a88658955429938390d3f47	21238545	0.3596096634864807
5a88658955429938390d3f47	6278737	0.3391769528388977
5a88658955429938390d3f47	19744445	0.3319193720817566
5a88658955429938390d3f47	24273310	0.3175613284111023
5a8979f4554299669944a52e	16927497	1.1171787977218628
5a8979f4554299669944a52e	12926065	1.0584748983383179
5a8979f4554299669944a52e	14830814	0.8413557410240173
5a8979f4554299669944a52e	22829385	0.8162919878959656
5a8979f4554299669944a52e	23271225	0.766360878944397
5a8979f4554299669944a52e	3130981	0.7490178346633911
5a8979f4554299669944a52e	8710626	0.7366545796394348
5a8979f4554299669944a52e	16672182	0.6847342252731323
5a8979f4554299669944a52e	21892850	0.6202201247215271
5a8979f4554299669944a52e	624773	0.5967695713043213
5a8a3e745542996c9b8d5e70	30600	1.0148658752441406
5a8a3e745542996c9b8d5e70	315144	0.8855825066566467
5a8a3e745542996c9b8d5e70	55348267	0.820038378238678
5a8a3e745542996c9b8d5e70	55396243	0.8135220408439636
5a8a3e745542996c9b8d5e70	55348381	0.803337812423706
5a8a3e745542996c9b8d5e70	12451973	0.8030270934104919
5a8a3e745542996c9b8d5e70	55396432	0.7793611288070679
5a8a3e745542996c9b8d5e70	52854701	0.7473748326301575
5a8a3e745542996c9b8d5e70	6254861	0.7273406982421875
5a8a3e745542996c9b8d5e70	12162049	0.5773158073425293
5a8a43eb5542996c9b8d5e82	6548000	0.8174046874046326
5a8a43eb5542996c9b8d5e82	2533980	0.7313278913497925
5a8a43eb5542996c9b8d5e82	1598994	0.7196640968322754
5a8a43eb5542996c9b8d5e82	3176167	0.7058442831039429
5a8a43eb5542996c9b8d5e82	797089	0.7045982480049133
5a8a43eb5542996c9b8d5e82	26889139	0.6651210784912109
5a8a43eb5542996c9b8d5e82	2339557	0.6289644241333008
5a8a43eb5542996c9b8d5e82	51097722	0.623528242111206
5a8a43eb5542996c9b8d5e82	51425250	0.5961772203445435
5a8a43eb5542996c9b8d5e82	24252351	0.5929368734359741
5a8b20335542996c9b8d5fb3	282216	0.7730312347412109
5a8b20335542996c9b8d5fb3	42891950	0.7339532971382141
5a8b20335542996c9b8d5fb3	25591238	0.7112833261489868
5a8b20335542996c9b8d5fb3	25521724	0.690839946269989
5a8b20335542996c9b8d5fb3	25422438	0.6906294822692871
5a8b20335542996c9b8d5fb3	26001082	0.6813382506370544
5a8b20335542996c9b8d5fb3	25606676	0.6807787418365479
5a8b20335542996c9b8d5fb3	17116053	0.6780824065208435
5a8b20335542996c9b8d5fb3	19775640	0.6568597555160522
5a8b20335542996c9b8d5fb3	240199	0.6372364163398743
5a8b57f25542995d1e6f1371	2816539	0.6167438626289368
5a8b57f25542995d1e6f1371	9490460	0.5943364500999451
5a8b57f25542995d1e6f1371	21918307	0.5708590745925903
5a8b57f25542995d1e6f1371	44123204	0.5478509664535522
5a8b57f25542995d1e6f1371	27899989	0.5368912220001221
5a8b57f25542995d1e6f1371	20499227	0.5173398852348328
5a8b57f25542995d1e6f1371	3223804	0.4827040731906891
5a8b57f25542995d1e6f1371	5954080	0.48241984844207764
5a8b57f25542995d1e6f1371	31877720	0.47739771008491516
5a8b57f25542995d1e6f1371	4606084	0.46645981073379517
5a8c7595554299585d9e36b6	33022480	0.9196710586547852
5a8c7595554299585d9e36b6	37090987	0.795811116695404
5a8c7595554299585d9e36b6	51139500	0.6100676655769348
5a8c7595554299585d9e36b6	23421930	0.609168291091919
5a8c7595554299585d9e36b6	340560	0.5962653160095215
5a8c7595554299585d9e36b6	28075586	0.5782490372657776
5a8c7595554299585d9e36b6	5072437	0.5749481916427612
5a8c7595554299585d9e36b6	1889410	0.5229012966156006
5a8c7595554299585d9e36b6	37005266	0.5182710886001587
5a8c7595554299585d9e36b6	24806261	0.513444185256958
5a8db19d5542994ba4e3dd00	10244818	0.575403094291687
5a8db19d5542994ba4e3dd00	49288409	0.5298348069190979
5a8db19d5542994ba4e3dd00	215890	0.5105761885643005
5a8db19d5542994ba4e3dd00	51352032	0.5094451308250427
5a8db19d5542994ba4e3dd00	1638835	0.4620908498764038
5a8db19d5542994ba4e3dd00	3452083	0.393868625164032
5a8db19d5542994ba4e3dd00	49095080	0.39210671186447144
5a8db19d5542994ba4e3dd00	214843	0.3767203688621521
5a8db19d5542994ba4e3dd00	879703	0.34961071610450745
5a8db19d5542994ba4e3dd00	28087063	0.32818931341171265
5a8e068b5542995085b37384	12917945	0.8454654216766357
5a8e068b5542995085b37384	76101	0.8400343060493469
5a8e068b5542995085b37384	46403392	0.8389667272567749
5a8e068b5542995085b37384	3108279	0.8186942338943481
5a8e068b5542995085b37384	41175606	0.8083480596542358
5a8e068b5542995085b37384	34822338	0.8077394366264343
5a8e068b5542995085b37384	12917941	0.8056133985519409
5a8e068b5542995085b37384	28258613	0.794452428817749
5a8e068b5542995085b37384	42509364	0.7813804745674133
5a8e068b5542995085b37384	1587990	0.7784373760223389
5a8e0a005542995085b373a1	31439676	0.977319598197937
5a8e0a005542995085b373a1	4665724	0.7908890843391418
5a8e0a005542995085b373a1	28108740	0.7336301207542419
5a8e0a005542995085b373a1	4131597	0.6800413131713867
5a8e0a005542995085b373a1	17658373	0.6722100377082825
5a8e0a005542995085b373a1	7359684	0.6561047434806824
5a8e0a005542995085b373a1	8841045	0.6300147175788879
5a8e0a005542995085b373a1	7500788	0.6203457713127136
5a8e0a005542995085b373a1	2402549	0.5837143659591675
5a8e0a005542995085b373a1	29776512	0.5810116529464722
5a8e1027554299653c1aa15f	48879381	0.928871750831604
5a8e1027554299653c1aa15f	30108000	0.9138815402984619
5a8e1027554299653c1aa15f	35533561	0.9121065139770508
5a8e1027554299653c1aa15f	5762433	0.9080628752708435
5a8e1027554299653c1aa15f	37121296	0.8885263204574585
5a8e1027554299653c1aa15f	36301492	0.8843403458595276
5a8e1027554299653c1aa15f	5717523	0.8608999252319336
5a8e1027554299653c1aa15f	26775162	0.8386578559875488
5a8e1027554299653c1aa15f	51551117	0.8281155228614807
5a8e1027554299653c1aa15f	51551691	0.7675520777702332
5a8e3ea95542995a26add48d	41146297	1.0912448167800903
5a8e3ea95542995a26add48d	12433713	0.7614319324493408
5a8e3ea95542995a26add48d	22536936	0.7087016701698303
5a8e3ea95542995a26add48d	31427208	0.7038818001747131
5a8e3ea95542995a26add48d	1230920	0.6573784351348877
5a8e3ea95542995a26add48d	34549718	0.6544710397720337
5a8e3ea95542995a26add48d	17292183	0.6422122716903687
5a8e3ea95542995a26add48d	17502786	0.632652997970581
5a8e3ea95542995a26add48d	42057370	0.5756996273994446
5a8e3ea95542995a26add48d	15360961	0.5436397194862366
5a8ef2a75542995a26add583	51151231	1.0437541007995605
5a8ef2a75542995a26add583	474202	0.8224535584449768
5a8ef2a75542995a26add583	20544838	0.8150109052658081
5a8ef2a75542995a26add583	53416998	0.7676801085472107
5a8ef2a75542995a26add583	3757166	0.7112458944320679
5a8ef2a75542995a26add583	9308854	0.6999176144599915
5a8ef2a75542995a26add583	44278753	0.6935946345329285
5a8ef2a75542995a26add583	9902794	0.6767609715461731
5a8ef2a75542995a26add583	837632	0.6486415863037109
5a8ef2a75542995a26add583	19849063	0.624283492565155
5a8f4c8d554299458435d5a3	2686770	0.842157244682312
5a8f4c8d554299458435d5a3	42871861	0.55838942527771
5a8f4c8d554299458435d5a3	50651517	0.5398914217948914
5a8f4c8d554299458435d5a3	49108347	0.520121693611145
5a8f4c8d554299458435d5a3	32356793	0.5193342566490173
5a8f4c8d554299458435d5a3	52598971	0.4878658056259155
5a8f4c8d554299458435d5a3	18848197	0.4873254895210266
5a8f4c8d554299458435d5a3	13699921	0.47827574610710144
5a8f4c8d554299458435d5a3	17372954	0.47685322165489197
5a8f4c8d554299458435d5a3	35962051	0.4591546952724457
5ab29c24554299449642c932	356938	0.6610749959945679
5ab29c24554299449642c932	20421876	0.6459841132164001
5ab29c24554299449642c932	26364632	0.6250423789024353
5ab29c24554299449642c932	12958	0.6124804615974426
5ab29c24554299449642c932	338175	0.6084853410720825
5ab29c24554299449642c932	21800496	0.5919668674468994
5ab29c24554299449642c932	28557370	0.572733461856842
5ab29c24554299449642c932	37937	0.5596053004264832
5ab29c24554299449642c932	84576	0.5315694212913513
5ab29c24554299449642c932	28593871	0.5143488049507141
5ab2d3df554299194fa9352c	53593530	0.9786260724067688
5ab2d3df554299194fa9352c	33677450	0.8241105079650879
5ab2d3df554299194fa9352c	3355829	0.7876188158988953
5ab2d3df554299194fa9352c	3406563	0.725299060344696
5ab2d3df554299194fa9352c	3365572	0.7152884006500244
5ab2d3df554299194fa9352c	16020743	0.7113745808601379
5ab2d3df554299194fa9352c	3187776	0.6953815817832947
5ab2d3df554299194fa9352c	13927567	0.6933122277259827
5ab2d3df554299194fa9352c	2171052	0.6820760369300842
5ab2d3df554299194fa9352c	55402930	0.6729347705841064
5ab3b0bf5542992ade7c6e39	39462707	0.5837899446487427
5ab3b0bf5542992ade7c6e39	11059521	0.5621827840805054
5ab3b0bf5542992ade7c6e39	47546794	0.5390256643295288
5ab3b0bf5542992ade7c6e39	2773076	0.5368080735206604
5ab3b0bf5542992ade7c6e39	42196437	0.5313997864723206
5ab3b0bf5542992ade7c6e39	7253190	0.5258612036705017
5ab3b0bf5542992ade7c6e39	47403533	0.5254607200622559
5ab3b0bf5542992ade7c6e39	1578251	0.5205531716346741
5ab3b0bf5542992ade7c6e39	29284124	0.49435046315193176
5ab3b0bf5542992ade7c6e39	401269	0.48538297414779663
5ab3e45655429976abd1bcd4	27546117	0.7891626954078674
5ab3e45655429976abd1bcd4	38281459	0.776694655418396
5ab3e45655429976abd1bcd4	28818188	0.7662515044212341
5ab3e45655429976abd1bcd4	32429031	0.7490010857582092
5ab3e45655429976abd1bcd4	47695596	0.7468302845954895
5ab3e45655429976abd1bcd4	51795774	0.7451189756393433
5ab3e45655429976abd1bcd4	22141825	0.739145815372467
5ab3e45655429976abd1bcd4	28082853	0.6995581388473511
5ab3e45655429976abd1bcd4	26228256	0.6977965831756592
5ab3e45655429976abd1bcd4	54396393	0.605175793170929
5ab51dae5542991779162d82	262473	1.0388517379760742
5ab51dae5542991779162d82	4812106	0.9270321726799011
5ab51dae5542991779162d82	5895356	0.8791235089302063
5ab51dae5542991779162d82	36193556	0.8102514147758484
5ab51dae5542991779162d82	299424	0.7939285039901733
5ab51dae5542991779162d82	262488	0.7800323963165283
5ab51dae5542991779162d82	52959987	0.775967001914978
5ab51dae5542991779162d82	36176593	0.7736712694168091
5ab51dae5542991779162d82	3664869	0.7614547610282898
5ab51dae5542991779162d82	2080595	0.7547110319137573
5ab56e32554299637185c594	17626850	0.9236372709274292
5ab56e32554299637185c594	9486102	0.8149111270904541
5ab56e32554299637185c594	17613692	0.8104805946350098
5ab56e32554299637185c594	16605491	0.8013637661933899
5ab56e32554299637185c594	53422629	0.7843567132949829
5ab56e32554299637185c594	46505097	0.7543838024139404
5ab56e32554299637185c594	29871283	0.6821799874305725
5ab56e32554299637185c594	15088626	0.6391751766204834
5ab56e32554299637185c594	34465340	0.618437647819519
5ab56e32554299637185c594	29608951	0.5902414917945862
5ab6d09255429954757d337d	1530047	0.8591840863227844
5ab6d09255429954757d337d	12267709	0.7941041588783264
5ab6d09255429954757d337d	14422576	0.7894718050956726
5ab6d09255429954757d337d	2031193	0.7708766460418701
5ab6d09255429954757d337d	24899786	0.7206056118011475
5ab6d09255429954757d337d	8757988	0.7204477190971375
5ab6d09255429954757d337d	32734609	0.6603917479515076
5ab6d09255429954757d337d	15767841	0.6493022441864014
5ab6d09255429954757d337d	44301422	0.638748049736023
5ab6d09255429954757d337d	45676400	0.6311606168746948
5ab84bf555429916710eb01f	39178180	0.8419138193130493
5ab84bf555429916710eb01f	8735873	0.5925372242927551
5ab84bf555429916710eb01f	13556828	0.5758336782455444
5ab84bf555429916710eb01f	8500521	0.5748482346534729
5ab84bf555429916710eb01f	2810257	0.5736421346664429
5ab84bf555429916710eb01f	12513090	0.5702722072601318
5ab84bf555429916710eb01f	3679572	0.5681223273277283
5ab84bf555429916710eb01f	3538952	0.5601533651351929
5ab84bf555429916710eb01f	32883616	0.49253660440444946
5ab84bf555429916710eb01f	50013328	0.46310049295425415
5ab859a955429934fafe6d7b	27698444	0.5985491275787354
5ab859a955429934fafe6d7b	4202348	0.5866588354110718
5ab859a955429934fafe6d7b	47224830	0.4846561551094055
5ab859a955429934fafe6d7b	33935036	0.4763529598712921
5ab859a955429934fafe6d7b	34343351	0.46243199706077576
5ab859a955429934fafe6d7b	14526736	0.4609515368938446
5ab859a955429934fafe6d7b	31230523	0.4371538758277893
5ab859a955429934fafe6d7b	5483191	0.43329674005508423
5ab859a955429934fafe6d7b	25088414	0.4307677447795868
5ab859a955429934fafe6d7b	295082	0.4306994378566742
5ab96ab755429970cfb8eacd	47839271	1.0203989744186401
5ab96ab755429970cfb8eacd	47849140	1.0123144388198853
5ab96ab755429970cfb8eacd	47885714	0.975976288318634
5ab96ab755429970cfb8eacd	47885665	0.972356915473938
5ab96ab755429970cfb8eacd	47885710	0.968368649482727
5ab96ab755429970cfb8eacd	48638095	0.9408122301101685
5ab96ab755429970cfb8eacd	40343937	0.9017812609672546
5ab96ab755429970cfb8eacd	36590512	0.8861451745033264
5ab96ab755429970cfb8eacd	39881180	0.8575416803359985
5ab96ab755429970cfb8eacd	26671592	0.8008667826652527
5aba5d2e55429901930fa799	2386310	0.9274977445602417
5aba5d2e55429901930fa799	19730646	0.715411901473999
5aba5d2e55429901930fa799	19078360	0.6646153330802917
5aba5d2e55429901930fa799	284489	0.6621342897415161
5aba5d2e55429901930fa799	27108609	0.6620318293571472
5aba5d2e55429901930fa799	1611519	0.6467180252075195
5aba5d2e55429901930fa799	14264333	0.6392155885696411
5aba5d2e55429901930fa799	43004416	0.5949358344078064
5aba5d2e55429901930fa799	752031	0.5773392915725708
5aba5d2e55429901930fa799	751686	0.5651047229766846
5aba749055429901930fa7d8	21443964	0.8042117357254028
5aba749055429901930fa7d8	2547676	0.7052304744720459
5aba749055429901930fa7d8	38673804	0.6994451284408569
5aba749055429901930fa7d8	16856344	0.6741889119148254
5aba749055429901930fa7d8	46367731	0.6488497257232666
5aba749055429901930fa7d8	3473413	0.6371324062347412
5aba749055429901930fa7d8	487382	0.6174311637878418
5aba749055429901930fa7d8	50519030	0.5596408843994141
5aba749055429901930fa7d8	30494808	0.5289629101753235
5aba749055429901930fa7d8	3034525	0.5133360624313354
5aba7cfe554299232ef4a2fd	53991189	0.9381706118583679
5aba7cfe554299232ef4a2fd	50675891	0.9081183075904846
5aba7cfe554299232ef4a2fd	46553620	0.9047061800956726
5aba7cfe554299232ef4a2fd	32000634	0.8498350977897644
5aba7cfe554299232ef4a2fd	39589851	0.8366773128509521
5aba7cfe554299232ef4a2fd	28286328	0.8219804167747498
5aba7cfe554299232ef4a2fd	32291548	0.7987440824508667
5aba7cfe554299232ef4a2fd	35869766	0.7959566712379456
5aba7cfe554299232ef4a2fd	35569489	0.768996000289917
5aba7cfe554299232ef4a2fd	28022397	0.7072416543960571
5abbf698554299114383a0b5	458748	0.8425425291061401
5abbf698554299114383a0b5	7365741	0.7793775200843811
5abbf698554299114383a0b5	201787	0.7749213576316833
5abbf698554299114383a0b5	180834	0.7389758229255676
5abbf698554299114383a0b5	161479	0.7356857657432556
5abbf698554299114383a0b5	617991	0.7178411483764648
5abbf698554299114383a0b5	384537	0.7063196897506714
5abbf698554299114383a0b5	1070917	0.7059507966041565
5abbf698554299114383a0b5	458807	0.659449577331543
5abbf698554299114383a0b5	38348367	0.6216037273406982
5abc0a5d5542993f40c73c64	7623313	0.9805529713630676
5abc0a5d5542993f40c73c64	29271614	0.8873385190963745
5abc0a5d5542993f40c73c64	46942123	0.8598901629447937
5abc0a5d5542993f40c73c64	5902241	0.8526341319084167
5abc0a5d5542993f40c73c64	29154943	0.8265394568443298
5abc0a5d5542993f40c73c64	29155438	0.8223854303359985
5abc0a5d5542993f40c73c64	40852758	0.8195543885231018
5abc0a5d5542993f40c73c64	28039883	0.7480063438415527
5abc0a5d5542993f40c73c64	42747282	0.647719144821167
5abc0a5d5542993f40c73c64	1905018	0.5962613821029663
5abd259d55429924427fcf1a	1277632	0.9403595924377441
5abd259d55429924427fcf1a	43864391	0.8486245274543762
5abd259d55429924427fcf1a	16298123	0.7127347588539124
5abd259d55429924427fcf1a	43707913	0.7009775042533875
5abd259d55429924427fcf1a	43757960	0.6742920875549316
5abd259d55429924427fcf1a	41990943	0.6238603591918945
5abd259d55429924427fcf1a	3986248	0.6066012382507324
5abd259d55429924427fcf1a	5426651	0.5972689390182495
5abd259d55429924427fcf1a	43943287	0.5901259183883667
5abd259d55429924427fcf1a	33895667	0.5380187034606934
5abd94525542992ac4f382d2	43665973	1.1083691120147705
5abd94525542992ac4f382d2	39796711	0.9695724248886108
5abd94525542992ac4f382d2	4161823	0.9641125798225403
5abd94525542992ac4f382d2	4239171	0.96195387840271
5abd94525542992ac4f382d2	44408522	0.9593446254730225
5abd94525542992ac4f382d2	55192295	0.9355567693710327
5abd94525542992ac4f382d2	38721098	0.9290421605110168
5abd94525542992ac4f382d2	28673799	0.9075542688369751
5abd94525542992ac4f382d2	37132310	0.9059693813323975
5abd94525542992ac4f382d2	23452694	0.8581922650337219
5abdf12255429976d4830a2f	1292882	0.9330828785896301
5abdf12255429976d4830a2f	5133707	0.7896145582199097
5abdf12255429976d4830a2f	17153403	0.7856917977333069
5abdf12255429976d4830a2f	276085	0.7697421908378601
5abdf12255429976d4830a2f	1292568	0.7646206021308899
5abdf12255429976d4830a2f	1292988	0.7509076595306396
5abdf12255429976d4830a2f	1292364	0.7425249218940735
5abdf12255429976d4830a2f	1292700	0.7297980785369873
5abdf12255429976d4830a2f	3120974	0.721961498260498
5abdf12255429976d4830a2f	1292967	0.7131254076957703
5abf63f15542997ec76fd3ea	40229458	0.9558107852935791
5abf63f15542997ec76fd3ea	26295	0.8625724911689758
5abf63f15542997ec76fd3ea	2543	0.8565101027488708
5abf63f15542997ec76fd3ea	1224241	0.8330462574958801
5abf63f15542997ec76fd3ea	18096	0.8203274011611938
5abf63f15542997ec76fd3ea	53714094	0.8202081918716431
5abf63f15542997ec76fd3ea	22938225	0.7301897406578064
5abf63f15542997ec76fd3ea	21488677	0.7285292148590088
5abf63f15542997ec76fd3ea	7338051	0.6203624606132507
5abf63f15542997ec76fd3ea	5542503	0.5751583576202393
5abfb3425542990832d3a1c0	1761774	1.0562745332717896
5abfb3425542990832d3a1c0	50428400	0.7501335740089417
5abfb3425542990832d3a1c0	46707894	0.7469049096107483
5abfb3425542990832d3a1c0	53106094	0.741383969783783
5abfb3425542990832d3a1c0	18276340	0.7044804096221924
5abfb3425542990832d3a1c0	13720774	0.7009792923927307
5abfb3425542990832d3a1c0	31676803	0.6913052201271057
5abfb3425542990832d3a1c0	21020799	0.6428020000457764
5abfb3425542990832d3a1c0	22764169	0.6388331055641174
5abfb3425542990832d3a1c0	42542584	0.5970658659934998
5ac1b8ee5542994d76dccedc	42071381	0.940047562122345
5ac1b8ee5542994d76dccedc	17347878	0.8022095561027527
5ac1b8ee5542994d76dccedc	2593121	0.6842859983444214
5ac1b8ee5542994d76dccedc	30611306	0.5974472761154175
5ac1b8ee5542994d76dccedc	30433434	0.5853129625320435
5ac1b8ee5542994d76dccedc	5417536	0.5827636122703552
5ac1b8ee5542994d76dccedc	40382296	0.5808372497558594
5ac1b8ee5542994d76dccedc	1488618	0.5781581997871399
5ac1b8ee5542994d76dccedc	7983098	0.5587350726127625
5ac1b8ee5542994d76dccedc	2660274	0.5260387063026428
5ac23ff0554299636651994d	15549454	1.2050442695617676
5ac23ff0554299636651994d	21648185	1.1075165271759033
5ac23ff0554299636651994d	1126660	1.0218783617019653
5ac23ff0554299636651994d	6381609	0.9862225651741028
5ac23ff0554299636651994d	29282785	0.9843531847000122
5ac23ff0554299636651994d	5882296	0.9771573543548584
5ac23ff0554299636651994d	12536135	0.9755518436431885
5ac23ff0554299636651994d	12872935	0.9529529213905334
5ac23ff0554299636651994d	166643	0.9323529005050659
5ac23ff0554299636651994d	907193	0.9290040135383606
5ac2acff55429921a00ab02b	42534132	1.0136444568634033
5ac2acff55429921a00ab02b	2972326	0.7682250142097473
5ac2acff55429921a00ab02b	40589784	0.7603170275688171
5ac2acff55429921a00ab02b	3309838	0.7154744863510132
5ac2acff55429921a00ab02b	719197	0.6931454539299011
5ac2acff55429921a00ab02b	947516	0.6761797666549683
5ac2acff55429921a00ab02b	2033430	0.6658729910850525
5ac2acff55429921a00ab02b	1367860	0.6068031191825867
5ac2acff55429921a00ab02b	8648770	0.6065714359283447
5ac2acff55429921a00ab02b	1701847	0.5930245518684387
5ac3165c5542995ef918c10a	5093754	1.101306676864624
5ac3165c5542995ef918c10a	5093721	1.0873221158981323
5ac3165c5542995ef918c10a	15353649	1.0379791259765625
5ac3165c5542995ef918c10a	4249939	1.037546157836914
5ac3165c5542995ef918c10a	3460519	1.0127513408660889
5ac3165c5542995ef918c10a	36732809	0.9842384457588196
5ac3165c5542995ef918c10a	12492839	0.9599897861480713
5ac3165c5542995ef918c10a	34889508	0.9553871154785156
5ac3165c5542995ef918c10a	36746299	0.9526799321174622
5ac3165c5542995ef918c10a	4971587	0.9497668147087097
5adbf0a255429947ff17385a	20395866	1.1086386442184448
5adbf0a255429947ff17385a	18418717	0.8945083618164062
5adbf0a255429947ff17385a	23070251	0.8292625546455383
5adbf0a255429947ff17385a	9421721	0.7949144244194031
5adbf0a255429947ff17385a	5157001	0.7908539772033691
5adbf0a255429947ff17385a	47870952	0.7481350898742676
5adbf0a255429947ff17385a	28334076	0.7310826182365417
5adbf0a255429947ff17385a	7606477	0.7117370963096619
5adbf0a255429947ff17385a	49105876	0.7054315805435181
5adbf0a255429947ff17385a	10699365	0.6960418224334717
5adc53f75542996e6852530a	436114	1.0164133310317993
5adc53f75542996e6852530a	1735969	1.0035218000411987
5adc53f75542996e6852530a	437078	0.9880317449569702
5adc53f75542996e6852530a	41221157	0.9384786486625671
5adc53f75542996e6852530a	837973	0.9262487292289734
5adc53f75542996e6852530a	37065076	0.9252490997314453
5adc53f75542996e6852530a	11226086	0.8475283980369568
5adc53f75542996e6852530a	19989669	0.7925930023193359
5adc53f75542996e6852530a	1571737	0.7623047232627869
5adc53f75542996e6852530a	1127361	0.7598770260810852
5adccd795542990d50227d2c	47214575	0.8084152936935425
5adccd795542990d50227d2c	53613781	0.797502338886261
5adccd795542990d50227d2c	53614402	0.7911860942840576
5adccd795542990d50227d2c	54444681	0.7334750294685364
5adccd795542990d50227d2c	54444042	0.7313477396965027
5adccd795542990d50227d2c	23726699	0.7266318798065186
5adccd795542990d50227d2c	53638593	0.7060652375221252
5adccd795542990d50227d2c	51171913	0.6985300183296204
5adccd795542990d50227d2c	52686226	0.6868917942047119
5adccd795542990d50227d2c	50363907	0.6369051337242126
5add61d65542995b365fab21	27717386	0.6006243824958801
5add61d65542995b365fab21	707569	0.5586920380592346
5add61d65542995b365fab21	37244287	0.5514959692955017
5add61d65542995b365fab21	435710	0.5441340804100037
5add61d65542995b365fab21	435632	0.5227425694465637
5add61d65542995b365fab21	24174657	0.5217999219894409
5add61d65542995b365fab21	33075711	0.5212920308113098
5add61d65542995b365fab21	2567958	0.4909026026725769
5add61d65542995b365fab21	6272913	0.47654294967651367
5add61d65542995b365fab21	54343449	0.4609653055667877
5adddccd5542997dc7907069	2892101	0.9700047373771667
5adddccd5542997dc7907069	48761315	0.7797693014144897
5adddccd5542997dc7907069	18438526	0.7740762233734131
5adddccd5542997dc7907069	1715675	0.7664077877998352
5adddccd5542997dc7907069	1325856	0.7028626799583435
5adddccd5542997dc7907069	7505524	0.6883144974708557
5adddccd5542997dc7907069	3111698	0.6473146080970764
5adddccd5542997dc7907069	12589710	0.6336624622344971
5adddccd5542997dc7907069	2146459	0.6238858699798584
5adddccd5542997dc7907069	8552936	0.5995110869407654
5adf37a95542995ec70e8f97	32971919	1.0422366857528687
5adf37a95542995ec70e8f97	34980408	1.0125505924224854
5adf37a95542995ec70e8f97	30675422	0.980388343334198
5adf37a95542995ec70e8f97	42600072	0.9795907735824585
5adf37a95542995ec70e8f97	37431871	0.9713071584701538
5adf37a95542995ec70e8f97	26726493	0.9644098877906799
5adf37a95542995ec70e8f97	46302413	0.9545228481292725
5adf37a95542995ec70e8f97	46180044	0.8941188454627991
5adf37a95542995ec70e8f97	53059477	0.8654367327690125
5adf37a95542995ec70e8f97	53534122	0.8424658179283142
5ae005b555429942ec259bec	4985136	0.8745223879814148
5ae005b555429942ec259bec	22228417	0.829852283000946
5ae005b555429942ec259bec	31948233	0.8172034621238708
5ae005b555429942ec259bec	16908984	0.8101308941841125
5ae005b555429942ec259bec	44342940	0.8045114278793335
5ae005b555429942ec259bec	17808098	0.8011659979820251
5ae005b555429942ec259bec	2037611	0.7273638844490051
5ae005b555429942ec259bec	8346719	0.6865758299827576
5ae005b555429942ec259bec	6806511	0.6111854314804077
5ae005b555429942ec259bec	8386622	0.6010790467262268
5ae0361155429925eb1afc2c	16121408	1.2301833629608154
5ae0361155429925eb1afc2c	17215709	1.201991319656372
5ae0361155429925eb1afc2c	24320236	0.9681383371353149
5ae0361155429925eb1afc2c	2880924	0.925559937953949
5ae0361155429925eb1afc2c	25565117	0.8703396320343018
5ae0361155429925eb1afc2c	24441524	0.869976282119751
5ae0361155429925eb1afc2c	34276353	0.8050588965415955
5ae0361155429925eb1afc2c	24462743	0.7867705821990967
5ae0361155429925eb1afc2c	32129724	0.7515761852264404
5ae0361155429925eb1afc2c	26887369	0.7129884362220764
5ae0d4c9554299603e418468	1473416	0.8279449939727783
5ae0d4c9554299603e418468	12519408	0.6605300903320312
5ae0d4c9554299603e418468	49407604	0.6450507640838623
5ae0d4c9554299603e418468	21239214	0.634470522403717
5ae0d4c9554299603e418468	52117470	0.6110414266586304
5ae0d4c9554299603e418468	1099852	0.6088510155677795
5ae0d4c9554299603e418468	52117512	0.5958347320556641
5ae0d4c9554299603e418468	26213062	0.5738116502761841
5ae0d4c9554299603e418468	6105339	0.5629791021347046
5ae0d4c9554299603e418468	2592159	0.5563514828681946
5ae1f4cb554299234fd0436d	28269565	0.9825678467750549
5ae1f4cb554299234fd0436d	28195036	0.8547953963279724
5ae1f4cb554299234fd0436d	28355231	0.831352710723877
5ae1f4cb554299234fd0436d	28270182	0.8184173703193665
5ae1f4cb554299234fd0436d	28355107	0.8170331716537476
5ae1f4cb554299234fd0436d	28269605	0.798452615737915
5ae1f4cb554299234fd0436d	28195125	0.7955212593078613
5ae1f4cb554299234fd0436d	31407957	0.7766599059104919
5ae1f4cb554299234fd0436d	28651406	0.7666630744934082
5ae1f4cb554299234fd0436d	28194876	0.7426576018333435
5ae2070a5542994d89d5b313	885946	0.6660093665122986
5ae2070a5542994d89d5b313	38759285	0.6455925703048706
5ae2070a5542994d89d5b313	428029	0.618009090423584
5ae2070a5542994d89d5b313	7940472	0.5808137059211731
5ae2070a5542994d89d5b313	25559747	0.5777258276939392
5ae2070a5542994d89d5b313	32146882	0.5431455373764038
5ae2070a5542994d89d5b313	44902908	0.4801252782344818
5ae2070a5542994d89d5b313	8449988	0.4710486829280853
5ae2070a5542994d89d5b313	9056283	0.44517144560813904
5ae2070a5542994d89d5b313	37008526	0.4199517071247101
5ae224da554299234fd043ee	1257175	0.9725205898284912
5ae224da554299234fd043ee	8714261	0.7942113280296326
5ae224da554299234fd043ee	2832107	0.64187091588974
5ae224da554299234fd043ee	531501	0.6283504366874695
5ae224da554299234fd043ee	1965338	0.6264583468437195
5ae224da554299234fd043ee	51427516	0.6202989220619202
5ae224da554299234fd043ee	13044	0.6150230169296265
5ae224da554299234fd043ee	989273	0.6113665103912354
5ae224da554299234fd043ee	4728578	0.5968352556228638
5ae224da554299234fd043ee	41404427	0.5576022863388062
5ae22b8d554299234fd0440f	413284	0.8188250064849854
5ae22b8d554299234fd0440f	2482563	0.6703488230705261
5ae22b8d554299234fd0440f	22867588	0.6225346922874451
5ae22b8d554299234fd0440f	24795427	0.5409978628158569
5ae22b8d554299234fd0440f	34503408	0.534468412399292
5ae22b8d554299234fd0440f	9894004	0.5312402844429016
5ae22b8d554299234fd0440f	20775657	0.5267175436019897
5ae22b8d554299234fd0440f	21414169	0.5105520486831665
5ae22b8d554299234fd0440f	12610116	0.4992944598197937
5ae22b8d554299234fd0440f	27380232	0.4201897382736206
5ae2b770554299495565db0f	24001154	0.7628629207611084
5ae2b770554299495565db0f	25270467	0.6689798831939697
5ae2b770554299495565db0f	5007400	0.6638336181640625
5ae2b770554299495565db0f	26513000	0.6324372887611389
5ae2b770554299495565db0f	4738631	0.6318854093551636
5ae2b770554299495565db0f	43716664	0.6182230114936829
5ae2b770554299495565db0f	2316740	0.5947867631912231
5ae2b770554299495565db0f	45508137	0.5542705059051514
5ae2b770554299495565db0f	25071632	0.539975106716156
5ae2b770554299495565db0f	1445231	0.5126757025718689
5ae2dd2055429928c423950d	31548706	1.060369610786438
5ae2dd2055429928c423950d	124942	1.0362248420715332
5ae2dd2055429928c423950d	24907873	0.8853015303611755
5ae2dd2055429928c423950d	24907891	0.8258348107337952
5ae2dd2055429928c423950d	124900	0.7916737198829651
5ae2dd2055429928c423950d	17307770	0.7906814813613892
5ae2dd2055429928c423950d	93510	0.7823701500892639
5ae2dd2055429928c423950d	124750	0.7694135904312134
5ae2dd2055429928c423950d	4347685	0.715737521648407
5ae2dd2055429928c423950d	259594	0.699667751789093
5ae32e125542991a06ce9946	16784040	0.9947730898857117
5ae32e125542991a06ce9946	27792511	0.9790468811988831
5ae32e125542991a06ce9946	2354049	0.9441185593605042
5ae32e125542991a06ce9946	32247360	0.9121155738830566
5ae32e125542991a06ce9946	3021713	0.8990196585655212
5ae32e125542991a06ce9946	1414171	0.8708820939064026
5ae32e125542991a06ce9946	2402450	0.8699183464050293
5ae32e125542991a06ce9946	2402437	0.8605334162712097
5ae32e125542991a06ce9946	3857353	0.7816597819328308
5ae32e125542991a06ce9946	18334772	0.7074659466743469
5ae33c4d5542992f92d82262	5369054	0.9614734649658203
5ae33c4d5542992f92d82262	25553008	0.8344283103942871
5ae33c4d5542992f92d82262	23758461	0.7977643013000488
5ae33c4d5542992f92d82262	1184212	0.7897555828094482
5ae33c4d5542992f92d82262	301045	0.7789486050605774
5ae33c4d5542992f92d82262	299510	0.7727180123329163
5ae33c4d5542992f92d82262	10997240	0.7550666332244873
5ae33c4d5542992f92d82262	12893172	0.7538271546363831
5ae33c4d5542992f92d82262	40525906	0.7091147303581238
5ae33c4d5542992f92d82262	47077461	0.6884296536445618
5ae37c765542992f92d822d4	105406	0.9165347218513489
5ae37c765542992f92d822d4	202652	0.8287083506584167
5ae37c765542992f92d822d4	34792916	0.795966386795044
5ae37c765542992f92d822d4	8609183	0.7788369059562683
5ae37c765542992f92d822d4	10309462	0.7765153050422668
5ae37c765542992f92d822d4	2144497	0.7665023803710938
5ae37c765542992f92d822d4	334649	0.7589612603187561
5ae37c765542992f92d822d4	25821	0.7380720973014832
5ae37c765542992f92d822d4	42487374	0.7043129205703735
5ae37c765542992f92d822d4	39500581	0.6216488480567932
5ae4a3265542995ad6573de5	978819	0.9952165484428406
5ae4a3265542995ad6573de5	25831174	0.9198695421218872
5ae4a3265542995ad6573de5	13651229	0.8756073713302612
5ae4a3265542995ad6573de5	8300621	0.8667905926704407
5ae4a3265542995ad6573de5	22966091	0.8624609112739563
5ae4a3265542995ad6573de5	15199401	0.8596134185791016
5ae4a3265542995ad6573de5	8602447	0.8584726452827454
5ae4a3265542995ad6573de5	8411870	0.8563718199729919
5ae4a3265542995ad6573de5	38581604	0.8296019434928894
5ae4a3265542995ad6573de5	24107291	0.8262774348258972
5ae53b545542990ba0bbb23c	6252189	1.0045936107635498
5ae53b545542990ba0bbb23c	7073876	0.9112259149551392
5ae53b545542990ba0bbb23c	6305987	0.8301963806152344
5ae53b545542990ba0bbb23c	3600997	0.8135033249855042
5ae53b545542990ba0bbb23c	6675854	0.8038727045059204
5ae53b545542990ba0bbb23c	6301850	0.8005942702293396
5ae53b545542990ba0bbb23c	6305855	0.7780322432518005
5ae53b545542990ba0bbb23c	14664501	0.7142141461372375
5ae53b545542990ba0bbb23c	44462996	0.7068507075309753
5ae53b545542990ba0bbb23c	7086011	0.6537810564041138
5ae5736e5542990ba0bbb2b3	18306417	0.8149429559707642
5ae5736e5542990ba0bbb2b3	22728395	0.7747740149497986
5ae5736e5542990ba0bbb2b3	53625000	0.7569755911827087
5ae5736e5542990ba0bbb2b3	51260917	0.7525668740272522
5ae5736e5542990ba0bbb2b3	51213996	0.7307583093643188
5ae5736e5542990ba0bbb2b3	54054313	0.725924015045166
5ae5736e5542990ba0bbb2b3	52269209	0.7184869050979614
5ae5736e5542990ba0bbb2b3	36350812	0.7110877633094788
5ae5736e5542990ba0bbb2b3	53947765	0.6821082234382629
5ae5736e5542990ba0bbb2b3	19448384	0.6271529793739319
5ae5aba0554299546bf82f17	55135020	0.9367347359657288
5ae5aba0554299546bf82f17	315567	0.9367347359657288
5ae5aba0554299546bf82f17	48544118	0.928808331489563
5ae5aba0554299546bf82f17	48763449	0.9123425483703613
5ae5aba0554299546bf82f17	1231892	0.8797190189361572
5ae5aba0554299546bf82f17	48544290	0.8128953576087952
5ae5aba0554299546bf82f17	861898	0.7998351454734802
5ae5aba0554299546bf82f17	4909055	0.7457599639892578
5ae5aba0554299546bf82f17	1328397	0.7412174344062805
5ae5aba0554299546bf82f17	1838245	0.7137143015861511
5ae6050f55429929b0807a5e	8539872	0.9531049728393555
5ae6050f55429929b0807a5e	4621264	0.8207844495773315
5ae6050f55429929b0807a5e	54493891	0.8173651099205017
5ae6050f55429929b0807a5e	2966155	0.8159533739089966
5ae6050f55429929b0807a5e	651486	0.8118438124656677
5ae6050f55429929b0807a5e	51016672	0.7838426232337952
5ae6050f55429929b0807a5e	1064879	0.7710249423980713
5ae6050f55429929b0807a5e	1015217	0.7465748190879822
5ae6050f55429929b0807a5e	3958959	0.7463374733924866
5ae6050f55429929b0807a5e	2642434	0.6278121471405029
5ae73acb5542991e8301cc07	12927792	0.7970237731933594
5ae73acb5542991e8301cc07	20088244	0.7475038170814514
5ae73acb5542991e8301cc07	1332662	0.6055798530578613
5ae73acb5542991e8301cc07	13058161	0.5981893539428711
5ae73acb5542991e8301cc07	41008174	0.580456554889679
5ae73acb5542991e8301cc07	34287915	0.5515515804290771
5ae73acb5542991e8301cc07	7688435	0.5395552515983582
5ae73acb5542991e8301cc07	27618373	0.5344972014427185
5ae73acb5542991e8301cc07	37182082	0.5220304727554321
5ae73acb5542991e8301cc07	39347624	0.5098135471343994
5ae7a8175542993210983ed8	38828650	0.9596729278564453
5ae7a8175542993210983ed8	24584690	0.8097391724586487
5ae7a8175542993210983ed8	5527366	0.752993643283844
5ae7a8175542993210983ed8	20005788	0.7298033237457275
5ae7a8175542993210983ed8	6235575	0.7214981913566589
5ae7a8175542993210983ed8	18103178	0.7024016976356506
5ae7a8175542993210983ed8	1628131	0.6894040107727051
5ae7a8175542993210983ed8	24491273	0.6889378428459167
5ae7a8175542993210983ed8	3421551	0.6573837399482727
5ae7a8175542993210983ed8	2022615	0.6566449403762817
5ae7ba7a5542993210983f12	2319209	0.7752142548561096
5ae7ba7a5542993210983f12	1785212	0.7454107403755188
5ae7ba7a5542993210983f12	2545134	0.736370861530304
5ae7ba7a5542993210983f12	22469168	0.72975093126297
5ae7ba7a5542993210983f12	28824929	0.7171507477760315
5ae7ba7a5542993210983f12	1240297	0.7025935053825378
5ae7ba7a5542993210983f12	31500555	0.6974983215332031
5ae7ba7a5542993210983f12	14744091	0.6972342133522034
5ae7ba7a5542993210983f12	239036	0.6964439153671265
5ae7ba7a5542993210983f12	39303371	0.6668916344642639
5ae7e1fc55429952e35ea9cc	5613710	0.8199771046638489
5ae7e1fc55429952e35ea9cc	32018774	0.5590420961380005
5ae7e1fc55429952e35ea9cc	24104048	0.5515822768211365
5ae7e1fc55429952e35ea9cc	5999878	0.5411126613616943
5ae7e1fc55429952e35ea9cc	19407501	0.52675861120224
5ae7e1fc55429952e35ea9cc	49026018	0.5185741186141968
5ae7e1fc55429952e35ea9cc	2553848	0.5181905031204224
5ae7e1fc55429952e35ea9cc	70748	0.48444664478302
5ae7e1fc55429952e35ea9cc	18543088	0.483090341091156
5ae7e1fc55429952e35ea9cc	7163870	0.4577161967754364
