5a713ea95542994082a3e6e4	33207209	0.9976199269294739
5a713ea95542994082a3e6e4	50398586	0.3745224177837372
5a713ea95542994082a3e6e4	15336760	0.11629103869199753
5a713ea95542994082a3e6e4	36063746	0.06055908277630806
5a713ea95542994082a3e6e4	3832663	0.029119836166501045
5a713ea95542994082a3e6e4	60056	0.02124427817761898
5a713ea95542994082a3e6e4	1603032	0.01938612386584282
5a713ea95542994082a3e6e4	37105409	0.019305964931845665
5a713ea95542994082a3e6e4	8970	0.018339959904551506
5a713ea95542994082a3e6e4	6884320	0.00235065002925694
5a7166395542994082a3e814	163327	0.9909684062004089
5a7166395542994082a3e814	170430	0.7966822385787964
5a7166395542994082a3e814	24045768	0.2799610197544098
5a7166395542994082a3e814	19289345	0.059531908482313156
5a7166395542994082a3e814	16822019	0.030454054474830627
5a7166395542994082a3e814	28695986	0.014905604533851147
5a7166395542994082a3e814	6904062	0.01099483948200941
5a7166395542994082a3e814	1419806	0.005036805756390095
5a7166395542994082a3e814	7588662	0.0034438378643244505
5a7166395542994082a3e814	25074352	0.0026047725696116686
5a722b8655429971e9dc9329	1457187	0.987082839012146
5a722b8655429971e9dc9329	589843	0.6909412145614624
5a722b8655429971e9dc9329	14210140	0.6890384554862976
5a722b8655429971e9dc9329	21683	0.5322644710540771
5a722b8655429971e9dc9329	27011420	0.44920769333839417
5a722b8655429971e9dc9329	17250006	0.32079702615737915
5a722b8655429971e9dc9329	1858650	0.06360281258821487
5a722b8655429971e9dc9329	4393124	0.007100931368768215
5a722b8655429971e9dc9329	48966842	0.0008117940742522478
5a722b8655429971e9dc9329	11486336	0.0007999197696335614
5a7320565542991f9a20c61d	4301922	0.9955991506576538
5a7320565542991f9a20c61d	2734548	0.9707076549530029
5a7320565542991f9a20c61d	956336	0.9140753746032715
5a7320565542991f9a20c61d	22874734	0.7370938658714294
5a7320565542991f9a20c61d	36810975	0.1406792849302292
5a7320565542991f9a20c61d	14534266	0.13571396470069885
5a7320565542991f9a20c61d	12356198	0.06870049983263016
5a7320565542991f9a20c61d	49454934	0.0521661750972271
5a7320565542991f9a20c61d	17184022	0.008633994497358799
5a7320565542991f9a20c61d	4975937	0.00010232661588815972
5a74106b55429979e288289e	38215932	0.9957078695297241
5a74106b55429979e288289e	42182160	0.8220497369766235
5a74106b55429979e288289e	4166622	0.303758829832077
5a74106b55429979e288289e	20458273	0.24227099120616913
5a74106b55429979e288289e	38012368	0.16897790133953094
5a74106b55429979e288289e	54396890	0.16647839546203613
5a74106b55429979e288289e	54102832	0.15037594735622406
5a74106b55429979e288289e	52637870	0.044746942818164825
5a74106b55429979e288289e	31009687	0.01081190723925829
5a74106b55429979e288289e	50760704	0.007314097601920366
5a7571135542992d0ec05f98	2901307	0.9967203736305237
5a7571135542992d0ec05f98	27746052	0.5942103862762451
5a7571135542992d0ec05f98	45639814	0.5200125575065613
5a7571135542992d0ec05f98	30071593	0.03163621947169304
5a7571135542992d0ec05f98	2785594	0.01976706273853779
5a7571135542992d0ec05f98	7647152	0.007478740066289902
5a7571135542992d0ec05f98	50942466	0.007342115044593811
5a7571135542992d0ec05f98	1713373	0.004267923533916473
5a7571135542992d0ec05f98	47179398	0.002759374678134918
5a7571135542992d0ec05f98	1826256	0.002142238197848201
5a75e05c55429976ec32bc5f	10426459	0.9905638694763184
5a75e05c55429976ec32bc5f	5621707	0.002141596982255578
5a75e05c55429976ec32bc5f	10945497	0.0006121840560808778
5a75e05c55429976ec32bc5f	30083927	0.000559176376555115
5a75e05c55429976ec32bc5f	33438846	0.00035263365134596825
5a75e05c55429976ec32bc5f	23729401	0.0003094266285188496
5a75e05c55429976ec32bc5f	53955196	0.00016485292871948332
5a75e05c55429976ec32bc5f	5166933	2.6524234272073954e-05
5a75e05c55429976ec32bc5f	10387327	1.7023610780597664e-05
5a75e05c55429976ec32bc5f	769075	1.651230013521854e-05
5a760ab65542994ccc918697	22376606	0.9870989918708801
5a760ab65542994ccc918697	8370485	0.006231104023754597
5a760ab65542994ccc918697	80140	0.0036712554283440113
5a760ab65542994ccc918697	19283265	0.0025585840921849012
5a760ab65542994ccc918697	5030380	0.0010877243475988507
5a760ab65542994ccc918697	53528449	0.0007414636784233153
5a760ab65542994ccc918697	6272587	0.0007076404872350395
5a760ab65542994ccc918697	10608302	0.00046370350173674524
5a760ab65542994ccc918697	20340381	0.0004215339431539178
5a760ab65542994ccc918697	42651331	0.0001839090109569952
5a7625e8554299109176e66a	49467677	0.9964852333068848
5a7625e8554299109176e66a	47254548	0.8702837228775024
5a7625e8554299109176e66a	42007718	0.8696798086166382
5a7625e8554299109176e66a	42317270	0.8612633943557739
5a7625e8554299109176e66a	47089174	0.8575877547264099
5a7625e8554299109176e66a	49430716	0.856327474117279
5a7625e8554299109176e66a	47108782	0.8479801416397095
5a7625e8554299109176e66a	42033259	0.8242717385292053
5a7625e8554299109176e66a	47128403	0.8132786154747009
5a7625e8554299109176e66a	2383948	0.46157515048980713
5a77152355429966f1a36c2e	2995506	0.9889861345291138
5a77152355429966f1a36c2e	15863594	0.9494068026542664
5a77152355429966f1a36c2e	13807392	0.8688502311706543
5a77152355429966f1a36c2e	22392117	0.6312648057937622
5a77152355429966f1a36c2e	22381982	0.6139858365058899
5a77152355429966f1a36c2e	6339145	0.5346752405166626
5a77152355429966f1a36c2e	5756339	0.4759677052497864
5a77152355429966f1a36c2e	296389	0.45057791471481323
5a77152355429966f1a36c2e	2062731	0.449874609708786
5a77152355429966f1a36c2e	6017866	0.40791764855384827
5a7759fc5542993569682d60	10600778	0.9970521926879883
5a7759fc5542993569682d60	2995850	0.9942089319229126
5a7759fc5542993569682d60	2593119	0.5950057506561279
5a7759fc5542993569682d60	26895046	0.5013772249221802
5a7759fc5542993569682d60	36110554	0.01279507391154766
5a7759fc5542993569682d60	39040173	0.00635776249691844
5a7759fc5542993569682d60	55109	0.0034079253673553467
5a7759fc5542993569682d60	28114257	0.0025323894806206226
5a7759fc5542993569682d60	43615463	0.0014423789689317346
5a7759fc5542993569682d60	3483372	0.001230824738740921
5a77724455429972597f153e	5222093	0.7359330654144287
5a77724455429972597f153e	3663589	0.5396893620491028
5a77724455429972597f153e	1135746	0.4572848081588745
5a77724455429972597f153e	2226343	0.3175371587276459
5a77724455429972597f153e	17880803	0.03995848819613457
5a77724455429972597f153e	26228047	0.02333690971136093
5a77724455429972597f153e	26011993	0.019694838672876358
5a77724455429972597f153e	14981335	0.015618027187883854
5a77724455429972597f153e	7144358	0.01187758706510067
5a77724455429972597f153e	3750016	0.0014612112427130342
5a77cb335542997042120b3a	13775302	0.9970001578330994
5a77cb335542997042120b3a	54623564	0.918680727481842
5a77cb335542997042120b3a	995253	0.7245023846626282
5a77cb335542997042120b3a	54723651	0.30041542649269104
5a77cb335542997042120b3a	27144533	0.2873222529888153
5a77cb335542997042120b3a	48307740	0.26770150661468506
5a77cb335542997042120b3a	55261996	0.2621800899505615
5a77cb335542997042120b3a	44109925	0.25835710763931274
5a77cb335542997042120b3a	49097034	0.25369828939437866
5a77cb335542997042120b3a	47643675	0.10425864905118942
5a78bd9b554299078472774a	5618128	0.9986942410469055
5a78bd9b554299078472774a	6185783	0.990334689617157
5a78bd9b554299078472774a	53461822	0.5166100859642029
5a78bd9b554299078472774a	813030	0.4810967743396759
5a78bd9b554299078472774a	8629437	0.3013079762458801
5a78bd9b554299078472774a	106139	0.18554341793060303
5a78bd9b554299078472774a	16997496	0.11729662865400314
5a78bd9b554299078472774a	49886258	0.11410348117351532
5a78bd9b554299078472774a	39219923	0.006826460361480713
5a78bd9b554299078472774a	23180078	0.005478925537317991
5a79311755429970f5fffe67	1053836	0.9937716126441956
5a79311755429970f5fffe67	24151395	0.9895127415657043
5a79311755429970f5fffe67	34732573	0.946557343006134
5a79311755429970f5fffe67	34156404	0.9407368898391724
5a79311755429970f5fffe67	1055287	0.8216714262962341
5a79311755429970f5fffe67	7059328	0.8097901344299316
5a79311755429970f5fffe67	21081057	0.6424077749252319
5a79311755429970f5fffe67	12119947	0.6032804250717163
5a79311755429970f5fffe67	671287	0.5698531866073608
5a79311755429970f5fffe67	3700776	0.2810879051685333
5a7a0e1e5542990783324e1a	13526140	0.9942482709884644
5a7a0e1e5542990783324e1a	62888	0.9048665761947632
5a7a0e1e5542990783324e1a	766961	0.857683539390564
5a7a0e1e5542990783324e1a	62891	0.7709923386573792
5a7a0e1e5542990783324e1a	766926	0.6299976110458374
5a7a0e1e5542990783324e1a	685939	0.42895299196243286
5a7a0e1e5542990783324e1a	4082592	0.23232337832450867
5a7a0e1e5542990783324e1a	727677	0.047689326107501984
5a7a0e1e5542990783324e1a	796253	0.01007627323269844
5a7a0e1e5542990783324e1a	26909232	0.002797886496409774
5a7bbb64554299042af8f7cc	39354179	0.984393298625946
5a7bbb64554299042af8f7cc	23960843	0.8783539533615112
5a7bbb64554299042af8f7cc	53235326	0.7375526428222656
5a7bbb64554299042af8f7cc	33283088	0.6402447819709778
5a7bbb64554299042af8f7cc	3723961	0.5513193011283875
5a7bbb64554299042af8f7cc	39252878	0.031400054693222046
5a7bbb64554299042af8f7cc	51514491	0.014899891801178455
5a7bbb64554299042af8f7cc	33687379	0.0046209548600018024
5a7bbb64554299042af8f7cc	31100297	0.0014594647800549865
5a7bbb64554299042af8f7cc	31486036	0.0004194462962914258
5a7be2595542997c3ec972ac	238117	0.21206891536712646
5a7be2595542997c3ec972ac	11049383	0.02024129591882229
5a7be2595542997c3ec972ac	15053909	0.014013868756592274
5a7be2595542997c3ec972ac	917616	0.013152030296623707
5a7be2595542997c3ec972ac	20097385	0.0090330233797431
5a7be2595542997c3ec972ac	294908	0.00499219773337245
5a7be2595542997c3ec972ac	50892994	0.004818152170628309
5a7be2595542997c3ec972ac	42604783	0.004431526642292738
5a7be2595542997c3ec972ac	18744400	0.0017513560596853495
5a7be2595542997c3ec972ac	26209228	0.001580908428877592
5a7cc50e554299452d57ba3e	559324	0.9837839603424072
5a7cc50e554299452d57ba3e	189650	0.9564245939254761
5a7cc50e554299452d57ba3e	8537613	0.7449944019317627
5a7cc50e554299452d57ba3e	17294296	0.741337776184082
5a7cc50e554299452d57ba3e	5562983	0.42770352959632874
5a7cc50e554299452d57ba3e	682294	0.12023921310901642
5a7cc50e554299452d57ba3e	682305	0.08139722794294357
5a7cc50e554299452d57ba3e	682273	0.029213886708021164
5a7cc50e554299452d57ba3e	3565805	0.0054258364252746105
5a7cc50e554299452d57ba3e	15654271	0.001961025409400463
5a7d54165542995f4f402256	4319752	0.9968178272247314
5a7d54165542995f4f402256	3823869	0.9870801568031311
5a7d54165542995f4f402256	3824084	0.9674033522605896
5a7d54165542995f4f402256	24825689	0.9106140732765198
5a7d54165542995f4f402256	3416349	0.9024998545646667
5a7d54165542995f4f402256	36030068	0.7169541120529175
5a7d54165542995f4f402256	176794	0.36655324697494507
5a7d54165542995f4f402256	3533496	0.21761061251163483
5a7d54165542995f4f402256	142930	0.17821495234966278
5a7d54165542995f4f402256	2751696	0.07455997914075851
5a80721b554299485f5985ef	35527133	0.9870972633361816
5a80721b554299485f5985ef	240900	0.3525945544242859
5a80721b554299485f5985ef	34915981	0.051948182284832
5a80721b554299485f5985ef	35279534	0.042483970522880554
5a80721b554299485f5985ef	35081652	0.03128810226917267
5a80721b554299485f5985ef	35518890	0.02982955239713192
5a80721b554299485f5985ef	41489707	0.02022697404026985
5a80721b554299485f5985ef	35035937	0.008084526285529137
5a80721b554299485f5985ef	44304579	0.005773357581347227
5a80721b554299485f5985ef	36927001	0.0007957908092066646
5a80840f554299485f59863b	18589083	0.9978930354118347
5a80840f554299485f59863b	3583342	0.9708662629127502
5a80840f554299485f59863b	21172539	0.955600380897522
5a80840f554299485f59863b	25650659	0.2723012864589691
5a80840f554299485f59863b	29290804	0.07741671800613403
5a80840f554299485f59863b	4100858	0.027086623013019562
5a80840f554299485f59863b	1781425	0.02294881083071232
5a80840f554299485f59863b	29540174	0.010058415122330189
5a80840f554299485f59863b	21477287	0.005413294769823551
5a80840f554299485f59863b	2504788	0.0045713502913713455
5a80b3a9554299485f5986cc	137593	0.9966381788253784
5a80b3a9554299485f5986cc	8914502	0.9939594268798828
5a80b3a9554299485f5986cc	137582	0.6055009961128235
5a80b3a9554299485f5986cc	4156637	0.5223261117935181
5a80b3a9554299485f5986cc	36513143	0.4848421812057495
5a80b3a9554299485f5986cc	53393791	0.3128809928894043
5a80b3a9554299485f5986cc	4006534	0.07230399549007416
5a80b3a9554299485f5986cc	4007439	0.06630581617355347
5a80b3a9554299485f5986cc	21661154	0.05377902090549469
5a80b3a9554299485f5986cc	6389263	0.0034729158505797386
5a8133725542995ce29dcbdb	504845	0.9950276017189026
5a8133725542995ce29dcbdb	506708	0.9820319414138794
5a8133725542995ce29dcbdb	6642349	0.9745194911956787
5a8133725542995ce29dcbdb	505456	0.8518186807632446
5a8133725542995ce29dcbdb	17124944	0.8272034525871277
5a8133725542995ce29dcbdb	31567113	0.42639756202697754
5a8133725542995ce29dcbdb	4355289	0.29513683915138245
5a8133725542995ce29dcbdb	16985335	0.1771763563156128
5a8133725542995ce29dcbdb	505399	0.029494836926460266
5a8133725542995ce29dcbdb	201108	0.009189476259052753
5a828c8355429966c78a6a50	767631	0.9967396855354309
5a828c8355429966c78a6a50	7586794	0.9962367415428162
5a828c8355429966c78a6a50	4234277	0.9871158003807068
5a828c8355429966c78a6a50	41416260	0.8767663836479187
5a828c8355429966c78a6a50	2941915	0.77073734998703
5a828c8355429966c78a6a50	18611455	0.7419800758361816
5a828c8355429966c78a6a50	19745739	0.2728038728237152
5a828c8355429966c78a6a50	3852227	0.029668619856238365
5a828c8355429966c78a6a50	17571394	0.01710238680243492
5a828c8355429966c78a6a50	17194573	0.004049949813634157
5a835478554299123d8c20ed	55490	0.9902715086936951
5a835478554299123d8c20ed	231716	0.9767265319824219
5a835478554299123d8c20ed	30860229	0.15780116617679596
5a835478554299123d8c20ed	30140114	0.0745868980884552
5a835478554299123d8c20ed	7487249	0.017535019665956497
5a835478554299123d8c20ed	30140019	0.01492932066321373
5a835478554299123d8c20ed	30127730	0.007625125348567963
5a835478554299123d8c20ed	7487347	0.004023237153887749
5a835478554299123d8c20ed	3076744	0.0005561985308304429
5a835478554299123d8c20ed	7604657	0.00022643986449111253
5a8361b65542992ef85e22a0	6686528	0.9954505562782288
5a8361b65542992ef85e22a0	6685542	0.41809651255607605
5a8361b65542992ef85e22a0	36279106	0.13909269869327545
5a8361b65542992ef85e22a0	6211907	0.11787029355764389
5a8361b65542992ef85e22a0	1637027	0.06460455060005188
5a8361b65542992ef85e22a0	1388080	0.06407637894153595
5a8361b65542992ef85e22a0	10863665	0.05064661055803299
5a8361b65542992ef85e22a0	10658465	0.02931836247444153
5a8361b65542992ef85e22a0	40798843	0.028111163526773453
5a8361b65542992ef85e22a0	10976886	0.015281879343092442
5a84c4135542994c784dda31	1331885	0.9864507913589478
5a84c4135542994c784dda31	2011429	0.9312610626220703
5a84c4135542994c784dda31	26499023	0.7059988975524902
5a84c4135542994c784dda31	24749059	0.6431005597114563
5a84c4135542994c784dda31	26441711	0.21647439897060394
5a84c4135542994c784dda31	18450110	0.1679997593164444
5a84c4135542994c784dda31	34844936	0.1581537276506424
5a84c4135542994c784dda31	44473379	0.12535855174064636
5a84c4135542994c784dda31	26499026	0.10393382608890533
5a84c4135542994c784dda31	23190485	0.04516267403960228
5a85b2d95542997b5ce40028	507437	0.9987708926200867
5a85b2d95542997b5ce40028	26618376	0.6415107846260071
5a85b2d95542997b5ce40028	282635	0.5941706299781799
5a85b2d95542997b5ce40028	10300911	0.1635570228099823
5a85b2d95542997b5ce40028	48779176	0.12819573283195496
5a85b2d95542997b5ce40028	5367625	0.029666773974895477
5a85b2d95542997b5ce40028	42448609	0.011887451633810997
5a85b2d95542997b5ce40028	5164286	0.006461760960519314
5a85b2d95542997b5ce40028	22209192	0.004670516587793827
5a85b2d95542997b5ce40028	48803522	0.0026787505485117435
5a85ea095542994775f606a8	18974107	0.9919356107711792
5a85ea095542994775f606a8	12342237	0.9440040588378906
5a85ea095542994775f606a8	42552298	0.8890380263328552
5a85ea095542994775f606a8	12342028	0.7946764826774597
5a85ea095542994775f606a8	24155926	0.2399827092885971
5a85ea095542994775f606a8	2535361	0.1556033194065094
5a85ea095542994775f606a8	27119449	0.07838721573352814
5a85ea095542994775f606a8	3429982	0.05363256484270096
5a85ea095542994775f606a8	6529242	0.04635903239250183
5a85ea095542994775f606a8	9045737	0.015153074637055397
5a85fb085542994775f606de	4660171	0.9964801669120789
5a85fb085542994775f606de	8056688	0.9942187070846558
5a85fb085542994775f606de	5781218	0.9872353672981262
5a85fb085542994775f606de	37569726	0.987190842628479
5a85fb085542994775f606de	2184393	0.9846818447113037
5a85fb085542994775f606de	16265867	0.9838295578956604
5a85fb085542994775f606de	97734	0.9833080768585205
5a85fb085542994775f606de	3438235	0.975263237953186
5a85fb085542994775f606de	16267084	0.9518550634384155
5a85fb085542994775f606de	9401622	0.945715069770813
5a86ebac55429960ec39b6d6	9714723	0.9926080703735352
5a86ebac55429960ec39b6d6	37231747	0.9799575209617615
5a86ebac55429960ec39b6d6	4863082	0.38429147005081177
5a86ebac55429960ec39b6d6	1213210	0.30920910835266113
5a86ebac55429960ec39b6d6	48392568	0.016436118632555008
5a86ebac55429960ec39b6d6	2026780	0.010786104016005993
5a86ebac55429960ec39b6d6	25687754	0.0055267889983952045
5a86ebac55429960ec39b6d6	50934180	0.0036716230679303408
5a86ebac55429960ec39b6d6	10138928	0.002431141445413232
5a86ebac55429960ec39b6d6	3870849	0.0006969260284677148
5a877e5d5542993e715abf7d	101813	0.9575620889663696
5a877e5d5542993e715abf7d	15881207	0.9221660494804382
5a877e5d5542993e715abf7d	15233424	0.6476329565048218
5a877e5d5542993e715abf7d	1820344	0.606685221195221
5a877e5d5542993e715abf7d	27691376	0.5928817987442017
5a877e5d5542993e715abf7d	6559383	0.47192829847335815
5a877e5d5542993e715abf7d	11956773	0.4295855164527893
5a877e5d5542993e715abf7d	20072102	0.397015780210495
5a877e5d5542993e715abf7d	1823450	0.371721088886261
5a877e5d5542993e715abf7d	48514654	0.35743021965026855
5a87ab905542996e4f3088c1	3745972	0.9940922856330872
5a87ab905542996e4f3088c1	1922186	0.9685361981391907
5a87ab905542996e4f3088c1	5478499	0.18120495975017548
5a87ab905542996e4f3088c1	2344903	0.07980836182832718
5a87ab905542996e4f3088c1	7097436	0.029565172269940376
5a87ab905542996e4f3088c1	2369195	0.0268922857940197
5a87ab905542996e4f3088c1	4771288	0.016734052449464798
5a87ab905542996e4f3088c1	7474473	0.01386744063347578
5a87ab905542996e4f3088c1	50700757	0.00429534912109375
5a87ab905542996e4f3088c1	49260989	0.00403943657875061
5a87c13f5542996e4f30890c	50924944	0.8283362984657288
5a87c13f5542996e4f30890c	37880336	0.6415507197380066
5a87c13f5542996e4f30890c	14261811	0.5254950523376465
5a87c13f5542996e4f30890c	46742178	0.47286152839660645
5a87c13f5542996e4f30890c	45112500	0.4622063636779785
5a87c13f5542996e4f30890c	18566585	0.1409529745578766
5a87c13f5542996e4f30890c	50924995	0.13742980360984802
5a87c13f5542996e4f30890c	12204056	0.0689433142542839
5a87c13f5542996e4f30890c	695055	0.046725280582904816
5a87c13f5542996e4f30890c	11199165	0.03224645555019379
5a88658955429938390d3f47	4824659	0.9871203303337097
5a88658955429938390d3f47	1029446	0.04218672588467598
5a88658955429938390d3f47	23600974	0.007963951677083969
5a88658955429938390d3f47	36971717	0.003976968117058277
5a88658955429938390d3f47	24645062	0.0025033135898411274
5a88658955429938390d3f47	30409312	0.0006003825692459941
5a88658955429938390d3f47	50586770	0.0003001042641699314
5a88658955429938390d3f47	50291521	0.00025477487361058593
5a88658955429938390d3f47	48481930	0.0002005252754315734
5a88658955429938390d3f47	1191276	0.00014883565017953515
5a8979f4554299669944a52e	16927497	0.9981701374053955
5a8979f4554299669944a52e	12926065	0.9920164346694946
5a8979f4554299669944a52e	54853057	0.22150163352489471
5a8979f4554299669944a52e	40916638	0.04624805226922035
5a8979f4554299669944a52e	8144818	0.001005238271318376
5a8979f4554299669944a52e	49495791	0.0008799931965768337
5a8979f4554299669944a52e	1941607	0.0003876305709127337
5a8979f4554299669944a52e	44307619	8.220912422984838e-05
5a8979f4554299669944a52e	50303888	7.050258864182979e-05
5a8979f4554299669944a52e	2743196	8.19702290755231e-06
5a8a3e745542996c9b8d5e70	30600	0.9975581169128418
5a8a3e745542996c9b8d5e70	315144	0.9838309288024902
5a8a3e745542996c9b8d5e70	55396243	0.9554211497306824
5a8a3e745542996c9b8d5e70	55396432	0.9502196907997131
5a8a3e745542996c9b8d5e70	55348595	0.9448559880256653
5a8a3e745542996c9b8d5e70	55348267	0.9441205263137817
5a8a3e745542996c9b8d5e70	55348381	0.9379419684410095
5a8a3e745542996c9b8d5e70	55397052	0.91819828748703
5a8a3e745542996c9b8d5e70	12451973	0.6870116591453552
5a8a3e745542996c9b8d5e70	41544625	0.16261981427669525
5a8a43eb5542996c9b8d5e82	6548000	0.8598908185958862
5a8a43eb5542996c9b8d5e82	2923038	0.3918648958206177
5a8a43eb5542996c9b8d5e82	43738678	0.11623524129390717
5a8a43eb5542996c9b8d5e82	2639822	0.01567786931991577
5a8a43eb5542996c9b8d5e82	7216157	0.008955636061728
5a8a43eb5542996c9b8d5e82	38982055	0.00601793359965086
5a8a43eb5542996c9b8d5e82	11359258	0.005541329272091389
5a8a43eb5542996c9b8d5e82	4630945	0.0026473579928278923
5a8a43eb5542996c9b8d5e82	3446617	0.002089568180963397
5a8a43eb5542996c9b8d5e82	2684359	0.0012786815641447902
5a8b20335542996c9b8d5fb3	807221	0.9141724109649658
5a8b20335542996c9b8d5fb3	243389	0.4884686768054962
5a8b20335542996c9b8d5fb3	15679811	0.17975428700447083
5a8b20335542996c9b8d5fb3	17116053	0.17332395911216736
5a8b20335542996c9b8d5fb3	19169126	0.07314195483922958
5a8b20335542996c9b8d5fb3	42891950	0.06321738660335541
5a8b20335542996c9b8d5fb3	25422438	0.04222143068909645
5a8b20335542996c9b8d5fb3	10957305	0.02569505199790001
5a8b20335542996c9b8d5fb3	15685508	0.0018973370315507054
5a8b20335542996c9b8d5fb3	17285433	0.0015902494778856635
5a8b57f25542995d1e6f1371	2816539	0.9518068432807922
5a8b57f25542995d1e6f1371	2571604	0.2507215738296509
5a8b57f25542995d1e6f1371	43653262	0.0823543593287468
5a8b57f25542995d1e6f1371	41668588	0.04639976844191551
5a8b57f25542995d1e6f1371	3745444	0.04164542257785797
5a8b57f25542995d1e6f1371	35370504	0.027380753308534622
5a8b57f25542995d1e6f1371	27996209	0.01017041690647602
5a8b57f25542995d1e6f1371	31648889	0.0005674577550962567
5a8b57f25542995d1e6f1371	31978030	6.352489435812458e-05
5a8b57f25542995d1e6f1371	12818262	4.340871601016261e-05
5a8c7595554299585d9e36b6	33022480	0.9546772837638855
5a8c7595554299585d9e36b6	37090987	0.6611112356185913
5a8c7595554299585d9e36b6	34389683	0.0442114882171154
5a8c7595554299585d9e36b6	31943641	0.01640670746564865
5a8c7595554299585d9e36b6	32610224	0.005425360053777695
5a8c7595554299585d9e36b6	5399424	0.0017864597029983997
5a8c7595554299585d9e36b6	1774042	0.0014634195249527693
5a8c7595554299585d9e36b6	27693775	0.00015043305756989866
5a8c7595554299585d9e36b6	1562557	9.300396777689457e-05
5a8c7595554299585d9e36b6	7249609	4.776019704877399e-05
5a8db19d5542994ba4e3dd00	86029	0.007947669364511967
5a8db19d5542994ba4e3dd00	54905888	0.002981362631544471
5a8db19d5542994ba4e3dd00	46306809	0.0027648787945508957
5a8db19d5542994ba4e3dd00	55766	0.0020367309916764498
5a8db19d5542994ba4e3dd00	11006088	0.0015588839305564761
5a8db19d5542994ba4e3dd00	456541	0.0002798461355268955
5a8db19d5542994ba4e3dd00	2119889	0.00024259673955384642
5a8db19d5542994ba4e3dd00	49813	0.0002217414294136688
5a8db19d5542994ba4e3dd00	661769	0.00016859741299413145
5a8db19d5542994ba4e3dd00	11209462	7.526894478360191e-05
5a8e068b5542995085b37384	28264322	0.9629970788955688
5a8e068b5542995085b37384	12917945	0.923603355884552
5a8e068b5542995085b37384	35457672	0.8815804123878479
5a8e068b5542995085b37384	5202813	0.8344250917434692
5a8e068b5542995085b37384	7406010	0.8041310906410217
5a8e068b5542995085b37384	28261680	0.7816172242164612
5a8e068b5542995085b37384	46403494	0.7660948634147644
5a8e068b5542995085b37384	4711111	0.7443565726280212
5a8e068b5542995085b37384	5202790	0.657890796661377
5a8e068b5542995085b37384	338549	0.4549751281738281
5a8e0a005542995085b373a1	31439676	0.996154248714447
5a8e0a005542995085b373a1	41160797	0.045552223920822144
5a8e0a005542995085b373a1	48505901	0.043396662920713425
5a8e0a005542995085b373a1	20629678	0.02642405405640602
5a8e0a005542995085b373a1	48249798	0.019448259845376015
5a8e0a005542995085b373a1	49549737	0.010617741383612156
5a8e0a005542995085b373a1	36051409	0.007208408787846565
5a8e0a005542995085b373a1	31445393	0.007035039830952883
5a8e0a005542995085b373a1	25583289	0.0068649789318442345
5a8e0a005542995085b373a1	18406850	0.00022595752670895308
5a8e1027554299653c1aa15f	26519035	0.9903806447982788
5a8e1027554299653c1aa15f	41400568	0.9901522994041443
5a8e1027554299653c1aa15f	30328453	0.9896592497825623
5a8e1027554299653c1aa15f	35533561	0.9872570037841797
5a8e1027554299653c1aa15f	30430836	0.9754589796066284
5a8e1027554299653c1aa15f	26775162	0.9491832256317139
5a8e1027554299653c1aa15f	52621919	0.5666513442993164
5a8e1027554299653c1aa15f	52650610	0.5562093257904053
5a8e1027554299653c1aa15f	52612485	0.5545196533203125
5a8e1027554299653c1aa15f	52474986	0.04475637525320053
5a8e3ea95542995a26add48d	41146297	0.9907349348068237
5a8e3ea95542995a26add48d	17292183	0.3886685371398926
5a8e3ea95542995a26add48d	4123241	0.10864494740962982
5a8e3ea95542995a26add48d	25370032	0.026577644050121307
5a8e3ea95542995a26add48d	13555251	0.01361408457159996
5a8e3ea95542995a26add48d	40783818	0.005729024764150381
5a8e3ea95542995a26add48d	37998489	0.0010044266236945987
5a8e3ea95542995a26add48d	32728918	0.0004732389934360981
5a8e3ea95542995a26add48d	37584321	0.00046231213491410017
5a8e3ea95542995a26add48d	12452884	0.00029698977596126497
5a8ef2a75542995a26add583	51151231	0.9967190623283386
5a8ef2a75542995a26add583	474202	0.9529191255569458
5a8ef2a75542995a26add583	4126306	0.7117917537689209
5a8ef2a75542995a26add583	44752216	0.3737253248691559
5a8ef2a75542995a26add583	14661857	0.23013722896575928
5a8ef2a75542995a26add583	52235687	0.002339639700949192
5a8ef2a75542995a26add583	54975954	0.002324827713891864
5a8ef2a75542995a26add583	3615930	0.001383999246172607
5a8ef2a75542995a26add583	40673733	0.0013375085545703769
5a8ef2a75542995a26add583	23433818	0.0007527766865678132
5a8f4c8d554299458435d5a3	2686770	0.9950491786003113
5a8f4c8d554299458435d5a3	30293057	0.02170310728251934
5a8f4c8d554299458435d5a3	93816	0.0020129908807575703
5a8f4c8d554299458435d5a3	31300655	0.00045552916708402336
5a8f4c8d554299458435d5a3	6051432	0.0003207552363164723
5a8f4c8d554299458435d5a3	20848877	0.00015841252752579749
5a8f4c8d554299458435d5a3	9345489	3.236255361116491e-05
5a8f4c8d554299458435d5a3	307697	2.756889989541378e-05
5a8f4c8d554299458435d5a3	8130605	2.229678284493275e-05
5a8f4c8d554299458435d5a3	8445040	1.88761896424694e-05
5ab29c24554299449642c932	12958	0.7877698540687561
5ab29c24554299449642c932	356933	0.38046225905418396
5ab29c24554299449642c932	338175	0.362561970949173
5ab29c24554299449642c932	26985633	0.2010495811700821
5ab29c24554299449642c932	4515552	0.14541713893413544
5ab29c24554299449642c932	9013078	0.1348026543855667
5ab29c24554299449642c932	409892	0.024780981242656708
5ab29c24554299449642c932	8034914	0.018925517797470093
5ab29c24554299449642c932	1944828	0.008340953849256039
5ab29c24554299449642c932	3511823	0.00582482386380434
5ab2d3df554299194fa9352c	53593530	0.9914984107017517
5ab2d3df554299194fa9352c	18312894	0.8348717093467712
5ab2d3df554299194fa9352c	3355829	0.8197826743125916
5ab2d3df554299194fa9352c	18294513	0.8174251914024353
5ab2d3df554299194fa9352c	45662432	0.03872905671596527
5ab2d3df554299194fa9352c	2156348	0.02108919993042946
5ab2d3df554299194fa9352c	54274916	0.004023759160190821
5ab2d3df554299194fa9352c	34307048	0.0007737429114058614
5ab2d3df554299194fa9352c	145309	0.00034660566598176956
5ab2d3df554299194fa9352c	41553753	5.025730933994055e-05
5ab3b0bf5542992ade7c6e39	2837025	0.8585252165794373
5ab3b0bf5542992ade7c6e39	997939	0.7121946215629578
5ab3b0bf5542992ade7c6e39	458890	0.4670630395412445
5ab3b0bf5542992ade7c6e39	675832	0.2796279788017273
5ab3b0bf5542992ade7c6e39	448514	0.024707915261387825
5ab3b0bf5542992ade7c6e39	7801486	0.024561457335948944
5ab3b0bf5542992ade7c6e39	349213	0.013412166386842728
5ab3b0bf5542992ade7c6e39	11184661	0.013407409191131592
5ab3b0bf5542992ade7c6e39	97778	0.002161370124667883
5ab3b0bf5542992ade7c6e39	2021322	0.0007939169881865382
5ab3e45655429976abd1bcd4	38281459	0.9933505654335022
5ab3e45655429976abd1bcd4	22141825	0.9658863544464111
5ab3e45655429976abd1bcd4	28818188	0.9507924914360046
5ab3e45655429976abd1bcd4	27546117	0.9113321900367737
5ab3e45655429976abd1bcd4	44294723	0.8752042055130005
5ab3e45655429976abd1bcd4	29920971	0.8232433199882507
5ab3e45655429976abd1bcd4	54396393	0.5485550761222839
5ab3e45655429976abd1bcd4	26228256	0.38626983761787415
5ab3e45655429976abd1bcd4	52015727	0.18830952048301697
5ab3e45655429976abd1bcd4	14517307	0.06168759614229202
5ab51dae5542991779162d82	262473	0.9726253747940063
5ab51dae5542991779162d82	2080595	0.848228394985199
5ab51dae5542991779162d82	30865483	0.0688183531165123
5ab51dae5542991779162d82	1637981	0.045471396297216415
5ab51dae5542991779162d82	3749491	0.03888325020670891
5ab51dae5542991779162d82	1617432	0.019295817241072655
5ab51dae5542991779162d82	8634411	0.009459925815463066
5ab51dae5542991779162d82	6742374	0.007375907152891159
5ab51dae5542991779162d82	6751875	0.006573977414518595
5ab51dae5542991779162d82	19472487	0.0038160819094628096
5ab56e32554299637185c594	16605491	0.9891546368598938
5ab56e32554299637185c594	46505097	0.8537185192108154
5ab56e32554299637185c594	32610187	0.01342322863638401
5ab56e32554299637185c594	47471400	0.0045208921656012535
5ab56e32554299637185c594	1295216	0.004361986182630062
5ab56e32554299637185c594	37460441	0.0004369121743366122
5ab56e32554299637185c594	40564867	0.00013697346730623394
5ab56e32554299637185c594	37967269	0.00010959914652630687
5ab56e32554299637185c594	1327762	6.77082352922298e-05
5ab56e32554299637185c594	1715589	5.1302777137607336e-05
5ab6d09255429954757d337d	1530047	0.7019245624542236
5ab6d09255429954757d337d	41040633	0.6010950207710266
5ab6d09255429954757d337d	1804754	0.20878799259662628
5ab6d09255429954757d337d	17626035	0.149934783577919
5ab6d09255429954757d337d	20587251	0.061501193791627884
5ab6d09255429954757d337d	1797036	0.045535024255514145
5ab6d09255429954757d337d	5369030	0.03582878038287163
5ab6d09255429954757d337d	760608	0.005588069558143616
5ab6d09255429954757d337d	8514213	0.002603287575766444
5ab6d09255429954757d337d	14862919	0.0019587106071412563
5ab84bf555429916710eb01f	39178180	0.9946218729019165
5ab84bf555429916710eb01f	167638	0.8283974528312683
5ab84bf555429916710eb01f	14742754	0.045646168291568756
5ab84bf555429916710eb01f	20210850	0.028236640617251396
5ab84bf555429916710eb01f	29588957	0.027634426951408386
5ab84bf555429916710eb01f	46289502	0.023532485589385033
5ab84bf555429916710eb01f	6154353	0.022228172048926353
5ab84bf555429916710eb01f	5599252	0.019061414524912834
5ab84bf555429916710eb01f	2606399	0.010785943828523159
5ab84bf555429916710eb01f	13791073	0.004072745330631733
5ab859a955429934fafe6d7b	4516517	0.9963763356208801
5ab859a955429934fafe6d7b	24277417	0.6451258659362793
5ab859a955429934fafe6d7b	15163846	0.35555049777030945
5ab859a955429934fafe6d7b	24178931	0.30696049332618713
5ab859a955429934fafe6d7b	32658485	0.28989067673683167
5ab859a955429934fafe6d7b	1105499	0.08669055998325348
5ab859a955429934fafe6d7b	1519544	0.07289379835128784
5ab859a955429934fafe6d7b	4473418	0.028651107102632523
5ab859a955429934fafe6d7b	2259339	0.028626956045627594
5ab859a955429934fafe6d7b	9638224	0.028025725856423378
5ab96ab755429970cfb8eacd	47839271	0.9943289160728455
5ab96ab755429970cfb8eacd	47849140	0.9893988370895386
5ab96ab755429970cfb8eacd	40343937	0.9846326112747192
5ab96ab755429970cfb8eacd	36244031	0.971958577632904
5ab96ab755429970cfb8eacd	48638095	0.9563079476356506
5ab96ab755429970cfb8eacd	47885710	0.8670446276664734
5ab96ab755429970cfb8eacd	47885665	0.8656179308891296
5ab96ab755429970cfb8eacd	47885714	0.8549026846885681
5ab96ab755429970cfb8eacd	44165438	0.714655339717865
5ab96ab755429970cfb8eacd	43546270	0.4589104652404785
5aba5d2e55429901930fa799	2386310	0.9923444390296936
5aba5d2e55429901930fa799	27108609	0.251389741897583
5aba5d2e55429901930fa799	29964996	0.029317397624254227
5aba5d2e55429901930fa799	50979709	0.020966941490769386
5aba5d2e55429901930fa799	15914850	0.012092605233192444
5aba5d2e55429901930fa799	39630578	0.007088238373398781
5aba5d2e55429901930fa799	14976257	0.0015435452805832028
5aba5d2e55429901930fa799	46641377	0.0012302490649744868
5aba5d2e55429901930fa799	2504159	0.00012339626846369356
5aba5d2e55429901930fa799	31650869	4.297722989576869e-05
5aba749055429901930fa7d8	21443964	0.9629409313201904
5aba749055429901930fa7d8	26736275	0.08447453379631042
5aba749055429901930fa7d8	5083563	0.03163786605000496
5aba749055429901930fa7d8	27526398	0.013810031116008759
5aba749055429901930fa7d8	5083097	0.01234661415219307
5aba749055429901930fa7d8	48074886	0.0001269768108613789
5aba749055429901930fa7d8	35278943	4.638074096874334e-05
5aba749055429901930fa7d8	21089601	3.2879586797207594e-05
5aba749055429901930fa7d8	7884167	1.8971659301314503e-05
5aba749055429901930fa7d8	22167619	1.6246784070972353e-05
5aba7cfe554299232ef4a2fd	53991189	0.9974455833435059
5aba7cfe554299232ef4a2fd	54255474	0.9755653142929077
5aba7cfe554299232ef4a2fd	53921873	0.9499540328979492
5aba7cfe554299232ef4a2fd	54085003	0.9363427758216858
5aba7cfe554299232ef4a2fd	55244220	0.9347264170646667
5aba7cfe554299232ef4a2fd	53856916	0.9165981411933899
5aba7cfe554299232ef4a2fd	53987406	0.8980581760406494
5aba7cfe554299232ef4a2fd	54117138	0.8424181342124939
5aba7cfe554299232ef4a2fd	52158387	0.407170832157135
5aba7cfe554299232ef4a2fd	51791909	0.37675926089286804
5abbf698554299114383a0b5	201787	0.9909047484397888
5abbf698554299114383a0b5	458748	0.8281627893447876
5abbf698554299114383a0b5	180834	0.7872821688652039
5abbf698554299114383a0b5	20488	0.5817283391952515
5abbf698554299114383a0b5	17366750	0.4194965660572052
5abbf698554299114383a0b5	16510658	0.33036598563194275
5abbf698554299114383a0b5	7283918	0.2525450885295868
5abbf698554299114383a0b5	24720153	0.14813919365406036
5abbf698554299114383a0b5	4023114	0.10193947702646255
5abbf698554299114383a0b5	28102603	0.002275285078212619
5abc0a5d5542993f40c73c64	28039883	0.9910946488380432
5abc0a5d5542993f40c73c64	7623313	0.9890087246894836
5abc0a5d5542993f40c73c64	5902241	0.9418604969978333
5abc0a5d5542993f40c73c64	42747282	0.909965991973877
5abc0a5d5542993f40c73c64	29154943	0.8860470652580261
5abc0a5d5542993f40c73c64	29155438	0.8826466798782349
5abc0a5d5542993f40c73c64	29271614	0.7167771458625793
5abc0a5d5542993f40c73c64	2039593	0.7133728861808777
5abc0a5d5542993f40c73c64	4640734	0.0020332445856183767
5abc0a5d5542993f40c73c64	17213566	9.684726683190092e-05
5abd259d55429924427fcf1a	1277632	0.988284707069397
5abd259d55429924427fcf1a	16298123	0.9878087043762207
5abd259d55429924427fcf1a	12887628	0.8347852826118469
5abd259d55429924427fcf1a	12887635	0.7979776859283447
5abd259d55429924427fcf1a	13138338	0.6860127449035645
5abd259d55429924427fcf1a	5914824	0.016180213540792465
5abd259d55429924427fcf1a	26574717	0.015700364485383034
5abd259d55429924427fcf1a	22494822	0.009276259690523148
5abd259d55429924427fcf1a	53491018	0.006730128079652786
5abd259d55429924427fcf1a	5825597	0.005509759299457073
5abd94525542992ac4f382d2	43665973	0.9984261989593506
5abd94525542992ac4f382d2	4239171	0.9919374585151672
5abd94525542992ac4f382d2	40901645	0.988286554813385
5abd94525542992ac4f382d2	52316807	0.9823130965232849
5abd94525542992ac4f382d2	48251442	0.9783550500869751
5abd94525542992ac4f382d2	44696396	0.9737895727157593
5abd94525542992ac4f382d2	49285732	0.9536523222923279
5abd94525542992ac4f382d2	30838328	0.9474465250968933
5abd94525542992ac4f382d2	52076032	0.9115760326385498
5abd94525542992ac4f382d2	47480532	0.27214789390563965
5abdf12255429976d4830a2f	1292882	0.9845543503761292
5abdf12255429976d4830a2f	276085	0.8821412324905396
5abdf12255429976d4830a2f	17153403	0.22505560517311096
5abdf12255429976d4830a2f	1292364	0.11995620280504227
5abdf12255429976d4830a2f	1292627	0.11113892495632172
5abdf12255429976d4830a2f	43701695	0.10678233206272125
5abdf12255429976d4830a2f	1292846	0.09671667218208313
5abdf12255429976d4830a2f	1292568	0.08536319434642792
5abdf12255429976d4830a2f	55334995	0.06692229211330414
5abdf12255429976d4830a2f	4840952	0.011807817965745926
5abf63f15542997ec76fd3ea	2543	0.9850120544433594
5abf63f15542997ec76fd3ea	1224241	0.8024837970733643
5abf63f15542997ec76fd3ea	40229458	0.7470186948776245
5abf63f15542997ec76fd3ea	201253	0.4902600347995758
5abf63f15542997ec76fd3ea	18096	0.24212218821048737
5abf63f15542997ec76fd3ea	53714094	0.21305041015148163
5abf63f15542997ec76fd3ea	22757430	0.10141061246395111
5abf63f15542997ec76fd3ea	746652	0.03659692034125328
5abf63f15542997ec76fd3ea	1949566	0.007987366989254951
5abf63f15542997ec76fd3ea	34852812	0.00102380255702883
5abfb3425542990832d3a1c0	1761774	0.9991710186004639
5abfb3425542990832d3a1c0	44011334	0.17824193835258484
5abfb3425542990832d3a1c0	33142716	0.10291492938995361
5abfb3425542990832d3a1c0	47714225	0.03934115543961525
5abfb3425542990832d3a1c0	32185778	0.012558560818433762
5abfb3425542990832d3a1c0	38579575	0.0009415489621460438
5abfb3425542990832d3a1c0	38343220	0.0007972249295562506
5abfb3425542990832d3a1c0	15861222	0.0004274306120350957
5abfb3425542990832d3a1c0	15860836	0.0003245888219680637
5abfb3425542990832d3a1c0	30490757	0.00031286809826269746
5ac1b8ee5542994d76dccedc	17347878	0.9933667778968811
5ac1b8ee5542994d76dccedc	42071381	0.9916713237762451
5ac1b8ee5542994d76dccedc	23456488	0.05115045607089996
5ac1b8ee5542994d76dccedc	6159638	0.016182389110326767
5ac1b8ee5542994d76dccedc	51859706	0.009192307479679585
5ac1b8ee5542994d76dccedc	3107532	0.006690847221761942
5ac1b8ee5542994d76dccedc	2812893	0.005256198346614838
5ac1b8ee5542994d76dccedc	26074065	0.003152302699163556
5ac1b8ee5542994d76dccedc	2513891	0.0021582702174782753
5ac1b8ee5542994d76dccedc	161935	0.0008413498289883137
5ac23ff0554299636651994d	15549454	0.9989631175994873
5ac23ff0554299636651994d	21648185	0.9633029699325562
5ac23ff0554299636651994d	10476537	0.9202486872673035
5ac23ff0554299636651994d	15977096	0.7128602266311646
5ac23ff0554299636651994d	18075168	0.6742386817932129
5ac23ff0554299636651994d	34661759	0.488098680973053
5ac23ff0554299636651994d	2465627	0.27489879727363586
5ac23ff0554299636651994d	35291593	0.24150510132312775
5ac23ff0554299636651994d	1573228	0.1257282793521881
5ac23ff0554299636651994d	1720534	0.012656087055802345
5ac2acff55429921a00ab02b	42534132	0.959126889705658
5ac2acff55429921a00ab02b	2972326	0.04903806746006012
5ac2acff55429921a00ab02b	48672991	0.029922744259238243
5ac2acff55429921a00ab02b	1164336	0.02061476558446884
5ac2acff55429921a00ab02b	37406809	0.005330965854227543
5ac2acff55429921a00ab02b	39096060	0.002616612706333399
5ac2acff55429921a00ab02b	47264900	0.001874087261967361
5ac2acff55429921a00ab02b	34964511	0.0006991224945522845
5ac2acff55429921a00ab02b	46729099	0.0004537309578154236
5ac2acff55429921a00ab02b	1810196	6.856332220195327e-06
5ac3165c5542995ef918c10a	5093754	0.9967057108879089
5ac3165c5542995ef918c10a	49585192	0.6585720181465149
5ac3165c5542995ef918c10a	16459060	0.654857337474823
5ac3165c5542995ef918c10a	33077099	0.6090209484100342
5ac3165c5542995ef918c10a	37766186	0.5241271257400513
5ac3165c5542995ef918c10a	2086394	0.4947519302368164
5ac3165c5542995ef918c10a	12786561	0.1968405693769455
5ac3165c5542995ef918c10a	27175548	0.09021825343370438
5ac3165c5542995ef918c10a	36471042	0.02705371379852295
5ac3165c5542995ef918c10a	26166483	0.01242787204682827
5adbf0a255429947ff17385a	20395866	0.9888030886650085
5adbf0a255429947ff17385a	9421721	0.9660417437553406
5adbf0a255429947ff17385a	54622339	0.8044621348381042
5adbf0a255429947ff17385a	18418717	0.746861457824707
5adbf0a255429947ff17385a	18397365	0.5738624334335327
5adbf0a255429947ff17385a	15439289	0.4790928065776825
5adbf0a255429947ff17385a	54161679	0.4416055977344513
5adbf0a255429947ff17385a	20580334	0.42783495783805847
5adbf0a255429947ff17385a	50082544	0.17045249044895172
5adbf0a255429947ff17385a	51137816	0.10458865016698837
5adc53f75542996e6852530a	37065076	0.9081323146820068
5adc53f75542996e6852530a	17165605	0.8547636866569519
5adc53f75542996e6852530a	18646015	0.7960151433944702
5adc53f75542996e6852530a	18595075	0.7652508020401001
5adc53f75542996e6852530a	2960489	0.3205409049987793
5adc53f75542996e6852530a	436114	0.26014894247055054
5adc53f75542996e6852530a	1735969	0.23549114167690277
5adc53f75542996e6852530a	1978883	0.05310867354273796
5adc53f75542996e6852530a	1655280	0.032547514885663986
5adc53f75542996e6852530a	6837526	0.0003312673943582922
5adccd795542990d50227d2c	17641312	0.8004971146583557
5adccd795542990d50227d2c	57400	0.6045188307762146
5adccd795542990d50227d2c	9242054	0.16105055809020996
5adccd795542990d50227d2c	25494458	0.09811147302389145
5adccd795542990d50227d2c	25494482	0.08165911585092545
5adccd795542990d50227d2c	25995891	0.07268524914979935
5adccd795542990d50227d2c	17961799	0.04705210402607918
5adccd795542990d50227d2c	36148986	0.028347201645374298
5adccd795542990d50227d2c	23726599	0.02032681740820408
5adccd795542990d50227d2c	23726613	0.018807755783200264
5add61d65542995b365fab21	20979	0.8869366645812988
5add61d65542995b365fab21	37244287	0.8156903982162476
5add61d65542995b365fab21	21622582	0.05505170300602913
5add61d65542995b365fab21	20698143	0.0321541465818882
5add61d65542995b365fab21	13490069	0.0008225468918681145
5add61d65542995b365fab21	37571730	0.0002835607447195798
5add61d65542995b365fab21	53450199	0.00020858788047917187
5add61d65542995b365fab21	7220826	0.00020613515516743064
5add61d65542995b365fab21	25889359	0.00015107772196643054
5add61d65542995b365fab21	31958610	1.6841124306665733e-05
5adddccd5542997dc7907069	2892101	0.9948292374610901
5adddccd5542997dc7907069	48761315	0.8777284622192383
5adddccd5542997dc7907069	18438526	0.5355533361434937
5adddccd5542997dc7907069	1715675	0.5084863901138306
5adddccd5542997dc7907069	3132886	0.1464952677488327
5adddccd5542997dc7907069	42547746	0.1029987558722496
5adddccd5542997dc7907069	4277038	0.04980362951755524
5adddccd5542997dc7907069	105803	0.027445007115602493
5adddccd5542997dc7907069	7505524	0.02586805261671543
5adddccd5542997dc7907069	20534924	0.009966243989765644
5adf37a95542995ec70e8f97	32971919	0.9970120191574097
5adf37a95542995ec70e8f97	30675422	0.9940248131752014
5adf37a95542995ec70e8f97	34980408	0.9767743945121765
5adf37a95542995ec70e8f97	26726493	0.9017934203147888
5adf37a95542995ec70e8f97	42600072	0.8986102938652039
5adf37a95542995ec70e8f97	37431871	0.8885951042175293
5adf37a95542995ec70e8f97	46302413	0.8290266990661621
5adf37a95542995ec70e8f97	46180044	0.7955132722854614
5adf37a95542995ec70e8f97	53059477	0.682604193687439
5adf37a95542995ec70e8f97	53534122	0.5225561857223511
5ae005b555429942ec259bec	4985136	0.9919204711914062
5ae005b555429942ec259bec	33073710	0.8878705501556396
5ae005b555429942ec259bec	3890124	0.8563724160194397
5ae005b555429942ec259bec	8059144	0.6943109035491943
5ae005b555429942ec259bec	41553404	0.4198164939880371
5ae005b555429942ec259bec	33952001	0.01918330229818821
5ae005b555429942ec259bec	2292805	0.013115293346345425
5ae005b555429942ec259bec	449780	0.008094582706689835
5ae005b555429942ec259bec	37494725	0.007726903073489666
5ae005b555429942ec259bec	7962983	0.0015694975154474378
5ae0361155429925eb1afc2c	16121408	0.9968624114990234
5ae0361155429925eb1afc2c	17215709	0.9967760443687439
5ae0361155429925eb1afc2c	2880924	0.9415127038955688
5ae0361155429925eb1afc2c	24320236	0.9276796579360962
5ae0361155429925eb1afc2c	37925230	0.9182214140892029
5ae0361155429925eb1afc2c	1561418	0.6318424344062805
5ae0361155429925eb1afc2c	25002550	0.023099856451153755
5ae0361155429925eb1afc2c	4551142	0.005868664011359215
5ae0361155429925eb1afc2c	3506742	0.005806953180581331
5ae0361155429925eb1afc2c	8678373	0.0037447998765856028
5ae0d4c9554299603e418468	1473416	0.9911308288574219
5ae0d4c9554299603e418468	12519408	0.042138855904340744
5ae0d4c9554299603e418468	21239214	0.019496440887451172
5ae0d4c9554299603e418468	23966054	0.00238495459780097
5ae0d4c9554299603e418468	54229599	0.0017270887037739158
5ae0d4c9554299603e418468	42924156	0.001303622149862349
5ae0d4c9554299603e418468	26312461	0.0012453843373805285
5ae0d4c9554299603e418468	20745797	0.001211145194247365
5ae0d4c9554299603e418468	1828134	0.0006714216433465481
5ae0d4c9554299603e418468	53968792	0.0005504761938937008
5ae1f4cb554299234fd0436d	28269565	0.9867809414863586
5ae1f4cb554299234fd0436d	28269605	0.8393592834472656
5ae1f4cb554299234fd0436d	28195036	0.7651770710945129
5ae1f4cb554299234fd0436d	28195125	0.6643562316894531
5ae1f4cb554299234fd0436d	28270182	0.6559189558029175
5ae1f4cb554299234fd0436d	28194687	0.620505154132843
5ae1f4cb554299234fd0436d	28355107	0.6184330582618713
5ae1f4cb554299234fd0436d	28355231	0.5842553973197937
5ae1f4cb554299234fd0436d	31407957	0.499253511428833
5ae1f4cb554299234fd0436d	28194876	0.4798007309436798
5ae2070a5542994d89d5b313	885946	0.6748754978179932
5ae2070a5542994d89d5b313	7940472	0.5114889740943909
5ae2070a5542994d89d5b313	886368	0.14431443810462952
5ae2070a5542994d89d5b313	32806237	0.05109777674078941
5ae2070a5542994d89d5b313	32806328	0.04161386936903
5ae2070a5542994d89d5b313	886376	0.03773561865091324
5ae2070a5542994d89d5b313	7286988	0.027422094717621803
5ae2070a5542994d89d5b313	6177676	0.015988558530807495
5ae2070a5542994d89d5b313	4452822	0.0002544427115935832
5ae2070a5542994d89d5b313	4827953	9.752041660249233e-05
5ae224da554299234fd043ee	8714261	0.9784938097000122
5ae224da554299234fd043ee	1257175	0.9172084927558899
5ae224da554299234fd043ee	11902122	0.0385531485080719
5ae224da554299234fd043ee	1317570	0.024607844650745392
5ae224da554299234fd043ee	29319622	0.013001290149986744
5ae224da554299234fd043ee	387854	0.008112112991511822
5ae224da554299234fd043ee	8454277	0.006119033321738243
5ae224da554299234fd043ee	11740466	0.004543776623904705
5ae224da554299234fd043ee	25974209	0.002800892572849989
5ae224da554299234fd043ee	53089110	0.0001550646557006985
5ae22b8d554299234fd0440f	413284	0.9806806445121765
5ae22b8d554299234fd0440f	2482563	0.9170433282852173
5ae22b8d554299234fd0440f	51830556	0.07058996707201004
5ae22b8d554299234fd0440f	36217266	0.06537289917469025
5ae22b8d554299234fd0440f	38094609	0.060726556926965714
5ae22b8d554299234fd0440f	52041779	0.05789267271757126
5ae22b8d554299234fd0440f	42485556	0.03842286393046379
5ae22b8d554299234fd0440f	51394492	0.01915409415960312
5ae22b8d554299234fd0440f	33539902	0.017883706837892532
5ae22b8d554299234fd0440f	24953	0.008991733193397522
5ae2b770554299495565db0f	24001154	0.9927080273628235
5ae2b770554299495565db0f	25270467	0.810276448726654
5ae2b770554299495565db0f	422489	0.3685370981693268
5ae2b770554299495565db0f	33004840	0.29199954867362976
5ae2b770554299495565db0f	33452735	0.055561620742082596
5ae2b770554299495565db0f	30350685	0.031738899648189545
5ae2b770554299495565db0f	52719195	0.0038560822140425444
5ae2b770554299495565db0f	35044471	0.001693813013844192
5ae2b770554299495565db0f	20982696	0.00042360147926956415
5ae2b770554299495565db0f	2575617	0.00010773740359582007
5ae2dd2055429928c423950d	31548706	0.994358479976654
5ae2dd2055429928c423950d	124942	0.9884418845176697
5ae2dd2055429928c423950d	24907873	0.1371171623468399
5ae2dd2055429928c423950d	93509	0.07610002160072327
5ae2dd2055429928c423950d	93511	0.06951058655977249
5ae2dd2055429928c423950d	93499	0.053380221128463745
5ae2dd2055429928c423950d	93453	0.037773873656988144
5ae2dd2055429928c423950d	42011160	0.01588856428861618
5ae2dd2055429928c423950d	18130187	0.00672170938923955
5ae2dd2055429928c423950d	13427107	0.00033856331720016897
5ae32e125542991a06ce9946	16784040	0.9972559809684753
5ae32e125542991a06ce9946	27792511	0.9541314244270325
5ae32e125542991a06ce9946	6413084	0.7180905342102051
5ae32e125542991a06ce9946	3108864	0.5816340446472168
5ae32e125542991a06ce9946	4354739	0.009211675263941288
5ae32e125542991a06ce9946	2767281	0.004075051285326481
5ae32e125542991a06ce9946	230899	0.0030265336390584707
5ae32e125542991a06ce9946	13122688	0.0028566622640937567
5ae32e125542991a06ce9946	136320	0.0012641538633033633
5ae32e125542991a06ce9946	39246499	0.0011994524393230677
5ae33c4d5542992f92d82262	5369054	0.9822072982788086
5ae33c4d5542992f92d82262	10960535	0.03123127482831478
5ae33c4d5542992f92d82262	6208052	0.01669231615960598
5ae33c4d5542992f92d82262	10170608	0.009155776351690292
5ae33c4d5542992f92d82262	6512795	0.0021637501195073128
5ae33c4d5542992f92d82262	51446191	0.0017676702700555325
5ae33c4d5542992f92d82262	30262479	0.0012850408675149083
5ae33c4d5542992f92d82262	8460815	0.0005675698048435152
5ae33c4d5542992f92d82262	5636495	0.0004549569566734135
5ae33c4d5542992f92d82262	37198082	0.00027403616695664823
5ae37c765542992f92d822d4	105406	0.9987358450889587
5ae37c765542992f92d822d4	202652	0.9876765012741089
5ae37c765542992f92d822d4	9955541	0.6923338770866394
5ae37c765542992f92d822d4	10189121	0.5448889136314392
5ae37c765542992f92d822d4	25926891	0.49612683057785034
5ae37c765542992f92d822d4	8609183	0.38965409994125366
5ae37c765542992f92d822d4	27609842	0.37205249071121216
5ae37c765542992f92d822d4	44367994	0.3254399597644806
5ae37c765542992f92d822d4	46855152	0.3103509843349457
5ae37c765542992f92d822d4	23478745	0.0047450801357626915
5ae4a3265542995ad6573de5	978819	0.9949272871017456
5ae4a3265542995ad6573de5	2003297	0.6932289600372314
5ae4a3265542995ad6573de5	22966091	0.6044126152992249
5ae4a3265542995ad6573de5	15199619	0.597159743309021
5ae4a3265542995ad6573de5	15199401	0.5780976414680481
5ae4a3265542995ad6573de5	8602447	0.5557206273078918
5ae4a3265542995ad6573de5	3208352	0.5407527089118958
5ae4a3265542995ad6573de5	16825549	0.3610362410545349
5ae4a3265542995ad6573de5	4335092	0.16758103668689728
5ae4a3265542995ad6573de5	13161789	0.07257536053657532
5ae53b545542990ba0bbb23c	6252189	0.9971396923065186
5ae53b545542990ba0bbb23c	7073876	0.9792993664741516
5ae53b545542990ba0bbb23c	3600997	0.8120899796485901
5ae53b545542990ba0bbb23c	7086011	0.01261832844465971
5ae53b545542990ba0bbb23c	9031466	0.010797249153256416
5ae53b545542990ba0bbb23c	6306430	0.010081717744469643
5ae53b545542990ba0bbb23c	7074182	0.009851387701928616
5ae53b545542990ba0bbb23c	7099536	0.006486751604825258
5ae53b545542990ba0bbb23c	15054324	0.002865684451535344
5ae53b545542990ba0bbb23c	18818890	0.00016442459309473634
5ae5736e5542990ba0bbb2b3	18306417	0.9984719157218933
5ae5736e5542990ba0bbb2b3	53625000	0.9977933168411255
5ae5736e5542990ba0bbb2b3	51795177	0.9946677684783936
5ae5736e5542990ba0bbb2b3	54527639	0.9852455258369446
5ae5736e5542990ba0bbb2b3	54552158	0.9680697321891785
5ae5736e5542990ba0bbb2b3	53330207	0.9567394256591797
5ae5736e5542990ba0bbb2b3	29652927	0.9557268023490906
5ae5736e5542990ba0bbb2b3	50736386	0.9261375069618225
5ae5736e5542990ba0bbb2b3	18312561	0.2695522606372833
5ae5736e5542990ba0bbb2b3	50892648	0.1599482148885727
5ae5aba0554299546bf82f17	315567	0.9968359470367432
5ae5aba0554299546bf82f17	55135020	0.9968359470367432
5ae5aba0554299546bf82f17	1231892	0.9944170713424683
5ae5aba0554299546bf82f17	48544118	0.9795459508895874
5ae5aba0554299546bf82f17	48763449	0.9526758193969727
5ae5aba0554299546bf82f17	861898	0.623129665851593
5ae5aba0554299546bf82f17	42750637	0.6227450966835022
5ae5aba0554299546bf82f17	36152594	0.49323025345802307
5ae5aba0554299546bf82f17	6816652	0.16385464370250702
5ae5aba0554299546bf82f17	537983	0.007857575081288815
5ae6050f55429929b0807a5e	4621264	0.9558889269828796
5ae6050f55429929b0807a5e	54493891	0.9457738995552063
5ae6050f55429929b0807a5e	8539872	0.9386941194534302
5ae6050f55429929b0807a5e	651486	0.9177072644233704
5ae6050f55429929b0807a5e	3094659	0.8392723798751831
5ae6050f55429929b0807a5e	2966155	0.6551472544670105
5ae6050f55429929b0807a5e	1684239	0.4477725625038147
5ae6050f55429929b0807a5e	8538468	0.4324284493923187
5ae6050f55429929b0807a5e	11784139	0.22576874494552612
5ae6050f55429929b0807a5e	8584965	0.02717294730246067
5ae73acb5542991e8301cc07	12927792	0.9963764548301697
5ae73acb5542991e8301cc07	20088244	0.9406274557113647
5ae73acb5542991e8301cc07	1390192	0.48785823583602905
5ae73acb5542991e8301cc07	14250589	0.43670809268951416
5ae73acb5542991e8301cc07	4520456	0.35723885893821716
5ae73acb5542991e8301cc07	6664350	0.3022984266281128
5ae73acb5542991e8301cc07	577975	0.21796990931034088
5ae73acb5542991e8301cc07	19214047	0.001814094022847712
5ae73acb5542991e8301cc07	1804365	0.0002009680902119726
5ae73acb5542991e8301cc07	7623330	5.5990527471294627e-05
5ae7a8175542993210983ed8	38828650	0.9945387244224548
5ae7a8175542993210983ed8	24584690	0.985496461391449
5ae7a8175542993210983ed8	29878092	0.7165795564651489
5ae7a8175542993210983ed8	34212260	0.5664985775947571
5ae7a8175542993210983ed8	4192293	0.1522827297449112
5ae7a8175542993210983ed8	675561	0.019148636609315872
5ae7a8175542993210983ed8	10120476	0.004123953636735678
5ae7a8175542993210983ed8	7672518	0.0031031747348606586
5ae7a8175542993210983ed8	15526447	0.002974369330331683
5ae7a8175542993210983ed8	1123252	0.0010793692199513316
5ae7ba7a5542993210983f12	4349307	0.9742839336395264
5ae7ba7a5542993210983f12	12721344	0.9223604202270508
5ae7ba7a5542993210983f12	30688598	0.8237249851226807
5ae7ba7a5542993210983f12	36745233	0.5191199779510498
5ae7ba7a5542993210983f12	8250737	0.29355552792549133
5ae7ba7a5542993210983f12	12960591	0.2516702711582184
5ae7ba7a5542993210983f12	11156767	0.1890426129102707
5ae7ba7a5542993210983f12	22459494	0.17322677373886108
5ae7ba7a5542993210983f12	24541695	0.15993152558803558
5ae7ba7a5542993210983f12	4565024	0.0352327860891819
5ae7e1fc55429952e35ea9cc	5613710	0.9987648725509644
5ae7e1fc55429952e35ea9cc	24104048	0.7476810216903687
5ae7e1fc55429952e35ea9cc	2553848	0.6009726524353027
5ae7e1fc55429952e35ea9cc	26114702	0.003627900965511799
5ae7e1fc55429952e35ea9cc	20951145	0.0035138551611453295
5ae7e1fc55429952e35ea9cc	1470932	0.002384055173024535
5ae7e1fc55429952e35ea9cc	39829353	0.0013971492880955338
5ae7e1fc55429952e35ea9cc	48023830	0.0012706402922049165
5ae7e1fc55429952e35ea9cc	2459883	0.00040854737744666636
5ae7e1fc55429952e35ea9cc	4677189	0.0003980187466368079
