5a713ea95542994082a3e6e4	33207209	9
5a713ea95542994082a3e6e4	8643975	8
5a713ea95542994082a3e6e4	32798574	7
5a713ea95542994082a3e6e4	600295	6
5a713ea95542994082a3e6e4	1750523	5
5a713ea95542994082a3e6e4	618528	4
5a713ea95542994082a3e6e4	30438571	3
5a713ea95542994082a3e6e4	54437849	2
5a713ea95542994082a3e6e4	18919861	1
5a713ea95542994082a3e6e4	16346188	0
5a7166395542994082a3e814	28635126	9
5a7166395542994082a3e814	18969152	8
5a7166395542994082a3e814	163327	7
5a7166395542994082a3e814	12126245	6
5a7166395542994082a3e814	33458809	5
5a7166395542994082a3e814	40612045	4
5a7166395542994082a3e814	12232503	3
5a7166395542994082a3e814	1830756	2
5a7166395542994082a3e814	14531184	1
5a7166395542994082a3e814	4530633	0
5a722b8655429971e9dc9329	1457187	9
5a722b8655429971e9dc9329	14210140	8
5a722b8655429971e9dc9329	589843	7
5a722b8655429971e9dc9329	39494606	6
5a722b8655429971e9dc9329	21683	5
5a722b8655429971e9dc9329	27011420	4
5a722b8655429971e9dc9329	28829707	3
5a722b8655429971e9dc9329	17250006	2
5a722b8655429971e9dc9329	98513	1
5a722b8655429971e9dc9329	5242095	0
5a7320565542991f9a20c61d	4301922	9
5a7320565542991f9a20c61d	2734548	8
5a7320565542991f9a20c61d	848809	7
5a7320565542991f9a20c61d	20860521	6
5a7320565542991f9a20c61d	2923395	5
5a7320565542991f9a20c61d	956336	4
5a7320565542991f9a20c61d	38330112	3
5a7320565542991f9a20c61d	9921571	2
5a7320565542991f9a20c61d	17438105	1
5a7320565542991f9a20c61d	5591509	0
5a74106b55429979e288289e	38215932	9
5a74106b55429979e288289e	17036858	8
5a74106b55429979e288289e	39029468	7
5a74106b55429979e288289e	42182160	6
5a74106b55429979e288289e	14583673	5
5a74106b55429979e288289e	13419337	4
5a74106b55429979e288289e	11824669	3
5a74106b55429979e288289e	31911909	2
5a74106b55429979e288289e	26912003	1
5a74106b55429979e288289e	42991559	0
5a7571135542992d0ec05f98	2901307	9
5a7571135542992d0ec05f98	27746052	8
5a7571135542992d0ec05f98	14160505	7
5a7571135542992d0ec05f98	20545614	6
5a7571135542992d0ec05f98	31193004	5
5a7571135542992d0ec05f98	45639814	4
5a7571135542992d0ec05f98	46220603	3
5a7571135542992d0ec05f98	34364840	2
5a7571135542992d0ec05f98	50339337	1
5a7571135542992d0ec05f98	22546608	0
5a75e05c55429976ec32bc5f	10426459	9
5a75e05c55429976ec32bc5f	11373431	8
5a75e05c55429976ec32bc5f	48074102	7
5a75e05c55429976ec32bc5f	54055758	6
5a75e05c55429976ec32bc5f	51116092	5
5a75e05c55429976ec32bc5f	24740921	4
5a75e05c55429976ec32bc5f	135573	3
5a75e05c55429976ec32bc5f	5576543	2
5a75e05c55429976ec32bc5f	139604	1
5a75e05c55429976ec32bc5f	1936975	0
5a760ab65542994ccc918697	22376606	9
5a760ab65542994ccc918697	1136391	8
5a760ab65542994ccc918697	92201	7
5a760ab65542994ccc918697	31905384	6
5a760ab65542994ccc918697	22672762	5
5a760ab65542994ccc918697	726401	4
5a760ab65542994ccc918697	5596379	3
5a760ab65542994ccc918697	5030380	2
5a760ab65542994ccc918697	1603322	1
5a760ab65542994ccc918697	53729479	0
5a7625e8554299109176e66a	41968682	9
5a7625e8554299109176e66a	49467677	8
5a7625e8554299109176e66a	48972510	7
5a7625e8554299109176e66a	49453369	6
5a7625e8554299109176e66a	49472560	5
5a7625e8554299109176e66a	47254548	4
5a7625e8554299109176e66a	47128403	3
5a7625e8554299109176e66a	49474148	2
5a7625e8554299109176e66a	47108782	1
5a7625e8554299109176e66a	47089174	0
5a77152355429966f1a36c2e	2995506	9
5a77152355429966f1a36c2e	5283978	8
5a77152355429966f1a36c2e	15863594	7
5a77152355429966f1a36c2e	37653157	6
5a77152355429966f1a36c2e	17402474	5
5a77152355429966f1a36c2e	52299989	4
5a77152355429966f1a36c2e	43305233	3
5a77152355429966f1a36c2e	13807392	2
5a77152355429966f1a36c2e	21731	1
5a77152355429966f1a36c2e	665209	0
5a7759fc5542993569682d60	2995850	9
5a7759fc5542993569682d60	10600778	8
5a7759fc5542993569682d60	31169581	7
5a7759fc5542993569682d60	24927420	6
5a7759fc5542993569682d60	48943114	5
5a7759fc5542993569682d60	36177987	4
5a7759fc5542993569682d60	31119775	3
5a7759fc5542993569682d60	37644221	2
5a7759fc5542993569682d60	41999350	1
5a7759fc5542993569682d60	36253413	0
5a77724455429972597f153e	21328413	9
5a77724455429972597f153e	39402016	8
5a77724455429972597f153e	39397021	7
5a77724455429972597f153e	1776260	6
5a77724455429972597f153e	16493961	5
5a77724455429972597f153e	10359582	4
5a77724455429972597f153e	2220403	3
5a77724455429972597f153e	5196664	2
5a77724455429972597f153e	1621475	1
5a77724455429972597f153e	5222093	0
5a77cb335542997042120b3a	54623564	9
5a77cb335542997042120b3a	40568160	8
5a77cb335542997042120b3a	995253	7
5a77cb335542997042120b3a	43373391	6
5a77cb335542997042120b3a	13775302	5
5a77cb335542997042120b3a	44014337	4
5a77cb335542997042120b3a	33502441	3
5a77cb335542997042120b3a	45157981	2
5a77cb335542997042120b3a	48307740	1
5a77cb335542997042120b3a	54723651	0
5a78bd9b554299078472774a	5618128	9
5a78bd9b554299078472774a	6185783	8
5a78bd9b554299078472774a	53461822	7
5a78bd9b554299078472774a	221544	6
5a78bd9b554299078472774a	21770601	5
5a78bd9b554299078472774a	1066615	4
5a78bd9b554299078472774a	39264245	3
5a78bd9b554299078472774a	28212134	2
5a78bd9b554299078472774a	9097818	1
5a78bd9b554299078472774a	1146271	0
5a79311755429970f5fffe67	1053836	9
5a79311755429970f5fffe67	44674842	8
5a79311755429970f5fffe67	18316281	7
5a79311755429970f5fffe67	27420835	6
5a79311755429970f5fffe67	36003004	5
5a79311755429970f5fffe67	34156404	4
5a79311755429970f5fffe67	41537342	3
5a79311755429970f5fffe67	22287941	2
5a79311755429970f5fffe67	1197938	1
5a79311755429970f5fffe67	39528051	0
5a7a0e1e5542990783324e1a	62891	9
5a7a0e1e5542990783324e1a	62888	8
5a7a0e1e5542990783324e1a	13526140	7
5a7a0e1e5542990783324e1a	766961	6
5a7a0e1e5542990783324e1a	766926	5
5a7a0e1e5542990783324e1a	766985	4
5a7a0e1e5542990783324e1a	182631	3
5a7a0e1e5542990783324e1a	685939	2
5a7a0e1e5542990783324e1a	475802	1
5a7a0e1e5542990783324e1a	29045495	0
5a7bbb64554299042af8f7cc	3723961	9
5a7bbb64554299042af8f7cc	39354179	8
5a7bbb64554299042af8f7cc	49158189	7
5a7bbb64554299042af8f7cc	19383634	6
5a7bbb64554299042af8f7cc	38064225	5
5a7bbb64554299042af8f7cc	1316127	4
5a7bbb64554299042af8f7cc	34764656	3
5a7bbb64554299042af8f7cc	6481536	2
5a7bbb64554299042af8f7cc	2278796	1
5a7bbb64554299042af8f7cc	33283088	0
5a7be2595542997c3ec972ac	600560	9
5a7be2595542997c3ec972ac	32742	8
5a7be2595542997c3ec972ac	2275675	7
5a7be2595542997c3ec972ac	8282090	6
5a7be2595542997c3ec972ac	14019529	5
5a7be2595542997c3ec972ac	1873492	4
5a7be2595542997c3ec972ac	7501332	3
5a7be2595542997c3ec972ac	52741387	2
5a7be2595542997c3ec972ac	1570339	1
5a7be2595542997c3ec972ac	53273425	0
5a7cc50e554299452d57ba3e	559324	9
5a7cc50e554299452d57ba3e	587159	8
5a7cc50e554299452d57ba3e	682294	7
5a7cc50e554299452d57ba3e	17294296	6
5a7cc50e554299452d57ba3e	682273	5
5a7cc50e554299452d57ba3e	4375996	4
5a7cc50e554299452d57ba3e	189650	3
5a7cc50e554299452d57ba3e	25712756	2
5a7cc50e554299452d57ba3e	51166433	1
5a7cc50e554299452d57ba3e	7155911	0
5a7d54165542995f4f402256	4319752	9
5a7d54165542995f4f402256	3276851	8
5a7d54165542995f4f402256	24825689	7
5a7d54165542995f4f402256	3824084	6
5a7d54165542995f4f402256	18889552	5
5a7d54165542995f4f402256	3416349	4
5a7d54165542995f4f402256	35874017	3
5a7d54165542995f4f402256	27514387	2
5a7d54165542995f4f402256	610029	1
5a7d54165542995f4f402256	34739107	0
5a80721b554299485f5985ef	35527133	9
5a80721b554299485f5985ef	53429880	8
5a80721b554299485f5985ef	35279534	7
5a80721b554299485f5985ef	20171839	6
5a80721b554299485f5985ef	21073349	5
5a80721b554299485f5985ef	49316354	4
5a80721b554299485f5985ef	21073334	3
5a80721b554299485f5985ef	51144642	2
5a80721b554299485f5985ef	342968	1
5a80721b554299485f5985ef	35081652	0
5a80840f554299485f59863b	18589083	9
5a80840f554299485f59863b	3583342	8
5a80840f554299485f59863b	1767258	7
5a80840f554299485f59863b	867922	6
5a80840f554299485f59863b	52142143	5
5a80840f554299485f59863b	34005529	4
5a80840f554299485f59863b	41634416	3
5a80840f554299485f59863b	35853813	2
5a80840f554299485f59863b	643545	1
5a80840f554299485f59863b	7418559	0
5a80b3a9554299485f5986cc	8914502	9
5a80b3a9554299485f5986cc	137593	8
5a80b3a9554299485f5986cc	532774	7
5a80b3a9554299485f5986cc	4007439	6
5a80b3a9554299485f5986cc	50067264	5
5a80b3a9554299485f5986cc	54369762	4
5a80b3a9554299485f5986cc	36513143	3
5a80b3a9554299485f5986cc	4006534	2
5a80b3a9554299485f5986cc	6686589	1
5a80b3a9554299485f5986cc	53393791	0
5a8133725542995ce29dcbdb	38042391	9
5a8133725542995ce29dcbdb	504845	8
5a8133725542995ce29dcbdb	2279815	7
5a8133725542995ce29dcbdb	506708	6
5a8133725542995ce29dcbdb	6642349	5
5a8133725542995ce29dcbdb	42071934	4
5a8133725542995ce29dcbdb	29000651	3
5a8133725542995ce29dcbdb	43996251	2
5a8133725542995ce29dcbdb	151398	1
5a8133725542995ce29dcbdb	53576729	0
5a828c8355429966c78a6a50	7586794	9
5a828c8355429966c78a6a50	767631	8
5a828c8355429966c78a6a50	4234277	7
5a828c8355429966c78a6a50	6306124	6
5a828c8355429966c78a6a50	2941915	5
5a828c8355429966c78a6a50	41416260	4
5a828c8355429966c78a6a50	18611455	3
5a828c8355429966c78a6a50	1881647	2
5a828c8355429966c78a6a50	24371888	1
5a828c8355429966c78a6a50	30600358	0
5a835478554299123d8c20ed	4411995	9
5a835478554299123d8c20ed	7462556	8
5a835478554299123d8c20ed	2586152	7
5a835478554299123d8c20ed	13179607	6
5a835478554299123d8c20ed	23262319	5
5a835478554299123d8c20ed	55490	4
5a835478554299123d8c20ed	7463238	3
5a835478554299123d8c20ed	7473707	2
5a835478554299123d8c20ed	30140114	1
5a835478554299123d8c20ed	30127537	0
5a8361b65542992ef85e22a0	6686528	9
5a8361b65542992ef85e22a0	6211907	8
5a8361b65542992ef85e22a0	48168419	7
5a8361b65542992ef85e22a0	40947546	6
5a8361b65542992ef85e22a0	10658465	5
5a8361b65542992ef85e22a0	2296170	4
5a8361b65542992ef85e22a0	6583960	3
5a8361b65542992ef85e22a0	2645189	2
5a8361b65542992ef85e22a0	1633957	1
5a8361b65542992ef85e22a0	21398479	0
5a84c4135542994c784dda31	40461859	9
5a84c4135542994c784dda31	2011429	8
5a84c4135542994c784dda31	1331885	7
5a84c4135542994c784dda31	26499023	6
5a84c4135542994c784dda31	368978	5
5a84c4135542994c784dda31	34804308	4
5a84c4135542994c784dda31	48723785	3
5a84c4135542994c784dda31	8932449	2
5a84c4135542994c784dda31	33824175	1
5a84c4135542994c784dda31	37156787	0
5a85b2d95542997b5ce40028	507437	9
5a85b2d95542997b5ce40028	29821197	8
5a85b2d95542997b5ce40028	54438298	7
5a85b2d95542997b5ce40028	19973035	6
5a85b2d95542997b5ce40028	33142087	5
5a85b2d95542997b5ce40028	37019238	4
5a85b2d95542997b5ce40028	18097060	3
5a85b2d95542997b5ce40028	44511265	2
5a85b2d95542997b5ce40028	45154739	1
5a85b2d95542997b5ce40028	45184862	0
5a85ea095542994775f606a8	18974107	9
5a85ea095542994775f606a8	7799169	8
5a85ea095542994775f606a8	15343551	7
5a85ea095542994775f606a8	4450885	6
5a85ea095542994775f606a8	1495657	5
5a85ea095542994775f606a8	45704550	4
5a85ea095542994775f606a8	1590659	3
5a85ea095542994775f606a8	12342028	2
5a85ea095542994775f606a8	39087801	1
5a85ea095542994775f606a8	50639688	0
5a85fb085542994775f606de	37569726	9
5a85fb085542994775f606de	42056869	8
5a85fb085542994775f606de	394493	7
5a85fb085542994775f606de	16267084	6
5a85fb085542994775f606de	509746	5
5a85fb085542994775f606de	44375430	4
5a85fb085542994775f606de	19497272	3
5a85fb085542994775f606de	653852	2
5a85fb085542994775f606de	49407022	1
5a85fb085542994775f606de	1377402	0
5a86ebac55429960ec39b6d6	9714723	9
5a86ebac55429960ec39b6d6	14445512	8
5a86ebac55429960ec39b6d6	54266286	7
5a86ebac55429960ec39b6d6	2024123	6
5a86ebac55429960ec39b6d6	1210332	5
5a86ebac55429960ec39b6d6	7151024	4
5a86ebac55429960ec39b6d6	32022727	3
5a86ebac55429960ec39b6d6	3146924	2
5a86ebac55429960ec39b6d6	8701548	1
5a86ebac55429960ec39b6d6	27036286	0
5a877e5d5542993e715abf7d	47534215	9
5a877e5d5542993e715abf7d	44649239	8
5a877e5d5542993e715abf7d	899255	7
5a877e5d5542993e715abf7d	41673130	6
5a877e5d5542993e715abf7d	4933406	5
5a877e5d5542993e715abf7d	14241872	4
5a877e5d5542993e715abf7d	5398756	3
5a877e5d5542993e715abf7d	43561464	2
5a877e5d5542993e715abf7d	1473196	1
5a877e5d5542993e715abf7d	23270250	0
5a87ab905542996e4f3088c1	1922186	9
5a87ab905542996e4f3088c1	42219773	8
5a87ab905542996e4f3088c1	2300610	7
5a87ab905542996e4f3088c1	42951712	6
5a87ab905542996e4f3088c1	3745972	5
5a87ab905542996e4f3088c1	1936900	4
5a87ab905542996e4f3088c1	1922204	3
5a87ab905542996e4f3088c1	33490256	2
5a87ab905542996e4f3088c1	3570801	1
5a87ab905542996e4f3088c1	38575180	0
5a87c13f5542996e4f30890c	23369116	9
5a87c13f5542996e4f30890c	1353111	8
5a87c13f5542996e4f30890c	52049726	7
5a87c13f5542996e4f30890c	18053063	6
5a87c13f5542996e4f30890c	44251571	5
5a87c13f5542996e4f30890c	13638452	4
5a87c13f5542996e4f30890c	16975367	3
5a87c13f5542996e4f30890c	29160919	2
5a87c13f5542996e4f30890c	23425678	1
5a87c13f5542996e4f30890c	45453519	0
5a88658955429938390d3f47	4824659	9
5a88658955429938390d3f47	26024138	8
5a88658955429938390d3f47	24273310	7
5a88658955429938390d3f47	20518095	6
5a88658955429938390d3f47	1456239	5
5a88658955429938390d3f47	17334510	4
5a88658955429938390d3f47	13936051	3
5a88658955429938390d3f47	19744445	2
5a88658955429938390d3f47	21238545	1
5a88658955429938390d3f47	6278737	0
5a8979f4554299669944a52e	16927497	9
5a8979f4554299669944a52e	12926065	8
5a8979f4554299669944a52e	23271225	7
5a8979f4554299669944a52e	3130981	6
5a8979f4554299669944a52e	22829385	5
5a8979f4554299669944a52e	21892850	4
5a8979f4554299669944a52e	8710626	3
5a8979f4554299669944a52e	624773	2
5a8979f4554299669944a52e	14830814	1
5a8979f4554299669944a52e	16672182	0
5a8a3e745542996c9b8d5e70	30600	9
5a8a3e745542996c9b8d5e70	315144	8
5a8a3e745542996c9b8d5e70	12451973	7
5a8a3e745542996c9b8d5e70	55396243	6
5a8a3e745542996c9b8d5e70	55348381	5
5a8a3e745542996c9b8d5e70	55396432	4
5a8a3e745542996c9b8d5e70	6254861	3
5a8a3e745542996c9b8d5e70	52854701	2
5a8a3e745542996c9b8d5e70	55348267	1
5a8a3e745542996c9b8d5e70	12162049	0
5a8a43eb5542996c9b8d5e82	2533980	9
5a8a43eb5542996c9b8d5e82	26889139	8
5a8a43eb5542996c9b8d5e82	6548000	7
5a8a43eb5542996c9b8d5e82	797089	6
5a8a43eb5542996c9b8d5e82	3176167	5
5a8a43eb5542996c9b8d5e82	2339557	4
5a8a43eb5542996c9b8d5e82	1598994	3
5a8a43eb5542996c9b8d5e82	51097722	2
5a8a43eb5542996c9b8d5e82	51425250	1
5a8a43eb5542996c9b8d5e82	24252351	0
5a8b20335542996c9b8d5fb3	240199	9
5a8b20335542996c9b8d5fb3	19775640	8
5a8b20335542996c9b8d5fb3	17116053	7
5a8b20335542996c9b8d5fb3	26001082	6
5a8b20335542996c9b8d5fb3	25591238	5
5a8b20335542996c9b8d5fb3	42891950	4
5a8b20335542996c9b8d5fb3	25422438	3
5a8b20335542996c9b8d5fb3	282216	2
5a8b20335542996c9b8d5fb3	25521724	1
5a8b20335542996c9b8d5fb3	25606676	0
5a8b57f25542995d1e6f1371	27899989	9
5a8b57f25542995d1e6f1371	2816539	8
5a8b57f25542995d1e6f1371	9490460	7
5a8b57f25542995d1e6f1371	20499227	6
5a8b57f25542995d1e6f1371	21918307	5
5a8b57f25542995d1e6f1371	44123204	4
5a8b57f25542995d1e6f1371	31877720	3
5a8b57f25542995d1e6f1371	4606084	2
5a8b57f25542995d1e6f1371	3223804	1
5a8b57f25542995d1e6f1371	5954080	0
5a8c7595554299585d9e36b6	33022480	9
5a8c7595554299585d9e36b6	37090987	8
5a8c7595554299585d9e36b6	37005266	7
5a8c7595554299585d9e36b6	340560	6
5a8c7595554299585d9e36b6	51139500	5
5a8c7595554299585d9e36b6	23421930	4
5a8c7595554299585d9e36b6	5072437	3
5a8c7595554299585d9e36b6	1889410	2
5a8c7595554299585d9e36b6	24806261	1
5a8c7595554299585d9e36b6	28075586	0
5a8db19d5542994ba4e3dd00	1638835	9
5a8db19d5542994ba4e3dd00	49095080	8
5a8db19d5542994ba4e3dd00	49288409	7
5a8db19d5542994ba4e3dd00	10244818	6
5a8db19d5542994ba4e3dd00	51352032	5
5a8db19d5542994ba4e3dd00	3452083	4
5a8db19d5542994ba4e3dd00	214843	3
5a8db19d5542994ba4e3dd00	28087063	2
5a8db19d5542994ba4e3dd00	215890	1
5a8db19d5542994ba4e3dd00	879703	0
5a8e068b5542995085b37384	12917945	9
5a8e068b5542995085b37384	42509364	8
5a8e068b5542995085b37384	41175606	7
5a8e068b5542995085b37384	34822338	6
5a8e068b5542995085b37384	12917941	5
5a8e068b5542995085b37384	46403392	4
5a8e068b5542995085b37384	28258613	3
5a8e068b5542995085b37384	3108279	2
5a8e068b5542995085b37384	76101	1
5a8e068b5542995085b37384	1587990	0
5a8e0a005542995085b373a1	31439676	9
5a8e0a005542995085b373a1	7359684	8
5a8e0a005542995085b373a1	2402549	7
5a8e0a005542995085b373a1	29776512	6
5a8e0a005542995085b373a1	17658373	5
5a8e0a005542995085b373a1	7500788	4
5a8e0a005542995085b373a1	8841045	3
5a8e0a005542995085b373a1	4131597	2
5a8e0a005542995085b373a1	4665724	1
5a8e0a005542995085b373a1	28108740	0
5a8e1027554299653c1aa15f	26775162	9
5a8e1027554299653c1aa15f	30108000	8
5a8e1027554299653c1aa15f	5762433	7
5a8e1027554299653c1aa15f	36301492	6
5a8e1027554299653c1aa15f	37121296	5
5a8e1027554299653c1aa15f	48879381	4
5a8e1027554299653c1aa15f	35533561	3
5a8e1027554299653c1aa15f	51551691	2
5a8e1027554299653c1aa15f	5717523	1
5a8e1027554299653c1aa15f	51551117	0
5a8e3ea95542995a26add48d	41146297	9
5a8e3ea95542995a26add48d	31427208	8
5a8e3ea95542995a26add48d	34549718	7
5a8e3ea95542995a26add48d	1230920	6
5a8e3ea95542995a26add48d	15360961	5
5a8e3ea95542995a26add48d	12433713	4
5a8e3ea95542995a26add48d	17292183	3
5a8e3ea95542995a26add48d	42057370	2
5a8e3ea95542995a26add48d	22536936	1
5a8e3ea95542995a26add48d	17502786	0
5a8ef2a75542995a26add583	51151231	9
5a8ef2a75542995a26add583	53416998	8
5a8ef2a75542995a26add583	19849063	7
5a8ef2a75542995a26add583	44278753	6
5a8ef2a75542995a26add583	9308854	5
5a8ef2a75542995a26add583	20544838	4
5a8ef2a75542995a26add583	474202	3
5a8ef2a75542995a26add583	3757166	2
5a8ef2a75542995a26add583	837632	1
5a8ef2a75542995a26add583	9902794	0
5a8f4c8d554299458435d5a3	2686770	9
5a8f4c8d554299458435d5a3	49108347	8
5a8f4c8d554299458435d5a3	32356793	7
5a8f4c8d554299458435d5a3	17372954	6
5a8f4c8d554299458435d5a3	42871861	5
5a8f4c8d554299458435d5a3	18848197	4
5a8f4c8d554299458435d5a3	35962051	3
5a8f4c8d554299458435d5a3	13699921	2
5a8f4c8d554299458435d5a3	52598971	1
5a8f4c8d554299458435d5a3	50651517	0
5ab29c24554299449642c932	356938	9
5ab29c24554299449642c932	20421876	8
5ab29c24554299449642c932	84576	7
5ab29c24554299449642c932	26364632	6
5ab29c24554299449642c932	28557370	5
5ab29c24554299449642c932	338175	4
5ab29c24554299449642c932	28593871	3
5ab29c24554299449642c932	37937	2
5ab29c24554299449642c932	21800496	1
5ab29c24554299449642c932	12958	0
5ab2d3df554299194fa9352c	53593530	9
5ab2d3df554299194fa9352c	3187776	8
5ab2d3df554299194fa9352c	3406563	7
5ab2d3df554299194fa9352c	33677450	6
5ab2d3df554299194fa9352c	2171052	5
5ab2d3df554299194fa9352c	16020743	4
5ab2d3df554299194fa9352c	3365572	3
5ab2d3df554299194fa9352c	55402930	2
5ab2d3df554299194fa9352c	3355829	1
5ab2d3df554299194fa9352c	13927567	0
5ab3b0bf5542992ade7c6e39	11059521	9
5ab3b0bf5542992ade7c6e39	39462707	8
5ab3b0bf5542992ade7c6e39	7253190	7
5ab3b0bf5542992ade7c6e39	29284124	6
5ab3b0bf5542992ade7c6e39	1578251	5
5ab3b0bf5542992ade7c6e39	42196437	4
5ab3b0bf5542992ade7c6e39	47403533	3
5ab3b0bf5542992ade7c6e39	47546794	2
5ab3b0bf5542992ade7c6e39	2773076	1
5ab3b0bf5542992ade7c6e39	401269	0
5ab3e45655429976abd1bcd4	38281459	9
5ab3e45655429976abd1bcd4	32429031	8
5ab3e45655429976abd1bcd4	22141825	7
5ab3e45655429976abd1bcd4	27546117	6
5ab3e45655429976abd1bcd4	28818188	5
5ab3e45655429976abd1bcd4	54396393	4
5ab3e45655429976abd1bcd4	51795774	3
5ab3e45655429976abd1bcd4	28082853	2
5ab3e45655429976abd1bcd4	47695596	1
5ab3e45655429976abd1bcd4	26228256	0
5ab51dae5542991779162d82	262473	9
5ab51dae5542991779162d82	4812106	8
5ab51dae5542991779162d82	2080595	7
5ab51dae5542991779162d82	36176593	6
5ab51dae5542991779162d82	36193556	5
5ab51dae5542991779162d82	5895356	4
5ab51dae5542991779162d82	262488	3
5ab51dae5542991779162d82	52959987	2
5ab51dae5542991779162d82	299424	1
5ab51dae5542991779162d82	3664869	0
5ab56e32554299637185c594	16605491	9
5ab56e32554299637185c594	17626850	8
5ab56e32554299637185c594	9486102	7
5ab56e32554299637185c594	53422629	6
5ab56e32554299637185c594	46505097	5
5ab56e32554299637185c594	15088626	4
5ab56e32554299637185c594	29608951	3
5ab56e32554299637185c594	34465340	2
5ab56e32554299637185c594	29871283	1
5ab56e32554299637185c594	17613692	0
5ab6d09255429954757d337d	45676400	9
5ab6d09255429954757d337d	8757988	8
5ab6d09255429954757d337d	24899786	7
5ab6d09255429954757d337d	2031193	6
5ab6d09255429954757d337d	1530047	5
5ab6d09255429954757d337d	15767841	4
5ab6d09255429954757d337d	12267709	3
5ab6d09255429954757d337d	44301422	2
5ab6d09255429954757d337d	32734609	1
5ab6d09255429954757d337d	14422576	0
5ab84bf555429916710eb01f	39178180	9
5ab84bf555429916710eb01f	8735873	8
5ab84bf555429916710eb01f	3679572	7
5ab84bf555429916710eb01f	32883616	6
5ab84bf555429916710eb01f	3538952	5
5ab84bf555429916710eb01f	8500521	4
5ab84bf555429916710eb01f	13556828	3
5ab84bf555429916710eb01f	2810257	2
5ab84bf555429916710eb01f	50013328	1
5ab84bf555429916710eb01f	12513090	0
5ab859a955429934fafe6d7b	4202348	9
5ab859a955429934fafe6d7b	295082	8
5ab859a955429934fafe6d7b	5483191	7
5ab859a955429934fafe6d7b	27698444	6
5ab859a955429934fafe6d7b	34343351	5
5ab859a955429934fafe6d7b	31230523	4
5ab859a955429934fafe6d7b	25088414	3
5ab859a955429934fafe6d7b	47224830	2
5ab859a955429934fafe6d7b	33935036	1
5ab859a955429934fafe6d7b	14526736	0
5ab96ab755429970cfb8eacd	47839271	9
5ab96ab755429970cfb8eacd	48638095	8
5ab96ab755429970cfb8eacd	47885710	7
5ab96ab755429970cfb8eacd	47885714	6
5ab96ab755429970cfb8eacd	47885665	5
5ab96ab755429970cfb8eacd	36590512	4
5ab96ab755429970cfb8eacd	40343937	3
5ab96ab755429970cfb8eacd	47849140	2
5ab96ab755429970cfb8eacd	26671592	1
5ab96ab755429970cfb8eacd	39881180	0
5aba5d2e55429901930fa799	2386310	9
5aba5d2e55429901930fa799	19730646	8
5aba5d2e55429901930fa799	1611519	7
5aba5d2e55429901930fa799	751686	6
5aba5d2e55429901930fa799	752031	5
5aba5d2e55429901930fa799	284489	4
5aba5d2e55429901930fa799	43004416	3
5aba5d2e55429901930fa799	27108609	2
5aba5d2e55429901930fa799	19078360	1
5aba5d2e55429901930fa799	14264333	0
5aba749055429901930fa7d8	38673804	9
5aba749055429901930fa7d8	2547676	8
5aba749055429901930fa7d8	21443964	7
5aba749055429901930fa7d8	46367731	6
5aba749055429901930fa7d8	16856344	5
5aba749055429901930fa7d8	3473413	4
5aba749055429901930fa7d8	487382	3
5aba749055429901930fa7d8	50519030	2
5aba749055429901930fa7d8	30494808	1
5aba749055429901930fa7d8	3034525	0
5aba7cfe554299232ef4a2fd	53991189	9
5aba7cfe554299232ef4a2fd	50675891	8
5aba7cfe554299232ef4a2fd	46553620	7
5aba7cfe554299232ef4a2fd	39589851	6
5aba7cfe554299232ef4a2fd	35869766	5
5aba7cfe554299232ef4a2fd	32291548	4
5aba7cfe554299232ef4a2fd	28286328	3
5aba7cfe554299232ef4a2fd	32000634	2
5aba7cfe554299232ef4a2fd	35569489	1
5aba7cfe554299232ef4a2fd	28022397	0
5abbf698554299114383a0b5	201787	9
5abbf698554299114383a0b5	458748	8
5abbf698554299114383a0b5	7365741	7
5abbf698554299114383a0b5	38348367	6
5abbf698554299114383a0b5	1070917	5
5abbf698554299114383a0b5	161479	4
5abbf698554299114383a0b5	458807	3
5abbf698554299114383a0b5	180834	2
5abbf698554299114383a0b5	384537	1
5abbf698554299114383a0b5	617991	0
5abc0a5d5542993f40c73c64	7623313	9
5abc0a5d5542993f40c73c64	28039883	8
5abc0a5d5542993f40c73c64	46942123	7
5abc0a5d5542993f40c73c64	29271614	6
5abc0a5d5542993f40c73c64	40852758	5
5abc0a5d5542993f40c73c64	1905018	4
5abc0a5d5542993f40c73c64	29155438	3
5abc0a5d5542993f40c73c64	42747282	2
5abc0a5d5542993f40c73c64	29154943	1
5abc0a5d5542993f40c73c64	5902241	0
5abd259d55429924427fcf1a	1277632	9
5abd259d55429924427fcf1a	16298123	8
5abd259d55429924427fcf1a	43707913	7
5abd259d55429924427fcf1a	43864391	6
5abd259d55429924427fcf1a	41990943	5
5abd259d55429924427fcf1a	33895667	4
5abd259d55429924427fcf1a	5426651	3
5abd259d55429924427fcf1a	43757960	2
5abd259d55429924427fcf1a	3986248	1
5abd259d55429924427fcf1a	43943287	0
5abd94525542992ac4f382d2	43665973	9
5abd94525542992ac4f382d2	39796711	8
5abd94525542992ac4f382d2	4239171	7
5abd94525542992ac4f382d2	38721098	6
5abd94525542992ac4f382d2	4161823	5
5abd94525542992ac4f382d2	37132310	4
5abd94525542992ac4f382d2	23452694	3
5abd94525542992ac4f382d2	44408522	2
5abd94525542992ac4f382d2	55192295	1
5abd94525542992ac4f382d2	28673799	0
5abdf12255429976d4830a2f	1292882	9
5abdf12255429976d4830a2f	5133707	8
5abdf12255429976d4830a2f	17153403	7
5abdf12255429976d4830a2f	276085	6
5abdf12255429976d4830a2f	1292988	5
5abdf12255429976d4830a2f	1292568	4
5abdf12255429976d4830a2f	1292364	3
5abdf12255429976d4830a2f	3120974	2
5abdf12255429976d4830a2f	1292967	1
5abdf12255429976d4830a2f	1292700	0
5abf63f15542997ec76fd3ea	2543	9
5abf63f15542997ec76fd3ea	1224241	8
5abf63f15542997ec76fd3ea	40229458	7
5abf63f15542997ec76fd3ea	18096	6
5abf63f15542997ec76fd3ea	26295	5
5abf63f15542997ec76fd3ea	7338051	4
5abf63f15542997ec76fd3ea	21488677	3
5abf63f15542997ec76fd3ea	53714094	2
5abf63f15542997ec76fd3ea	5542503	1
5abf63f15542997ec76fd3ea	22938225	0
5abfb3425542990832d3a1c0	1761774	9
5abfb3425542990832d3a1c0	50428400	8
5abfb3425542990832d3a1c0	46707894	7
5abfb3425542990832d3a1c0	13720774	6
5abfb3425542990832d3a1c0	53106094	5
5abfb3425542990832d3a1c0	31676803	4
5abfb3425542990832d3a1c0	18276340	3
5abfb3425542990832d3a1c0	42542584	2
5abfb3425542990832d3a1c0	21020799	1
5abfb3425542990832d3a1c0	22764169	0
5ac1b8ee5542994d76dccedc	17347878	9
5ac1b8ee5542994d76dccedc	30433434	8
5ac1b8ee5542994d76dccedc	40382296	7
5ac1b8ee5542994d76dccedc	1488618	6
5ac1b8ee5542994d76dccedc	7983098	5
5ac1b8ee5542994d76dccedc	30611306	4
5ac1b8ee5542994d76dccedc	2660274	3
5ac1b8ee5542994d76dccedc	2593121	2
5ac1b8ee5542994d76dccedc	42071381	1
5ac1b8ee5542994d76dccedc	5417536	0
5ac23ff0554299636651994d	15549454	9
5ac23ff0554299636651994d	1126660	8
5ac23ff0554299636651994d	6381609	7
5ac23ff0554299636651994d	21648185	6
5ac23ff0554299636651994d	29282785	5
5ac23ff0554299636651994d	12536135	4
5ac23ff0554299636651994d	907193	3
5ac23ff0554299636651994d	166643	2
5ac23ff0554299636651994d	12872935	1
5ac23ff0554299636651994d	5882296	0
5ac2acff55429921a00ab02b	42534132	9
5ac2acff55429921a00ab02b	2972326	8
5ac2acff55429921a00ab02b	947516	7
5ac2acff55429921a00ab02b	8648770	6
5ac2acff55429921a00ab02b	719197	5
5ac2acff55429921a00ab02b	2033430	4
5ac2acff55429921a00ab02b	3309838	3
5ac2acff55429921a00ab02b	1367860	2
5ac2acff55429921a00ab02b	40589784	1
5ac2acff55429921a00ab02b	1701847	0
5ac3165c5542995ef918c10a	5093754	9
5ac3165c5542995ef918c10a	4249939	8
5ac3165c5542995ef918c10a	5093721	7
5ac3165c5542995ef918c10a	3460519	6
5ac3165c5542995ef918c10a	4971587	5
5ac3165c5542995ef918c10a	15353649	4
5ac3165c5542995ef918c10a	12492839	3
5ac3165c5542995ef918c10a	34889508	2
5ac3165c5542995ef918c10a	36746299	1
5ac3165c5542995ef918c10a	36732809	0
5adbf0a255429947ff17385a	20395866	9
5adbf0a255429947ff17385a	9421721	8
5adbf0a255429947ff17385a	49105876	7
5adbf0a255429947ff17385a	18418717	6
5adbf0a255429947ff17385a	5157001	5
5adbf0a255429947ff17385a	47870952	4
5adbf0a255429947ff17385a	28334076	3
5adbf0a255429947ff17385a	10699365	2
5adbf0a255429947ff17385a	7606477	1
5adbf0a255429947ff17385a	23070251	0
5adc53f75542996e6852530a	837973	9
5adc53f75542996e6852530a	437078	8
5adc53f75542996e6852530a	1735969	7
5adc53f75542996e6852530a	37065076	6
5adc53f75542996e6852530a	11226086	5
5adc53f75542996e6852530a	436114	4
5adc53f75542996e6852530a	19989669	3
5adc53f75542996e6852530a	41221157	2
5adc53f75542996e6852530a	1127361	1
5adc53f75542996e6852530a	1571737	0
5adccd795542990d50227d2c	53613781	9
5adccd795542990d50227d2c	53614402	8
5adccd795542990d50227d2c	47214575	7
5adccd795542990d50227d2c	54444681	6
5adccd795542990d50227d2c	23726699	5
5adccd795542990d50227d2c	50363907	4
5adccd795542990d50227d2c	53638593	3
5adccd795542990d50227d2c	54444042	2
5adccd795542990d50227d2c	51171913	1
5adccd795542990d50227d2c	52686226	0
5add61d65542995b365fab21	27717386	9
5add61d65542995b365fab21	707569	8
5add61d65542995b365fab21	435710	7
5add61d65542995b365fab21	2567958	6
5add61d65542995b365fab21	33075711	5
5add61d65542995b365fab21	435632	4
5add61d65542995b365fab21	37244287	3
5add61d65542995b365fab21	6272913	2
5add61d65542995b365fab21	24174657	1
5add61d65542995b365fab21	54343449	0
5adddccd5542997dc7907069	2892101	9
5adddccd5542997dc7907069	18438526	8
5adddccd5542997dc7907069	48761315	7
5adddccd5542997dc7907069	1715675	6
5adddccd5542997dc7907069	7505524	5
5adddccd5542997dc7907069	8552936	4
5adddccd5542997dc7907069	2146459	3
5adddccd5542997dc7907069	12589710	2
5adddccd5542997dc7907069	3111698	1
5adddccd5542997dc7907069	1325856	0
5adf37a95542995ec70e8f97	32971919	9
5adf37a95542995ec70e8f97	37431871	8
5adf37a95542995ec70e8f97	34980408	7
5adf37a95542995ec70e8f97	26726493	6
5adf37a95542995ec70e8f97	42600072	5
5adf37a95542995ec70e8f97	30675422	4
5adf37a95542995ec70e8f97	46302413	3
5adf37a95542995ec70e8f97	53059477	2
5adf37a95542995ec70e8f97	46180044	1
5adf37a95542995ec70e8f97	53534122	0
5ae005b555429942ec259bec	22228417	9
5ae005b555429942ec259bec	44342940	8
5ae005b555429942ec259bec	4985136	7
5ae005b555429942ec259bec	31948233	6
5ae005b555429942ec259bec	16908984	5
5ae005b555429942ec259bec	17808098	4
5ae005b555429942ec259bec	8386622	3
5ae005b555429942ec259bec	8346719	2
5ae005b555429942ec259bec	2037611	1
5ae005b555429942ec259bec	6806511	0
5ae0361155429925eb1afc2c	17215709	9
5ae0361155429925eb1afc2c	16121408	8
5ae0361155429925eb1afc2c	24320236	7
5ae0361155429925eb1afc2c	24441524	6
5ae0361155429925eb1afc2c	34276353	5
5ae0361155429925eb1afc2c	2880924	4
5ae0361155429925eb1afc2c	25565117	3
5ae0361155429925eb1afc2c	26887369	2
5ae0361155429925eb1afc2c	24462743	1
5ae0361155429925eb1afc2c	32129724	0
5ae0d4c9554299603e418468	1473416	9
5ae0d4c9554299603e418468	1099852	8
5ae0d4c9554299603e418468	2592159	7
5ae0d4c9554299603e418468	49407604	6
5ae0d4c9554299603e418468	52117512	5
5ae0d4c9554299603e418468	21239214	4
5ae0d4c9554299603e418468	52117470	3
5ae0d4c9554299603e418468	12519408	2
5ae0d4c9554299603e418468	6105339	1
5ae0d4c9554299603e418468	26213062	0
5ae1f4cb554299234fd0436d	28269565	9
5ae1f4cb554299234fd0436d	28355231	8
5ae1f4cb554299234fd0436d	31407957	7
5ae1f4cb554299234fd0436d	28195125	6
5ae1f4cb554299234fd0436d	28195036	5
5ae1f4cb554299234fd0436d	28269605	4
5ae1f4cb554299234fd0436d	28194876	3
5ae1f4cb554299234fd0436d	28651406	2
5ae1f4cb554299234fd0436d	28355107	1
5ae1f4cb554299234fd0436d	28270182	0
5ae2070a5542994d89d5b313	38759285	9
5ae2070a5542994d89d5b313	428029	8
5ae2070a5542994d89d5b313	8449988	7
5ae2070a5542994d89d5b313	7940472	6
5ae2070a5542994d89d5b313	44902908	5
5ae2070a5542994d89d5b313	25559747	4
5ae2070a5542994d89d5b313	9056283	3
5ae2070a5542994d89d5b313	37008526	2
5ae2070a5542994d89d5b313	885946	1
5ae2070a5542994d89d5b313	32146882	0
5ae224da554299234fd043ee	8714261	9
5ae224da554299234fd043ee	1257175	8
5ae224da554299234fd043ee	13044	7
5ae224da554299234fd043ee	1965338	6
5ae224da554299234fd043ee	531501	5
5ae224da554299234fd043ee	41404427	4
5ae224da554299234fd043ee	51427516	3
5ae224da554299234fd043ee	989273	2
5ae224da554299234fd043ee	4728578	1
5ae224da554299234fd043ee	2832107	0
5ae22b8d554299234fd0440f	413284	9
5ae22b8d554299234fd0440f	24795427	8
5ae22b8d554299234fd0440f	2482563	7
5ae22b8d554299234fd0440f	9894004	6
5ae22b8d554299234fd0440f	22867588	5
5ae22b8d554299234fd0440f	21414169	4
5ae22b8d554299234fd0440f	20775657	3
5ae22b8d554299234fd0440f	27380232	2
5ae22b8d554299234fd0440f	34503408	1
5ae22b8d554299234fd0440f	12610116	0
5ae2b770554299495565db0f	26513000	9
5ae2b770554299495565db0f	24001154	8
5ae2b770554299495565db0f	1445231	7
5ae2b770554299495565db0f	43716664	6
5ae2b770554299495565db0f	25270467	5
5ae2b770554299495565db0f	5007400	4
5ae2b770554299495565db0f	2316740	3
5ae2b770554299495565db0f	4738631	2
5ae2b770554299495565db0f	25071632	1
5ae2b770554299495565db0f	45508137	0
5ae2dd2055429928c423950d	31548706	9
5ae2dd2055429928c423950d	124942	8
5ae2dd2055429928c423950d	24907873	7
5ae2dd2055429928c423950d	24907891	6
5ae2dd2055429928c423950d	17307770	5
5ae2dd2055429928c423950d	4347685	4
5ae2dd2055429928c423950d	93510	3
5ae2dd2055429928c423950d	124900	2
5ae2dd2055429928c423950d	259594	1
5ae2dd2055429928c423950d	124750	0
5ae32e125542991a06ce9946	16784040	9
5ae32e125542991a06ce9946	32247360	8
5ae32e125542991a06ce9946	2354049	7
5ae32e125542991a06ce9946	27792511	6
5ae32e125542991a06ce9946	3857353	5
5ae32e125542991a06ce9946	1414171	4
5ae32e125542991a06ce9946	18334772	3
5ae32e125542991a06ce9946	2402450	2
5ae32e125542991a06ce9946	3021713	1
5ae32e125542991a06ce9946	2402437	0
5ae33c4d5542992f92d82262	5369054	9
5ae33c4d5542992f92d82262	1184212	8
5ae33c4d5542992f92d82262	40525906	7
5ae33c4d5542992f92d82262	23758461	6
5ae33c4d5542992f92d82262	299510	5
5ae33c4d5542992f92d82262	47077461	4
5ae33c4d5542992f92d82262	25553008	3
5ae33c4d5542992f92d82262	12893172	2
5ae33c4d5542992f92d82262	10997240	1
5ae33c4d5542992f92d82262	301045	0
5ae37c765542992f92d822d4	105406	9
5ae37c765542992f92d822d4	202652	8
5ae37c765542992f92d822d4	2144497	7
5ae37c765542992f92d822d4	34792916	6
5ae37c765542992f92d822d4	10309462	5
5ae37c765542992f92d822d4	8609183	4
5ae37c765542992f92d822d4	334649	3
5ae37c765542992f92d822d4	39500581	2
5ae37c765542992f92d822d4	42487374	1
5ae37c765542992f92d822d4	25821	0
5ae4a3265542995ad6573de5	978819	9
5ae4a3265542995ad6573de5	15199401	8
5ae4a3265542995ad6573de5	13651229	7
5ae4a3265542995ad6573de5	8602447	6
5ae4a3265542995ad6573de5	8411870	5
5ae4a3265542995ad6573de5	8300621	4
5ae4a3265542995ad6573de5	25831174	3
5ae4a3265542995ad6573de5	38581604	2
5ae4a3265542995ad6573de5	24107291	1
5ae4a3265542995ad6573de5	22966091	0
5ae53b545542990ba0bbb23c	7073876	9
5ae53b545542990ba0bbb23c	6252189	8
5ae53b545542990ba0bbb23c	6301850	7
5ae53b545542990ba0bbb23c	3600997	6
5ae53b545542990ba0bbb23c	6675854	5
5ae53b545542990ba0bbb23c	6305987	4
5ae53b545542990ba0bbb23c	44462996	3
5ae53b545542990ba0bbb23c	6305855	2
5ae53b545542990ba0bbb23c	7086011	1
5ae53b545542990ba0bbb23c	14664501	0
5ae5736e5542990ba0bbb2b3	53625000	9
5ae5736e5542990ba0bbb2b3	22728395	8
5ae5736e5542990ba0bbb2b3	18306417	7
5ae5736e5542990ba0bbb2b3	54054313	6
5ae5736e5542990ba0bbb2b3	51260917	5
5ae5736e5542990ba0bbb2b3	19448384	4
5ae5736e5542990ba0bbb2b3	52269209	3
5ae5736e5542990ba0bbb2b3	51213996	2
5ae5736e5542990ba0bbb2b3	53947765	1
5ae5736e5542990ba0bbb2b3	36350812	0
5ae5aba0554299546bf82f17	55135020	8
5ae5aba0554299546bf82f17	1231892	7
5ae5aba0554299546bf82f17	48544118	6
5ae5aba0554299546bf82f17	1328397	5
5ae5aba0554299546bf82f17	48763449	4
5ae5aba0554299546bf82f17	1838245	3
5ae5aba0554299546bf82f17	4909055	2
5ae5aba0554299546bf82f17	48544290	1
5ae5aba0554299546bf82f17	861898	0
5ae6050f55429929b0807a5e	4621264	9
5ae6050f55429929b0807a5e	54493891	8
5ae6050f55429929b0807a5e	651486	7
5ae6050f55429929b0807a5e	1064879	6
5ae6050f55429929b0807a5e	1015217	5
5ae6050f55429929b0807a5e	8539872	4
5ae6050f55429929b0807a5e	3958959	3
5ae6050f55429929b0807a5e	2966155	2
5ae6050f55429929b0807a5e	51016672	1
5ae6050f55429929b0807a5e	2642434	0
5ae73acb5542991e8301cc07	12927792	9
5ae73acb5542991e8301cc07	20088244	8
5ae73acb5542991e8301cc07	1332662	7
5ae73acb5542991e8301cc07	7688435	6
5ae73acb5542991e8301cc07	41008174	5
5ae73acb5542991e8301cc07	13058161	4
5ae73acb5542991e8301cc07	34287915	3
5ae73acb5542991e8301cc07	37182082	2
5ae73acb5542991e8301cc07	27618373	1
5ae73acb5542991e8301cc07	39347624	0
5ae7a8175542993210983ed8	38828650	9
5ae7a8175542993210983ed8	24584690	8
5ae7a8175542993210983ed8	3421551	7
5ae7a8175542993210983ed8	5527366	6
5ae7a8175542993210983ed8	6235575	5
5ae7a8175542993210983ed8	20005788	4
5ae7a8175542993210983ed8	1628131	3
5ae7a8175542993210983ed8	2022615	2
5ae7a8175542993210983ed8	24491273	1
5ae7a8175542993210983ed8	18103178	0
5ae7ba7a5542993210983f12	1240297	9
5ae7ba7a5542993210983f12	22469168	8
5ae7ba7a5542993210983f12	28824929	7
5ae7ba7a5542993210983f12	2545134	6
5ae7ba7a5542993210983f12	1785212	5
5ae7ba7a5542993210983f12	2319209	4
5ae7ba7a5542993210983f12	14744091	3
5ae7ba7a5542993210983f12	31500555	2
5ae7ba7a5542993210983f12	39303371	1
5ae7ba7a5542993210983f12	239036	0
5ae7e1fc55429952e35ea9cc	5613710	9
5ae7e1fc55429952e35ea9cc	32018774	8
5ae7e1fc55429952e35ea9cc	19407501	7
5ae7e1fc55429952e35ea9cc	5999878	6
5ae7e1fc55429952e35ea9cc	24104048	5
5ae7e1fc55429952e35ea9cc	2553848	4
5ae7e1fc55429952e35ea9cc	18543088	3
5ae7e1fc55429952e35ea9cc	49026018	2
5ae7e1fc55429952e35ea9cc	70748	1
5ae7e1fc55429952e35ea9cc	7163870	0
