test0	doc1	29.008672878129076
test0	doc1096663	26.844565894516492
test0	doc5	24.059605127084453
test0	doc2431210	23.9367055969797
test0	doc1457688	22.797020103317045
test0	doc1358016	22.79490664496403
test0	doc1165648	22.743326005726885
test0	doc2139351	22.628413313816978
test0	doc1624670	22.377344986470515
test0	doc630388	22.348749732268388
test1	doc575319	27.07464596939647
test1	doc513034	26.254672767025653
test1	doc2015062	25.82941869699184
test1	doc247734	25.799913397509616
test1	doc797162	25.462942427768844
test1	doc857270	25.405596673155742
test1	doc945413	25.37485377992352
test1	doc2248724	24.98549290230448
test1	doc811421	24.803872867983436
test1	doc1700316	24.551810852076418
test10	doc2514913	31.301774630836064
test10	doc1068941	31.290418479470354
test10	doc2514915	30.700030743198013
test10	doc1256609	30.463664960322017
test10	doc78454	30.04479150753335
test10	doc661497	29.94065164696054
test10	doc1663811	29.56819743925365
test10	doc138888	29.511849091973012
test10	doc810635	29.31432510061909
test10	doc642796	29.018574521983766
test100	doc3254	46.61769767848606
test100	doc2454961	34.15512999122852
test100	doc3221	33.75618984395488
test100	doc1176905	32.103027232074254
test100	doc3220	32.082483201948016
test100	doc932813	31.179095935799413
test100	doc3265	30.530169138072953
test100	doc720706	30.378412573613357
test100	doc975849	29.935393945238538
test100	doc1803271	29.31186380749986
test1000	doc477785	51.70206481070973
test1000	doc1118874	50.785388522402684
test1000	doc1133443	50.44689676145762
test1000	doc422940	49.88242955290085
test1000	doc2647674	49.4566242469044
test1000	doc2249263	49.243077438756224
test1000	doc1356509	49.00328592898046
test1000	doc516015	48.65789165532831
test1000	doc1348357	48.30630016632486
test1000	doc715880	47.969254050375994
test1001	doc1245768	38.76419517252712
test1001	doc275837	38.09840867836992
test1001	doc359594	37.502500872853446
test1001	doc1562070	37.15873030134883
test1001	doc443957	37.1551181394035
test1001	doc2469346	36.98229854470444
test1001	doc1002888	36.875791211023085
test1001	doc91287	36.50372389954192
test1001	doc23999	36.20063754146037
test1001	doc2243212	36.00881903048601
test1002	doc2016380	36.29721501610195
test1002	doc1825856	35.65199350735097
test1002	doc578107	35.650814528478044
test1002	doc190373	34.169982169043514
test1002	doc161626	32.80074665379735
test1002	doc843767	32.37221707882426
test1002	doc903653	31.86683046233299
test1002	doc1485836	31.65077444835587
test1002	doc1289580	31.43488795528708
test1002	doc1218403	31.008085706528213
test1003	doc1758810	36.96801643056233
test1003	doc1107997	30.790164420218677
test1003	doc1764145	29.941358235746044
test1003	doc1952789	29.831392999323207
test1003	doc1096477	29.534055189237925
test1003	doc924518	29.423579678785586
test1003	doc246821	28.943764328901004
test1003	doc1208452	28.754784473966907
test1003	doc1453150	28.648260459287485
test1003	doc1296717	28.631291335699146
test1004	doc1708909	34.76936458826654
test1004	doc2079273	31.567713267909525
test1004	doc2101397	30.577927195411178
test1004	doc1066587	30.031347070245733
test1004	doc2669266	29.781644753466395
test1004	doc2508475	29.617847111132917
test1004	doc961747	29.427439059380802
test1004	doc760463	29.27933109580848
test1004	doc2630936	29.218876008711263
test1004	doc2014388	29.154329716912823
test1005	doc337366	25.03352832737183
test1005	doc860520	24.86226934717201
test1005	doc1419689	24.06120759941652
test1005	doc1329402	24.042271034002496
test1005	doc1666868	23.834825148315186
test1005	doc1563073	23.713838309768985
test1005	doc2276744	23.45122783511292
test1005	doc1642308	23.03448220892645
test1005	doc2049634	22.792760150394557
test1005	doc356460	22.77851997348165
test1006	doc2171698	31.01808265041879
test1006	doc1827695	26.827214322565716
test1006	doc895615	26.22117815615107
test1006	doc2003305	26.15299143677276
test1006	doc2632147	26.01501287911738
test1006	doc1687585	25.99128865273812
test1006	doc1458466	25.963026312400483
test1006	doc878424	25.954420164216284
test1006	doc999750	25.47369325516849
test1006	doc2317898	25.132072065949323
test1007	doc260569	39.44396128293137
test1007	doc602833	39.33479861682647
test1007	doc1726980	38.00197524719175
test1007	doc1871201	37.8632652367823
test1007	doc682559	37.55028995281789
test1007	doc2555010	37.244140130541496
test1007	doc35488	35.89040898869452
test1007	doc2573846	35.8748391207634
test1007	doc1686256	35.7941567617804
test1007	doc184239	35.76583658797223
test1008	doc1245597	27.861940229139073
test1008	doc718788	27.3901070658344
test1008	doc990818	27.368064307675006
test1008	doc785823	27.361467021021603
test1008	doc143870	27.31822023601802
test1008	doc1040938	27.305162571317098
test1008	doc1926313	27.224802396431816
test1008	doc2593226	27.200513184383176
test1008	doc2313451	27.19998890824375
test1008	doc995609	27.112066405511122
test1009	doc1019329	36.06607127549833
test1009	doc304239	35.46827326561623
test1009	doc1661112	33.92170703821217
test1009	doc473491	33.66747411877062
test1009	doc2343880	33.63655867974205
test1009	doc473479	33.55560276610639
test1009	doc473482	33.137730782576625
test1009	doc1765724	32.77468317459721
test1009	doc473486	32.721318734827534
test1009	doc473480	32.57903203106552
test101	doc1266684	33.55062140726833
test101	doc941239	33.130283626801216
test101	doc983578	31.437854040842502
test101	doc793477	31.149707768035917
test101	doc1136081	31.0796337555907
test101	doc2670324	30.242198426276047
test101	doc2614911	30.223560443981064
test101	doc772561	29.99417996369519
test101	doc2070368	29.991312069512123
test101	doc130554	29.901768582848845
test1010	doc1979626	39.01653330245294
test1010	doc1448641	35.92765188482728
test1010	doc1378114	34.88564080901518
test1010	doc805218	32.79540998282112
test1010	doc168111	32.31589798160956
test1010	doc1401036	32.269315176259326
test1010	doc2126070	32.18712631249707
test1010	doc1675318	32.05179400783256
test1010	doc404891	31.336431857719695
test1010	doc442085	31.172259799655052
test1011	doc1607946	49.63452930820583
test1011	doc1319060	47.19359243160775
test1011	doc84665	46.447926514738185
test1011	doc1275451	46.43815469010509
test1011	doc2612645	46.40106624061082
test1011	doc2060096	46.34086864104145
test1011	doc1250613	46.13244487681481
test1011	doc256460	45.56262398049345
test1011	doc424173	45.419935182732914
test1011	doc664458	45.419935182732914
test1012	doc35763	25.58867597283075
test1012	doc333727	24.610787094887087
test1012	doc1529536	24.57942964442468
test1012	doc701488	24.30954885762447
test1012	doc2277072	24.27120147432859
test1012	doc2136015	24.248879436145323
test1012	doc2008542	23.773841185059176
test1012	doc1529533	23.328612537977797
test1012	doc753559	23.169610925388735
test1012	doc1218399	23.048499019857157
test1013	doc154877	27.84878392585188
test1013	doc2183236	27.50146425757108
test1013	doc1646495	27.08501793236777
test1013	doc664900	26.643941847694965
test1013	doc751572	26.493266862135457
test1013	doc132095	26.4413163628794
test1013	doc1091336	26.304985378772813
test1013	doc831427	26.27177187759272
test1013	doc124676	26.233666732231317
test1013	doc786742	25.890562219661966
test1014	doc2112352	36.008683320082994
test1014	doc988982	35.79463936359089
test1014	doc816519	33.69588213768697
test1014	doc216736	30.946180699589963
test1014	doc448511	29.00973949215018
test1014	doc35792	28.6122885335091
test1014	doc83689	28.254829157527762
test1014	doc1391535	27.10559219785265
test1014	doc845525	26.91545375468216
test1014	doc943010	26.67039175349418
test1015	doc2577521	30.855566418971403
test1015	doc366532	27.917295335952282
test1015	doc1710139	26.965903772531842
test1015	doc1798695	26.439114946175685
test1015	doc397438	25.72076902455482
test1015	doc1534020	25.069127127621545
test1015	doc1036907	24.642056405112665
test1015	doc398499	24.572997304066636
test1015	doc1083170	24.572997304066636
test1015	doc1989977	24.208382394980333
test1016	doc941110	23.89237336607714
test1016	doc806207	20.43205133458904
test1016	doc2374280	19.04999097829633
test1016	doc13764	18.812458011414446
test1016	doc13769	17.609499640490327
test1016	doc1575668	17.445083261807905
test1016	doc1374348	17.42710818244074
test1016	doc445049	17.313099941253302
test1016	doc2295298	17.285065429313853
test1016	doc537214	16.794078792163045
test1017	doc550469	41.04634411517655
test1017	doc2055395	38.57562833155542
test1017	doc2681349	37.26445432581755
test1017	doc1222437	36.76936011182468
test1017	doc84826	36.519551292274656
test1017	doc1119116	36.41827232240609
test1017	doc63119	36.16245866878219
test1017	doc84796	35.86982236091851
test1017	doc1890619	35.772984223544256
test1017	doc1159279	35.722235955004386
test1018	doc2014701	20.440984890462286
test1018	doc1806150	19.468932206562027
test1018	doc2279111	17.76573371007729
test1018	doc634131	17.013291777597708
test1018	doc1271798	16.808848910351454
test1018	doc670265	16.382139962316458
test1018	doc1822406	16.29886842922989
test1018	doc730620	15.912179563363587
test1018	doc239597	15.836454220494542
test1018	doc2279091	15.689734061887034
test1019	doc588516	25.34119066195274
test1019	doc1732221	25.34119066195274
test1019	doc1253303	24.99325131865659
test1019	doc721283	24.968052527700305
test1019	doc1494304	24.951043286922577
test1019	doc701066	24.893062044078313
test1019	doc2624090	24.825893823296873
test1019	doc2036967	24.54603512280495
test1019	doc1472615	24.460476461935347
test1019	doc698687	24.419815223199958
test102	doc846326	29.482869051652234
test102	doc2669856	28.906551179989854
test102	doc1448557	28.440158229615875
test102	doc367291	28.32887754488407
test102	doc3300	27.54125938724699
test102	doc483458	27.32755650290508
test102	doc233955	27.27144732176968
test102	doc1234836	27.150672023438275
test102	doc262141	26.98994653565511
test102	doc938224	26.935594128451648
test1020	doc395748	36.00638543689091
test1020	doc2523272	34.818192041323826
test1020	doc2358311	31.65796776910833
test1020	doc1124752	31.636056728387274
test1020	doc2542259	31.46033146034804
test1020	doc837884	31.055312585520376
test1020	doc278715	30.800112901429394
test1020	doc2068151	30.717239608279055
test1020	doc529686	30.25717924888483
test1020	doc2126427	29.866169320837706
test1021	doc1775660	34.74059381627251
test1021	doc35973	33.28296058658541
test1021	doc1775672	31.58488437085027
test1021	doc35988	30.734907124350723
test1021	doc1775640	30.7176328937174
test1021	doc1614863	30.30567746060898
test1021	doc2294801	30.29596976508829
test1021	doc1775654	30.163980228008118
test1021	doc1775673	29.877946289527756
test1021	doc1775670	29.48598193952879
test1022	doc1566165	31.568720425711575
test1022	doc1192727	29.942927530897876
test1022	doc1185366	29.564910851107328
test1022	doc2619566	29.4608494601488
test1022	doc965495	28.523479661124686
test1022	doc1223625	28.39615357886143
test1022	doc1164923	28.12525663988864
test1022	doc2506860	27.81173148925681
test1022	doc996800	27.790090241384636
test1022	doc1933819	27.745522490376107
test1023	doc2514957	25.245298883186294
test1023	doc137542	23.156591328479372
test1023	doc1079038	22.969169147653105
test1023	doc1894883	21.851997322006692
test1023	doc653589	21.692734062027252
test1023	doc2115519	21.230988092418578
test1023	doc2204645	21.11211492977974
test1023	doc2459786	21.11211492977974
test1023	doc1960708	21.09599385688146
test1023	doc1828110	21.004441945805148
test1024	doc36068	37.83420309771404
test1024	doc58101	31.755802216632645
test1024	doc36064	30.213734264541728
test1024	doc36089	30.120759318175836
test1024	doc36069	29.17706094933981
test1024	doc996674	28.933110055409834
test1024	doc36087	28.675243186783263
test1024	doc36066	28.66694962863899
test1024	doc2022682	28.62073443277644
test1024	doc36082	28.066510001393713
test1025	doc1543491	45.36432404734516
test1025	doc2241666	44.1370710566315
test1025	doc2350697	43.79577678144286
test1025	doc1110755	43.720938803104104
test1025	doc439298	43.61471223617454
test1025	doc490875	43.150527258440086
test1025	doc726928	42.717100437568305
test1025	doc434389	42.35517929439509
test1025	doc490892	42.30538334570147
test1025	doc1145830	42.033283303531704
test1026	doc36135	70.6713703571325
test1026	doc1379178	65.01350139868161
test1026	doc36133	63.39917175944491
test1026	doc1615480	55.71088731807798
test1026	doc109018	55.52563852782491
test1026	doc1999362	55.01861551759197
test1026	doc1999366	52.278745925529776
test1026	doc1050488	51.90809634381996
test1026	doc1999374	48.871525609384065
test1026	doc267376	47.316142125788005
test1027	doc750743	27.912563725004937
test1027	doc1296239	26.68362232061267
test1027	doc1878677	26.137373677622584
test1027	doc451340	26.12025739330319
test1027	doc1425786	25.85322314302566
test1027	doc1568830	25.444556512402073
test1027	doc4070	25.379565325549642
test1027	doc4064	24.372838907253318
test1027	doc658590	23.927752618244668
test1027	doc1644734	23.886337382652492
test1028	doc2007783	56.76286715581637
test1028	doc2576556	51.72720685239602
test1028	doc2514792	50.66664208540383
test1028	doc1096343	49.83750924304985
test1028	doc1169356	48.22705627976328
test1028	doc1912077	48.105171705443304
test1028	doc2478296	46.47296921451563
test1028	doc652052	46.21217666539795
test1028	doc170028	45.51196053438031
test1028	doc776476	45.425895408830485
test1029	doc1923949	24.603123813665785
test1029	doc1504310	23.38078741956167
test1029	doc2515809	23.367154144626276
test1029	doc2587194	22.640531003832596
test1029	doc1254336	22.615000328642957
test1029	doc431882	22.347699209949848
test1029	doc1981070	22.22975881701954
test1029	doc1818785	22.22663341520741
test1029	doc2472051	22.06020441377295
test1029	doc1867626	22.041406437052807
test103	doc920195	28.81911591127027
test103	doc168604	28.775289968792293
test103	doc2658928	28.10124955820475
test103	doc2175320	27.89063101122946
test103	doc361930	27.34116918987141
test103	doc1612554	27.248549132864376
test103	doc1080096	27.198161495833496
test103	doc2654567	27.142371231938803
test103	doc189293	27.048182178823527
test103	doc1445010	26.910286672435184
test1030	doc9648	31.886519346750305
test1030	doc938905	31.58775962108999
test1030	doc603159	31.02960482566578
test1030	doc911901	30.65906081757895
test1030	doc2395584	29.733398528050003
test1030	doc1298733	29.280919314353376
test1030	doc1260315	28.51179073277529
test1030	doc1360358	28.132841974675053
test1030	doc1010476	27.985568193834936
test1030	doc1818760	27.47452864237067
test1031	doc1659271	20.744641228858647
test1031	doc3916	19.477910448865185
test1031	doc384738	19.143774977143707
test1031	doc1967829	18.56907557734265
test1031	doc500447	17.811636929291673
test1031	doc1872826	17.48791165356296
test1031	doc1529061	17.379871530035793
test1031	doc540942	16.99226915121779
test1031	doc64291	16.83623685393486
test1031	doc2618368	16.81407519286527
test1032	doc844830	27.455509987676166
test1032	doc1559593	24.970233620426335
test1032	doc1680205	23.828693054499073
test1032	doc513047	23.300489311316333
test1032	doc540545	23.247820535078286
test1032	doc1266371	23.246799790056237
test1032	doc1460270	23.231209046632763
test1032	doc946813	23.193229137753907
test1032	doc1381389	23.01619251703767
test1032	doc1871404	22.85858869345134
test1033	doc2539671	36.74126909744536
test1033	doc1553941	31.69551422120169
test1033	doc2381034	31.420113865466316
test1033	doc1254804	29.90941084703345
test1033	doc1634020	29.586117162113354
test1033	doc2008162	29.478023839332575
test1033	doc1887368	29.273197211289833
test1033	doc2560110	29.27195381329159
test1033	doc1603037	29.146560511437286
test1033	doc243294	29.023569034570446
test1034	doc1209518	32.52536899456875
test1034	doc1966615	31.219727016570065
test1034	doc345570	30.819176288422145
test1034	doc1697791	30.81462413200339
test1034	doc2358192	30.519777618843214
test1034	doc314413	30.146187880120138
test1034	doc2158101	30.009783143262574
test1034	doc988249	29.879027844363275
test1034	doc2177581	29.717938127905377
test1034	doc1431233	29.693839235450938
test1035	doc36338	35.67516868338115
test1035	doc2680375	30.63145074986873
test1035	doc359902	29.983080641857377
test1035	doc1619684	29.70296810592763
test1035	doc1084285	29.620034973067025
test1035	doc473526	28.823576028066647
test1035	doc124931	28.350571345742846
test1035	doc414287	27.726984176786274
test1035	doc1811760	27.130361445076133
test1035	doc1616984	26.88426203416465
test1036	doc575624	25.020870862320287
test1036	doc311854	24.385729499859984
test1036	doc2070492	23.720518239189317
test1036	doc1137975	23.705031031519596
test1036	doc1755662	23.687591470570137
test1036	doc1685697	23.114558704105796
test1036	doc1609433	23.089097134212693
test1036	doc1082490	22.99747237350353
test1036	doc1596366	22.746986126677925
test1036	doc611368	22.743768501394
test1037	doc642255	41.46080382082419
test1037	doc642258	39.696314197868205
test1037	doc1902616	37.97733873897293
test1037	doc2203119	36.48641817119451
test1037	doc103700	36.24905855045913
test1037	doc642249	36.0741183328133
test1037	doc1914606	35.95621819444505
test1037	doc1914598	35.79222552151384
test1037	doc223680	35.67871044729084
test1037	doc2413795	35.60739098596384
test1038	doc440471	22.435912026704408
test1038	doc465206	21.20367940611456
test1038	doc2493086	20.696392277917766
test1038	doc750369	20.20632736167475
test1038	doc1050321	19.90002640496538
test1038	doc441452	19.84920418629722
test1038	doc2250124	19.77803648385783
test1038	doc2253513	19.704425662818903
test1038	doc603709	19.584513685904117
test1038	doc2636179	19.320719002047618
test1039	doc1378093	27.016263676003607
test1039	doc183360	25.73643820410117
test1039	doc1543782	25.459556085669274
test1039	doc940419	25.000902006757748
test1039	doc1969038	24.939529567828263
test1039	doc807762	24.84880736814437
test1039	doc2478696	24.64934629468683
test1039	doc2023841	24.49120437954913
test1039	doc1364066	24.223317073289206
test1039	doc2610773	23.80436311173482
test104	doc1200974	28.136505375528873
test104	doc1912615	26.67049254997766
test104	doc302943	25.01601847724329
test104	doc1200971	24.88245005863507
test104	doc619430	24.616319943031606
test104	doc302949	24.524792725732105
test104	doc2426716	24.177893915095247
test104	doc2467573	23.974638106456734
test104	doc1811976	23.643581749840703
test104	doc1201042	23.50081865775636
test1040	doc212181	38.165701308712926
test1040	doc719940	37.33997901759885
test1040	doc1031775	37.11821374921243
test1040	doc719941	36.034338810233685
test1040	doc36448	35.139931758827466
test1040	doc2497929	31.33513386954078
test1040	doc36451	31.00048757127452
test1040	doc868609	29.9630133916082
test1040	doc2130484	29.915994548408296
test1040	doc2110838	29.862946764049152
test1041	doc2396136	43.91490632064608
test1041	doc36506	43.78538493441656
test1041	doc2396124	43.44835251506796
test1041	doc36462	41.69827914386683
test1041	doc36463	41.08128692908117
test1041	doc36495	40.32054286074128
test1041	doc36461	40.13789956885779
test1041	doc2396133	39.43137980360609
test1041	doc1879807	39.323504513232784
test1041	doc2595732	39.27478917066871
test1042	doc1910199	32.549203351638795
test1042	doc1583268	32.438317187596944
test1042	doc145258	32.265874297091905
test1042	doc167028	31.26589269461213
test1042	doc2593453	30.63621090494211
test1042	doc766363	29.72495076382418
test1042	doc4835	29.610890965270343
test1042	doc1187450	29.207698616962436
test1042	doc1898029	29.19247738575219
test1042	doc740444	28.962271533586325
test1043	doc46844	58.31016450860777
test1043	doc2457714	56.530423988028986
test1043	doc36564	55.861331290175535
test1043	doc1045687	55.67204341806284
test1043	doc1370851	55.36353492515743
test1043	doc36543	53.967683548359076
test1043	doc7780	53.25476647093661
test1043	doc36555	52.6936254788004
test1043	doc36550	52.45631392994892
test1043	doc36565	52.047341334830165
test1044	doc489892	31.968133674367056
test1044	doc2576825	29.502197987746506
test1044	doc936845	28.8839171335431
test1044	doc1434521	28.69947471987431
test1044	doc241388	27.292402578544504
test1044	doc761502	25.729398748528823
test1044	doc761509	25.02282537571781
test1044	doc999023	24.35616676232543
test1044	doc1253653	24.28054457763983
test1044	doc999020	23.948349564320402
test1045	doc1977735	24.012620144839193
test1045	doc1022785	21.632908124904844
test1045	doc554241	21.11620068390829
test1045	doc2183617	21.086150114884262
test1045	doc2473077	20.966459349732503
test1045	doc426239	20.620547779682397
test1045	doc213272	20.53794412769504
test1045	doc541726	20.21674334470326
test1045	doc13620	20.141109845539503
test1045	doc482421	20.128689268445633
test1046	doc2240830	27.678212499252282
test1046	doc696223	26.070930180007522
test1046	doc258590	24.704239811339853
test1046	doc1723857	23.766822739934472
test1046	doc2236707	23.726803647644935
test1046	doc2267513	23.325642123334625
test1046	doc1841142	22.907686773849573
test1046	doc2417515	22.64083366646819
test1046	doc1031839	22.54443010514136
test1046	doc2051913	22.509995628879977
test1047	doc2532203	39.85022042254492
test1047	doc773192	36.035561943616976
test1047	doc2228953	35.8943680850799
test1047	doc336249	35.74314667829724
test1047	doc296655	35.536978086924236
test1047	doc1372117	35.50687645778984
test1047	doc2170807	35.34158611424399
test1047	doc385051	35.2406404382311
test1047	doc924684	35.06890357953203
test1047	doc2218385	34.93950066108159
test1048	doc2219086	50.31018833471787
test1048	doc2659004	48.40369437173603
test1048	doc36655	47.93334386846135
test1048	doc2043071	46.24008579799787
test1048	doc1922233	44.90073944249658
test1048	doc2392947	44.271047100508675
test1048	doc45038	43.23595697921555
test1048	doc2326336	43.227458727417584
test1048	doc2237396	43.16180471840482
test1048	doc2030298	43.16161244641593
test1049	doc772087	28.045969852884276
test1049	doc1276189	27.83431133608914
test1049	doc196578	26.25646753292933
test1049	doc1384043	24.71053340939875
test1049	doc107770	24.577218672710103
test1049	doc140015	24.509579039143553
test1049	doc2262010	24.371265681757844
test1049	doc410467	24.246306144487605
test1049	doc625776	24.1041217988461
test1049	doc2487387	24.090438017175988
test105	doc2208701	26.735928644751414
test105	doc2208704	25.921129879169378
test105	doc2641677	25.544108426700163
test105	doc1487797	25.497210390758063
test105	doc953439	25.282717043757973
test105	doc1060810	25.178477397297808
test105	doc2358298	24.21361486952835
test105	doc635445	24.007613319853892
test105	doc1756137	23.618728329139817
test105	doc1764608	23.523048642965424
test1050	doc2324802	51.67334272462931
test1050	doc36706	51.519357218322874
test1050	doc154403	50.327923027268845
test1050	doc2023876	49.489998217285034
test1050	doc1989171	48.34104596818358
test1050	doc655450	48.26604579121613
test1050	doc1016658	48.20524415180121
test1050	doc1084213	47.865171735536165
test1050	doc380429	47.51142110237505
test1050	doc1549668	47.04600297962689
test1051	doc1113012	34.84595484705387
test1051	doc2593456	34.10347601891435
test1051	doc743414	33.38925945367771
test1051	doc2592600	32.78268299202844
test1051	doc120285	32.69408172983877
test1051	doc1706567	32.21552638653005
test1051	doc2040997	31.96565479758148
test1051	doc1195497	31.798746759555115
test1051	doc1266088	31.56140118431295
test1051	doc2547740	31.400720633311725
test1052	doc2187703	32.624597168589055
test1052	doc381296	32.015952200964634
test1052	doc853614	31.902921814485747
test1052	doc990391	30.644364817704474
test1052	doc859674	29.30231305030767
test1052	doc1574784	29.171921337378276
test1052	doc1871676	29.00333663173092
test1052	doc118343	28.942706031322572
test1052	doc2346250	28.782937452775823
test1052	doc1680585	28.75692185372953
test1053	doc18290	26.853840184703177
test1053	doc887535	20.825394760154452
test1053	doc36784	19.586369932788966
test1053	doc805141	18.165616432716174
test1053	doc718785	17.950181166353374
test1053	doc2049463	17.755171211691227
test1053	doc1420252	17.585892352500696
test1053	doc494040	17.56917505667144
test1053	doc36780	17.18440622553089
test1053	doc2049468	17.023546767260378
test1054	doc1297781	32.45330085579942
test1054	doc1297788	32.39812007932768
test1054	doc2173857	32.09494557991822
test1054	doc2453079	31.085117822917777
test1054	doc1962	30.8995713822448
test1054	doc1297798	30.339976897077644
test1054	doc1297817	29.165812187223484
test1054	doc1221808	28.93485877958731
test1054	doc1212639	28.73797170119871
test1054	doc1297792	28.58320626253007
test1055	doc869152	37.634760676210675
test1055	doc683930	36.93678744121486
test1055	doc142621	36.44780776506082
test1055	doc820225	36.2704783241235
test1055	doc2107825	36.258538220139826
test1055	doc1436031	36.230134244381794
test1055	doc1988952	36.17079808713876
test1055	doc809301	36.101686215046264
test1055	doc1798323	35.87289142598792
test1055	doc1313917	35.840601757972166
test1056	doc117170	37.944502282777094
test1056	doc123580	36.7213275495356
test1056	doc2333623	35.644184074341474
test1056	doc1294640	34.86268268621909
test1056	doc1789310	34.4454009946198
test1056	doc2244602	34.28220769913295
test1056	doc2503256	34.10674988720455
test1056	doc384481	33.7349520685048
test1056	doc715373	33.697983385379416
test1056	doc45576	33.57011972473484
test1057	doc1639447	35.280194182550176
test1057	doc1192947	34.265562964704124
test1057	doc2610334	33.18202683944169
test1057	doc918094	33.128456153867695
test1057	doc2301971	32.5137571183579
test1057	doc2426477	31.690264287675216
test1057	doc1462363	31.660398408099375
test1057	doc1791112	31.523724642615164
test1057	doc2251893	31.481993562043513
test1057	doc1731804	31.249093095052288
test1058	doc1442417	34.33104668665423
test1058	doc2454170	32.31656569066381
test1058	doc1099463	32.10491423852649
test1058	doc2532429	32.02777853111788
test1058	doc424478	31.905163369922505
test1058	doc223541	31.82309061176604
test1058	doc519098	31.7160220116644
test1058	doc2562069	31.201539746417488
test1058	doc1448239	31.158982064166814
test1058	doc125472	31.07844416451657
test1059	doc485666	35.651149529997674
test1059	doc1162411	35.56822805385703
test1059	doc1877365	34.06036393345985
test1059	doc1675708	33.486433178859954
test1059	doc461683	33.33051692701053
test1059	doc177515	33.23284561021222
test1059	doc1790020	32.97466030928699
test1059	doc1790021	32.93200330333464
test1059	doc860501	32.58948724087818
test1059	doc2455706	32.27507993022444
test106	doc887944	49.98597674531362
test106	doc2262845	48.78076711639439
test106	doc887945	47.60504645547765
test106	doc1726016	46.18227349171634
test106	doc1286323	45.96870318945127
test106	doc505309	44.8424454689312
test106	doc481378	44.77472351126879
test106	doc2434465	44.574263677003565
test106	doc2517080	43.332783957906365
test106	doc633570	43.18866595984106
test1060	doc36957	98.5476332131392
test1060	doc84057	82.82933292245721
test1060	doc624061	77.63894035032344
test1060	doc36955	71.41830388729178
test1060	doc36965	69.94456405758943
test1060	doc2070175	68.50702496490216
test1060	doc36966	66.38549627957576
test1060	doc84064	65.84293969728449
test1060	doc1053481	63.56641601796143
test1060	doc861959	63.422889074948046
test1061	doc545515	32.94894231540207
test1061	doc333312	32.553162798367374
test1061	doc243665	32.11221283961985
test1061	doc217109	32.03844880024707
test1061	doc2548940	31.74254622765605
test1061	doc78085	31.66263012682373
test1061	doc545582	31.54095361977966
test1061	doc36973	31.377492694420475
test1061	doc2049368	31.087571737685458
test1061	doc828986	30.63704130904101
test1062	doc296976	24.39566912557753
test1062	doc738379	24.210244235678015
test1062	doc14127	24.050505388428228
test1062	doc740574	23.84842056086411
test1062	doc2243659	23.660966550490244
test1062	doc142463	23.20965047338833
test1062	doc2282827	23.180962460762117
test1062	doc574072	22.977587923318925
test1062	doc2641632	22.744467764476095
test1062	doc1250269	22.488235148606005
test1063	doc2065050	47.67973206858566
test1063	doc2211847	36.3246704835103
test1063	doc2514954	35.71047595406672
test1063	doc1223689	35.13453664759766
test1063	doc330445	34.39571234398586
test1063	doc930685	34.34746339697627
test1063	doc669892	34.29076514182334
test1063	doc1358008	34.119520231286344
test1063	doc720366	33.76222960100069
test1063	doc930618	33.716816160560185
test1064	doc1431975	56.339473115872764
test1064	doc2479671	28.055908889649345
test1064	doc86406	27.98080093678297
test1064	doc353468	27.76488646347258
test1064	doc97650	27.680786281157125
test1064	doc589040	27.43196542620148
test1064	doc1587610	26.94389504024138
test1064	doc1317218	26.91116374118097
test1064	doc86414	26.86995014732687
test1064	doc1640131	26.784765435090968
test1065	doc164541	44.91028025710263
test1065	doc1578742	42.290254900421246
test1065	doc953973	41.89180949861617
test1065	doc234716	41.409515376830626
test1065	doc1247317	41.37184896778582
test1065	doc2454643	41.09399046891726
test1065	doc954009	40.64112652151891
test1065	doc1624901	40.574438088270746
test1065	doc953920	40.53341727637593
test1065	doc2454641	40.44890067702915
test1066	doc37162	45.508931748893914
test1066	doc2182836	41.24123158310802
test1066	doc2182848	36.767423008140135
test1066	doc2182834	36.4295988405203
test1066	doc2182838	36.07369825727301
test1066	doc2111568	33.60437577662218
test1066	doc2217804	33.59673814775145
test1066	doc512790	33.332581606702675
test1066	doc737424	31.908342273702
test1066	doc993514	31.905198726393394
test1067	doc1450113	31.463112296431767
test1067	doc2228978	31.341531754591443
test1067	doc2474517	30.665347973445506
test1067	doc1723565	29.38404367904667
test1067	doc1171376	29.082076865938962
test1067	doc2125524	29.046876069674504
test1067	doc2278584	28.871834734436653
test1067	doc952297	28.849509393843494
test1067	doc808933	28.6248432630192
test1067	doc1575043	28.373516534452932
test1068	doc1001225	38.71865014137085
test1068	doc825458	38.64109308477864
test1068	doc1001264	38.57610105550064
test1068	doc862036	37.90539339063235
test1068	doc2393308	37.40762554080639
test1068	doc1431975	37.10146721696536
test1068	doc1555792	37.09120792310208
test1068	doc2416414	36.54570704362749
test1068	doc2155715	36.39435790536156
test1068	doc193489	36.23786744741142
test1069	doc1088324	48.49876117761479
test1069	doc927603	43.608081254905315
test1069	doc983383	42.95291483138016
test1069	doc742977	42.38376306287822
test1069	doc728031	42.32861994887995
test1069	doc1088330	42.17538560647732
test1069	doc1088336	42.17538560647732
test1069	doc2451409	42.17538560647732
test1069	doc2564753	41.774166216378404
test1069	doc291972	41.74799781977821
test107	doc1957460	28.16934203679468
test107	doc1566126	27.367865062823167
test107	doc2530387	27.05205698843467
test107	doc1730359	26.93760699662773
test107	doc239213	26.89472368488554
test107	doc1819427	26.767025948025726
test107	doc872290	26.698343582187228
test107	doc1991145	26.651524455242193
test107	doc350371	26.5434112986737
test107	doc1881565	26.526664245130345
test1070	doc731026	33.27177150381555
test1070	doc1455256	32.88644166973934
test1070	doc2500551	30.520678473482384
test1070	doc2601010	30.182910986449563
test1070	doc643235	30.050288527721584
test1070	doc1013494	29.091541332196364
test1070	doc509995	29.053764766439848
test1070	doc1229485	28.905835540078595
test1070	doc1677270	28.64783349954463
test1070	doc1724821	28.51106591235037
test1071	doc37267	33.82525740039774
test1071	doc37265	31.553495190512486
test1071	doc2391166	31.161981999740476
test1071	doc37269	29.840358444803798
test1071	doc37287	29.543975526396395
test1071	doc37286	29.31191833910753
test1071	doc52118	28.998876992536445
test1071	doc37275	28.968528220569887
test1071	doc37268	27.808973841882217
test1071	doc37281	27.686200411692603
test1072	doc1728098	39.93907095505976
test1072	doc1288134	38.2286360378927
test1072	doc2659649	35.759243431451075
test1072	doc394436	34.26179595372413
test1072	doc2202823	33.985446511254665
test1072	doc974655	33.70032958889844
test1072	doc2505713	33.59063338799285
test1072	doc346663	32.87466867090951
test1072	doc1132065	32.39756314169435
test1072	doc1308119	32.267713904513606
test1073	doc1432363	40.76113308020359
test1073	doc831673	40.62062501157092
test1073	doc1149193	39.78900731175118
test1073	doc682948	39.64284297092836
test1073	doc519187	39.24824336767534
test1073	doc23515	39.22760172770028
test1073	doc1816801	39.18984898980612
test1073	doc2605766	39.08655033997556
test1073	doc208276	38.8114221621628
test1073	doc612029	38.722235742926244
test1074	doc1519779	34.69336431258696
test1074	doc37319	30.87210151271808
test1074	doc1263901	27.441123989556864
test1074	doc232532	27.4286895942571
test1074	doc2281762	27.32237216943646
test1074	doc1956001	27.18055525445137
test1074	doc1489080	26.672311972172707
test1074	doc832141	26.632673737033027
test1074	doc1919687	26.581549748199937
test1074	doc1630023	26.521164607650732
test1075	doc1975878	37.53806037831785
test1075	doc2165213	36.438621307535165
test1075	doc1588989	35.07523879046298
test1075	doc1549540	34.07913240645542
test1075	doc2165200	33.4315929730684
test1075	doc134647	33.16396990707746
test1075	doc279841	31.49660082970939
test1075	doc1628914	30.626500433921713
test1075	doc134652	30.4689605925563
test1075	doc2183326	29.695890624128015
test1076	doc2019878	29.14325322340514
test1076	doc2404458	29.138150197693214
test1076	doc406595	28.780113914484716
test1076	doc1161228	27.81032255850501
test1076	doc501330	26.98485155299298
test1076	doc501331	26.67783951176343
test1076	doc870219	26.592642059662722
test1076	doc2247432	26.557490583489162
test1076	doc2049685	26.350495690116386
test1076	doc1026020	26.327367218348826
test1077	doc1566706	25.709171299198328
test1077	doc1028595	25.382665735740886
test1077	doc1771445	23.62503392593897
test1077	doc1572198	23.442239182320623
test1077	doc2422378	23.097785572460506
test1077	doc1566712	23.0615138607254
test1077	doc827418	22.55172777346451
test1077	doc1369840	22.55172777346451
test1077	doc1566724	22.536168836699584
test1077	doc1598813	22.218843673127285
test1078	doc37445	39.903170102273855
test1078	doc37449	36.81153938602426
test1078	doc37446	35.23245307671491
test1078	doc37441	34.265806686627165
test1078	doc1459665	32.38129632537681
test1078	doc734391	28.35846526040551
test1078	doc122899	27.160391926867657
test1078	doc2287	26.740160607074095
test1078	doc77246	26.32414075211549
test1078	doc1051425	26.22328657984403
test1079	doc1832816	24.056874774108934
test1079	doc1666211	23.236626209559283
test1079	doc2515031	23.034496122701164
test1079	doc1388483	22.9959733323677
test1079	doc1730511	22.807871375420564
test1079	doc1920860	22.740964750050853
test1079	doc1817786	22.37644467592319
test1079	doc1800257	21.973450570421
test1079	doc479262	21.940564329621832
test1079	doc1082900	21.83946742465185
test108	doc1962980	32.370776937256174
test108	doc2308171	29.965313731893733
test108	doc2604508	28.95698688261376
test108	doc2233748	28.668996347257437
test108	doc2269329	27.696334853833832
test108	doc1734541	27.40056104852721
test108	doc728650	27.330832682842527
test108	doc326471	27.280164353143245
test108	doc1736678	27.131013573727195
test108	doc2634860	27.01042211589306
test1080	doc2009050	44.769555010293196
test1080	doc37674	43.382400158280845
test1080	doc37781	41.70612887186157
test1080	doc37675	40.82364222082527
test1080	doc1473396	38.79283367342881
test1080	doc606011	38.727046136282354
test1080	doc572928	37.100374872120085
test1080	doc37785	36.765560396226405
test1080	doc1403698	36.225746320387444
test1080	doc1009393	35.94291295194423
test1081	doc86238	48.32664931084222
test1081	doc2369267	46.33103011648313
test1081	doc47975	45.971615284702715
test1081	doc420884	45.790297984763
test1081	doc195880	45.08975255100365
test1081	doc881019	43.736770569522356
test1081	doc417054	43.43940031614473
test1081	doc144683	43.25046247888626
test1081	doc323368	43.25046247888626
test1081	doc348785	43.06392354610608
test1082	doc1836676	32.19862721654253
test1082	doc2478067	32.04442721401094
test1082	doc37757	31.749018736228365
test1082	doc1431856	31.73440132968556
test1082	doc408206	31.242552593393285
test1082	doc288149	30.373032717815285
test1082	doc165093	29.958326435150745
test1082	doc1402953	29.33559594029296
test1082	doc870287	29.24482633590462
test1082	doc2226155	28.581744001296556
test1083	doc1157440	51.37689483588876
test1083	doc808887	49.915612866918565
test1083	doc37674	49.80006771514977
test1083	doc2063129	49.4205747978349
test1083	doc2283558	48.53763368663607
test1083	doc744949	46.69699318028449
test1083	doc1282685	45.691619624441245
test1083	doc2269089	45.18049714268458
test1083	doc572928	44.910077736989635
test1083	doc1334840	44.882602755445944
test1084	doc1061797	20.58687553851014
test1084	doc2220972	19.66005306664069
test1084	doc1626104	19.11969475818119
test1084	doc1903794	16.966272265686456
test1084	doc3011	16.62047547329766
test1084	doc814494	16.204189671457595
test1084	doc736298	15.445750784625687
test1084	doc2083630	15.402275805933396
test1084	doc1664253	14.959865996130532
test1084	doc1627352	14.823076019834954
test1085	doc1345391	32.322981844933935
test1085	doc1863247	31.929918738686542
test1085	doc2257587	31.124793179337136
test1085	doc798223	31.06108192382483
test1085	doc1392209	30.982644634038497
test1085	doc1707247	30.82387560055787
test1085	doc2538466	30.633774878651874
test1085	doc728200	30.623517503794133
test1085	doc1338761	30.52768176420826
test1085	doc1302732	30.37219520040084
test1086	doc548227	28.09426576576317
test1086	doc1323727	27.24029624051663
test1086	doc548226	26.617135601530578
test1086	doc548230	26.596679784792887
test1086	doc548233	24.997967198438296
test1086	doc548229	24.623083818764645
test1086	doc1123522	24.301348374754973
test1086	doc548216	23.728320994105594
test1086	doc1237736	23.699686828918647
test1086	doc1512910	23.56111530149397
test1087	doc2556213	38.173047491620785
test1087	doc643436	36.947117858369346
test1087	doc2217034	36.84757777097861
test1087	doc738438	36.16933339710623
test1087	doc2397016	35.90548816047509
test1087	doc911022	35.669144427087026
test1087	doc2580343	35.3947907490473
test1087	doc2328907	35.38330096225088
test1087	doc1139143	35.24413626963924
test1087	doc911019	35.13483855237217
